id,lat,lon,amenity,name
104770283,21.0390983,105.8480778,food_court,Cửa Hàng Bò Nầm Nướng
310727632,21.0473212,105.8376261,restaurant,Cửa Hàng Bánh Tôm Hồ Tây
422416741,21.0273274,105.8220368,cafe,Cà Phê Cây Bàng Đổ
423736651,21.0378611,105.8010007,cafe,Cà Phê Kafa
442030353,21.0222319,105.84695,restaurant,Nhà Hàng Chay Phương Nam
442030367,21.0217552,105.8563856,restaurant,Nhà hàng Nam Phương
442030389,21.0169539,105.852831,restaurant,Nha Hang Little Italian
442031761,21.0265868,105.8430053,restaurant,Nha Hang Indochine
442910045,21.0098613,105.8476486,cafe,Cà Phê Big One
442913494,21.0109485,105.8114367,fast_food,KFC
442977691,21.0113724,105.8495887,cafe,Highlands Coffee
442994566,21.028523,105.8061561,restaurant,Sushi Tiger
443000681,21.0741493,105.8154687,restaurant,Sen Tây Hồ
443036957,21.0708271,105.7770678,restaurant,
443064263,21.0464374,105.8021546,atm,Techcombank
444227294,21.0063661,105.830526,bank,Vietcombank
444394786,20.9941091,105.807356,atm,VietinBank
444394810,20.9900829,105.8016021,atm,Vikki Bank
444394820,20.9887508,105.7996906,atm,BIDV
444394841,20.9864978,105.7964343,atm,Agribank
444394867,20.9845288,105.793656,atm,VietinBank
444394873,20.9835021,105.7922468,post_office,Bưu Cục Văn Mỗ
444394897,20.979422,105.7871365,atm,VIB Bank ATM
444394919,20.9801399,105.7874526,atm,Techcombank
444394942,20.9801484,105.7874684,atm,Vikki Bank
444394943,20.9801305,105.7874387,atm,VP Bank
444394958,20.9832853,105.7913258,atm,VCB ATM
444394975,20.9881912,105.7960202,atm,VietinBank
444394977,20.9882745,105.7960419,atm,BIDV
444395007,20.995008,105.8077942,atm,Vietcombank
444395022,20.9996974,105.8149084,atm,Agribank
444668652,21.0316531,105.8364907,bank,Vietcombank
445275063,21.0250649,105.8191412,atm,
446031971,21.0127621,105.8204372,atm,Vikki Bank
446031972,21.0096287,105.8239402,atm,"VCB,BIDV,ANZ,HSBC"
446031981,21.0006519,105.8001376,atm,
446031983,21.0073113,105.8032262,atm,
446032202,21.0062523,105.8038978,atm,VIB
446043000,21.0297549,105.8277638,restaurant,Trà Xuân Tửu
446043425,21.0288674,105.8431006,restaurant,Cây Si
446043806,20.7186703,105.323772,post_office,bđ Cao Phong
446043809,21.033519,105.906583,atm,BIDV
446043903,21.0380789,105.8088251,atm,MB Bank
446044132,21.0136495,105.8343429,bank,LPBank
446044135,21.021849,105.831529,atm,VPBank
446044219,21.0089415,105.8590216,bank,VietinBank
446044221,21.0094001,105.8564567,bank,Vietcombank
446044222,21.0083549,105.8567708,restaurant,Nhà hàng Thành Lộc
446044272,21.002921,105.858905,atm,Vikki Bank
448841326,21.0035224,105.8211221,atm,vietcombank
481836322,21.031152,105.91167,atm,ATM Agribank
481836325,20.9594069,105.9972588,atm,ATM AGRIBANK
481836327,21.0218425,105.9366896,atm,ATM Agribank
481836335,20.974603,105.989666,atm,ATM Đông Á
481836341,21.043141,105.8231994,atm,VCB
481836344,21.0414584,105.8263777,atm,
481836347,20.99482,105.972633,atm,ATM VCB
481837528,21.041759,105.8702416,cafe,Cà Phê Hao
481837568,21.0470606,105.8781666,fast_food,KFC
481837601,21.0367665,105.8531401,bank,Techcombank
610739817,21.0251257,105.8435142,bank,HSBC
610739825,21.0249455,105.8436537,bank,
668996204,21.3072291,105.4054464,post_office,
721788305,21.0321895,105.850937,restaurant,Nhà Hàng Little Hanoi
721788307,21.0346545,105.853359,restaurant,Nhà Hàng New Day
721836715,21.0262605,105.8433041,restaurant,Quán Ăn Ngon - Phan Bội Châu
721836727,21.033942,105.8546062,restaurant,Xoi Van Anh
721836730,21.0340721,105.8535859,cafe,Cà Phê Nola
721840189,21.0335956,105.8538909,cafe,
721906714,21.0202197,105.8543053,restaurant,Sushi Hokkaido Sachi
721906718,21.0286735,105.857296,restaurant,Nhà Hàng Khazaana Indian
721906721,21.0335791,105.8537345,restaurant,Tandoor Indian Cuisine
723642233,21.0348473,105.8515895,restaurant,The King Cafe
723642240,21.0357539,105.8515631,restaurant,Nhà Hàng Ladybird
723642244,21.0348198,105.8525664,restaurant,Nhà Hàng Gecko
723642373,21.0341589,105.8533099,restaurant,Tamarind Cafe
723671517,21.0298564,105.8409205,restaurant,Nhà Hàng Âu Lạc Brazil II
723671523,21.0288946,105.8498777,restaurant,Nhà Hàng Mediterraneo
723671525,21.025414,105.8451399,restaurant,Nhà Hàng Classico
723684563,21.0265884,105.8432573,restaurant,Nhà Hàng La Badiane
723684568,21.0212237,105.8474967,restaurant,Nhà Hàng Hoa Sữa
723795403,21.0350466,105.8530045,restaurant,Nhà Hàng Half Man Half Noodle
724828972,21.0029769,105.86775,atm,
724828973,21.0160973,105.8544087,atm,
724828974,21.0060317,105.82241,atm,
724828975,21.0296331,105.8461126,atm,
724828977,21.0053272,105.8513504,atm,
724828978,21.0197483,105.8445636,atm,
724828979,21.0308101,105.8495365,atm,
724828980,21.0189666,105.8103454,atm,
724828981,21.0128455,105.8086549,atm,
724828983,21.0296722,105.8553636,atm,
724828986,21.0696837,105.8118903,atm,
724828987,21.0249354,105.8417487,atm,
724828988,21.0148203,105.8518445,atm,
724828989,21.0266679,105.8447152,atm,
724828991,21.0366419,105.8485599,atm,
724828992,21.0130379,105.820126,atm,
724828995,21.0451634,105.8427036,atm,
724828996,21.027173,105.8512679,atm,
724828999,21.031509,105.8234133,atm,Vietcombank
724829001,21.0028717,105.8603954,atm,
724829003,21.0223429,105.8578593,atm,
724829006,21.0264926,105.8455467,atm,
724829008,21.0144598,105.8580029,atm,
724829009,21.0241061,105.8573675,atm,HSBC
724829010,21.02124,105.8093959,atm,
724829012,21.0484313,105.8818017,atm,
724829014,21.0287859,105.8240676,atm,
724829016,21.0084314,105.7971378,atm,
724829017,21.0318842,105.8500727,atm,
724829018,21.0111147,105.8487922,atm,
724829019,21.0374731,105.8312881,atm,
724829020,21.0093707,105.8577628,atm,
724829022,21.0241743,105.8150232,atm,
724829024,21.036734,105.8532119,atm,
724829027,21.0219811,105.8098197,atm,
724829028,20.984391,105.8388519,atm,
724829029,21.0337179,105.8474886,atm,
724829032,20.995099,105.8500099,atm,
724829033,21.0242924,105.8531824,atm,
724829034,20.9986048,105.8033234,atm,
724829035,21.0246149,105.8214283,atm,
724829036,21.024945,105.8602639,atm,
724829037,21.0130327,105.8162507,atm,
724829038,21.0089369,105.8588539,atm,
724829039,21.0460421,105.8000844,atm,
724829040,21.032253,105.8531154,atm,
724829041,21.0299476,105.8505302,atm,
724829045,21.0310892,105.911926,atm,
724829047,21.0327108,105.8074927,atm,
724829052,21.0192496,105.8577865,atm,
724829053,21.0324901,105.8539047,atm,
724829054,21.0349388,105.7936392,atm,
724829056,21.0347994,105.853368,atm,
724829059,21.03227,105.85287,atm,
724829060,21.0338593,105.8524111,atm,
724829061,20.9721694,105.7761687,atm,
724829062,21.0368522,105.8473813,atm,
724829063,21.0202285,105.8428859,atm,
724829064,21.0423985,105.8709566,atm,
724829065,21.0302108,105.8566089,atm,
724829066,20.9957201,105.8056569,atm,
724829067,21.0273939,105.8426149,atm,
724829068,21.0248152,105.8622837,atm,
724829069,21.0303782,105.8270663,atm,
724829070,20.9982142,105.8290028,atm,
724829071,21.0002475,105.8283323,atm,
724829072,21.0379813,105.8106952,atm,Vpbank
724829076,21.0237184,105.8494415,atm,
724829077,21.0296692,105.8553648,atm,
724829079,21.0289011,105.849849,atm,Vietcombank
724829080,21.0091917,105.8656418,atm,
724829081,21.0253257,105.8220076,atm,
724829083,21.0249604,105.8433527,atm,
724829084,21.0089513,105.8490872,atm,
724829085,21.0370437,105.8485467,atm,
724829087,21.0331546,105.8136027,atm,
724829088,21.0190467,105.8102274,atm,
724829089,21.0192871,105.82963,atm,
724829090,21.0527814,105.8372479,bank,Vietcombank
724829091,21.0007232,105.869413,atm,
724829092,21.025892,105.8471137,atm,
724829093,20.998124,105.8396351,atm,
724829098,21.0349596,105.8250975,atm,DongABank
724829099,21.0093663,105.8569449,bank,
724829100,21.0201992,105.8178596,atm,
724829103,21.0593014,105.8345604,atm,
724829104,21.0270506,105.8513131,atm,
724829107,21.031379,105.8493118,atm,
724829111,21.0301128,105.8552027,atm,
724829112,21.0612438,105.8321303,atm,
724829114,21.0093419,105.8578527,atm,
724829116,21.0169486,105.8237779,atm,
724829118,21.0378041,105.8114021,atm,Agribank
724829119,21.026756,105.8490549,atm,
724829122,20.9839149,105.841518,atm,
724829123,21.033282,105.8168095,atm,
724829124,21.0302731,105.8226514,atm,
724829127,20.9844711,105.7934797,atm,
724829128,20.9903361,105.841459,atm,
724829129,21.0326764,105.8465767,atm,
724829130,21.0249632,105.8602463,atm,
724829131,21.032704,105.8538856,atm,
724829132,21.0018751,105.84611,atm,
724829133,21.0460621,105.8000415,atm,
724829134,21.0213501,105.8158171,atm,
724829135,21.0180753,105.8440017,atm,
724829136,21.0321207,105.8547413,atm,
724829138,20.9906393,105.8016152,atm,
724829139,21.0310842,105.9118938,atm,
724829140,21.0448026,105.8426247,atm,
724829141,21.0567583,105.8359015,atm,
724829144,21.0029819,105.8674228,atm,
724829146,21.0187012,105.8573055,atm,
724829150,21.0264684,105.8514555,atm,
724829152,21.033906,105.8498664,atm,
724829154,21.0237171,105.8494499,atm,
724829155,21.0289211,105.9182614,atm,
724829156,21.0313946,105.8548486,atm,
724829159,21.0320847,105.8504205,atm,
724829160,20.9953995,105.8058393,atm,
724829161,21.0112649,105.8486688,atm,
724829165,21.0034526,105.8478266,atm,
724829166,21.0316353,105.8533157,atm,
724829167,21.0230106,105.8456538,atm,
724829168,21.0151008,105.8141061,atm,
724829173,21.0106787,105.8311754,atm,
724829178,21.0323961,105.7990372,atm,
724829179,21.0382692,105.8157044,atm,VietinBank
724829183,21.0236335,105.8434653,atm,
724829184,21.0201934,105.8538186,atm,
724829185,21.0448129,105.8824445,atm,
724829186,21.0386998,105.8485722,atm,
724829187,21.0115654,105.8010328,atm,
724829189,21.044858,105.8743751,bank,Vikki Bank
724829190,21.02816,105.8444094,atm,
724829191,21.0300728,105.8604169,atm,
724829192,21.0356149,105.8394011,atm,
724829193,21.0039155,105.818095,atm,
724829194,21.0201968,105.8178785,atm,
724829195,21.020594,105.8181506,atm,
724829196,21.0084906,105.8516729,atm,
724829198,21.0322726,105.8527956,atm,
724829199,21.0128373,105.8268249,atm,
724829200,20.9978576,105.8680277,atm,MB CRM
724829203,21.0347638,105.8515716,atm,
724829204,21.0478319,105.8739245,atm,
724829207,21.04256,105.8428377,atm,
724829208,21.0093707,105.8578245,atm,
724829210,21.0263699,105.8502915,atm,
724829211,21.0024425,105.8362857,atm,
724829214,21.0341285,105.8545965,atm,
724829215,21.0350698,105.8522737,atm,
724829217,21.0320262,105.8468765,atm,
724829219,21.0308808,105.8199339,atm,
724829220,21.0458925,105.8759993,atm,
724829221,21.0591062,105.8918894,atm,
724829222,20.9903142,105.8414577,atm,
724829223,21.0341085,105.8272044,atm,
724829224,21.0081801,105.8205807,atm,
724829225,21.032734,105.853885,atm,
724829228,21.0265185,105.8514345,atm,
724829229,21.0241242,105.8478373,atm,
724829232,20.9906719,105.8016843,atm,
724829233,21.071706,105.904153,atm,
724829234,21.0441621,105.8432078,atm,
724829235,21.0169229,105.8154892,atm,
724829236,21.0352151,105.8208543,atm,
724829239,21.0336578,105.8468663,atm,
724829241,21.0177798,105.8531534,atm,
724829243,21.0324299,105.799097,atm,
724829244,21.0347964,105.8533681,atm,
724829246,21.02125,105.8562165,atm,
724829247,21.0219815,105.855149,atm,
724829249,20.9698452,105.778985,atm,
724829250,21.0194073,105.8319908,atm,
724829252,21.0423797,105.8709419,atm,
724829254,21.077012,105.8152377,atm,
724829255,21.0265253,105.8230042,atm,
724829256,21.0174812,105.807076,atm,
724829259,21.0240569,105.8109658,atm,BIDV CRM
724829260,21.0341685,105.8536631,atm,
724829265,21.0194047,105.8322275,atm,
724829268,21.0774174,105.8155113,atm,
724829274,21.0301969,105.8509967,atm,
724829277,21.0332472,105.8552885,atm,
724829278,21.0271659,105.8512706,atm,
724829283,21.0363468,105.8312362,atm,
724829285,21.0356005,105.8393991,atm,
724829286,21.0039796,105.818089,atm,
724829287,21.0338551,105.8525613,atm,
724829288,21.0241781,105.8150447,atm,
724829289,21.0084791,105.8516302,atm,
724829290,21.01301,105.8280078,atm,
724829293,20.9988352,105.8698261,atm,
724829296,21.034764,105.8515609,atm,
724829297,21.0478244,105.8739111,atm,
724829298,21.0434712,105.8187139,atm,
724829301,21.0093707,105.8578755,atm,
724829302,21.0251736,105.8445556,atm,
724829303,21.0319997,105.8520313,atm,
724829304,21.0024582,105.8362958,atm,
724829305,21.0348272,105.8542636,atm,
724829306,21.0299125,105.8568012,atm,
724829308,21.0282974,105.8127273,atm,
724829312,21.0268795,105.8416119,atm,
724829313,21.0458818,105.8759683,atm,
724829317,21.0515717,105.8085966,atm,Agribank
724829318,21.0324809,105.8539048,atm,
724829319,21.0680525,105.8225689,atm,
724829320,21.0660795,105.8285744,atm,
724829321,21.0348294,105.8532071,atm,
724829322,21.0341577,105.850789,atm,
724829325,20.9911074,105.8003783,atm,
724829326,20.9751197,105.781002,atm,
724829329,21.0300476,105.8419072,atm,
724829333,21.0177237,105.8073115,atm,
724829335,20.999942,105.8222866,atm,
724829336,21.0589,105.8918425,atm,
724829339,21.0122364,105.8476388,atm,
724829340,21.0247276,105.855546,atm,
724829341,21.0344353,105.8521836,atm,
724829342,20.9721746,105.7761674,atm,
724829343,21.0312043,105.8547655,atm,
724829348,21.0273798,105.8426979,atm,
724829350,21.0286708,105.831626,atm,
724829352,21.0296292,105.8478511,atm,
724829353,21.0379712,105.8108132,atm,Eximbank
724829356,21.0211967,105.8092218,atm,
724829358,21.0229624,105.8517641,restaurant,
724829360,21.0290012,105.8567154,atm,
724829361,20.9937565,105.8070906,atm,
724829362,21.0344189,105.8313954,atm,
724829368,21.0230149,105.8456542,atm,
724829369,21.0140437,105.8275342,atm,
724829371,21.0347193,105.852853,atm,
724829373,21.0114452,105.8009147,atm,
724829375,20.9985046,105.850321,atm,
724829381,21.0129422,105.8202147,atm,Vikki Bank
724829383,21.0091217,105.8238954,atm,
724829384,21.0187235,105.8411449,atm,
724829386,21.0490084,105.8829206,bank,BIDV
724829388,21.0284091,105.838408,atm,
724829393,21.0269761,105.8439108,atm,
724829395,21.0194022,105.8322215,atm,
724829396,21.0319968,105.8520525,atm,
724829397,21.0036586,105.8215295,atm,
724829401,21.036647,105.8160746,atm,
724829402,20.9835011,105.8416065,atm,
724829404,21.0279047,105.8402359,atm,
724829405,21.0342361,105.8144288,atm,VietinBank
724829406,21.000548,105.8031571,atm,
724829407,21.0395509,105.8983809,atm,
724829408,21.0133157,105.8125878,atm,
724829411,21.0200783,105.8482182,atm,
724829412,21.0680468,105.8225501,atm,
724829413,20.9893995,105.8656392,atm,
724829414,21.0266729,105.8563828,atm,VietinBank
724829415,21.0142091,105.8184886,atm,Saigon Bank
724829416,21.0318753,105.8547628,atm,
724829418,21.0505955,105.8846533,bank,Vietcombank
724829419,21.0305281,105.8468878,atm,
724829421,21.0428103,105.838294,atm,
724829422,20.970455,105.8415051,atm,BIDV
724829426,21.0322959,105.8103239,atm,
724829427,21.036692,105.794295,atm,
724829431,21.0169436,105.8532393,atm,
724829435,21.0194022,105.8321893,atm,
724829437,21.0276593,105.8418882,atm,
724829438,21.0176847,105.8556157,atm,
724829440,21.0251157,105.8417701,atm,
724829441,21.0119107,105.8120119,atm,
724829444,21.0004678,105.829947,atm,
724829445,21.0355104,105.8536255,atm,
724829446,21.0230126,105.845654,atm,
724829447,21.0190755,105.8554044,bank,Techcombank
724829450,21.0304233,105.847671,atm,
724829451,21.0400266,105.7906043,atm,
724829452,21.018726,105.8410566,atm,
724829455,21.0190983,105.8589538,atm,
724829458,21.0202058,105.817868,atm,
724829459,21.0158769,105.828466,atm,
724829463,21.0271837,105.851264,atm,
724829464,21.030536,105.8477783,atm,
724829467,21.0402043,105.7906108,atm,
724829470,21.0355484,105.8396244,atm,Vikki Bank
724829473,21.0323253,105.8518412,atm,
724829475,21.0189653,105.8167355,atm,
724829476,21.0267539,105.8490553,atm,
724829477,21.0254824,105.8534927,atm,
724829479,21.0301692,105.8490658,atm,
724829481,21.0225519,105.8471989,atm,
724829484,21.0186267,105.8078791,atm,
724829485,21.0338381,105.827372,atm,
724829488,21.0232379,105.8548432,atm,
724829489,21.003663,105.8215248,atm,
724829490,21.015236,105.8131885,atm,
724829493,20.990672,105.8016536,atm,
724829494,21.028743,105.8263598,atm,
724829496,21.0377016,105.8492161,atm,VietinBank
724829498,21.0599832,105.8929738,atm,
724829501,21.0232029,105.859698,atm,
724829502,21.027118,105.8179917,atm,
724829504,20.9894145,105.8656204,atm,
724829505,21.0232402,105.8548429,atm,
724829507,21.0212483,105.8562163,atm,
724829509,20.9900634,105.8018803,atm,
724829510,21.0271614,105.8360175,atm,
724829511,21.0169335,105.8154952,atm,
724829512,21.0245248,105.827415,atm,
724829513,21.0091914,105.819776,atm,
724829516,21.0192347,105.8578583,atm,
724829518,21.0009536,105.8452517,atm,
724829520,21.0194123,105.8173191,atm,
724829522,21.02639,105.8591348,atm,
724829523,21.0322694,105.8528872,atm,
724829524,21.0183256,105.8515548,atm,
724829525,20.9698753,105.77898,atm,
724829527,21.0329042,105.8071547,atm,
724829528,21.0428103,105.8394527,atm,
724829531,21.0280367,105.8439197,atm,
724829532,21.0050852,105.830934,atm,
724829535,21.0011835,105.8430808,atm,
724829538,21.0147953,105.8515817,atm,
724829539,21.021427,105.8088999,atm,
724829540,21.0217607,105.8096909,atm,
724829541,21.0255663,105.8532178,atm,
724829542,20.9965414,105.8426875,atm,
724829546,21.0191047,105.8589691,atm,
724829548,21.0663622,105.8267613,atm,
724829550,21.0379237,105.812695,atm,
724829552,21.0209095,105.8484864,atm,
724829554,21.0226821,105.8490872,atm,
724829555,21.0342186,105.8482611,atm,
724829557,21.031678,105.8511202,atm,
724829559,21.0363262,105.8312409,atm,
724829560,21.0235244,105.8053205,atm,
724829561,21.0297473,105.8271869,atm,
724829563,21.0322841,105.8524685,atm,
724829564,21.0323226,105.8518415,atm,
724829565,21.0357523,105.8499169,atm,
724829566,21.0348272,105.8542837,atm,
724829567,21.026758,105.849055,atm,
724829570,21.0231378,105.8529442,atm,
724829573,21.0473913,105.8731252,atm,
724829575,21.0151859,105.8529389,atm,
724829576,21.0269783,105.8439106,atm,
724829577,21.0016697,105.8417005,atm,
724829578,21.0251855,105.8445322,atm,
724829579,21.031995,105.8520095,atm,
724829581,21.0345003,105.8543202,atm,
724829582,21.0299096,105.8568011,atm,
724829585,21.0298925,105.846641,atm,
724829587,21.0182753,105.8490336,atm,
724829588,21.0029318,105.864054,atm,
724829589,21.059883,105.8928657,atm,
724829590,21.0149606,105.8534324,atm,
724829592,21.0033825,105.8488834,atm,
724829593,21.0275892,105.8462548,atm,
724829594,21.0445626,105.8678519,atm,
724829595,20.985593,105.8707165,atm,
724829596,21.0322959,105.8521302,atm,
724829598,21.0212518,105.8562163,atm,
724829599,21.033778,105.8540439,atm,
724829600,21.0508308,105.8849752,atm,
724829601,21.0274097,105.8359673,atm,
724829602,20.9685829,105.7730895,atm,
724829603,21.0352249,105.8205776,atm,SHB
724829608,21.0017173,105.8417353,atm,
724829611,21.0186661,105.8109838,atm,
724829612,21.038875,105.8502567,atm,
724829615,21.0347241,105.8524008,atm,
724829616,21.0411,105.7637468,atm,
724829621,21.0319989,105.8502758,atm,
724829623,21.0291488,105.8428325,atm,
724829630,21.0348294,105.8267069,atm,VietinBank
724829638,21.0124718,105.8016658,atm,
724829641,21.0344477,105.8536781,atm,
724829644,21.0188564,105.8597517,atm,
724829645,21.0347256,105.8524131,atm,
724829646,21.028821,105.854795,atm,
724829647,21.0428504,105.8240783,atm,
724829651,21.0060279,105.8224174,atm,
724829653,21.0663699,105.8267605,atm,
724829654,21.0053297,105.8513255,atm,
724829655,21.0273038,105.8504176,atm,
724829656,21.0222746,105.8189454,atm,
724829661,21.0284104,105.8384013,atm,
724829662,21.0240128,105.8159459,atm,
724829664,21.0341202,105.8348179,atm,
724829666,21.0307137,105.8174801,atm,
724829669,21.0207893,105.845949,atm,
724829670,21.0357576,105.849916,atm,
724829671,21.0189554,105.8167355,atm,
724829672,21.019394,105.8338444,atm,BIDV
724829673,21.0254919,105.8534723,atm,
724829674,20.9963711,105.8629811,atm,
724829675,21.0258467,105.8541405,atm,
724829676,21.0315159,105.8234149,atm,Sacombank
724829681,21.0269805,105.8439102,atm,
724829684,21.0129634,105.8202213,atm,VP Bank
724829685,21.0158769,105.8146211,atm,
724829686,21.0134751,105.8350783,atm,
724829687,21.0141988,105.8185149,atm,VietinBank
724829688,21.0139712,105.8274711,atm,
724829689,21.044062,105.8829957,atm,
724829690,21.0305281,105.8468717,atm,
724829691,21.0252959,105.8331656,atm,
724829692,21.0182753,105.8490185,atm,
724829693,21.0029469,105.8640915,atm,
724829694,21.0318437,105.8500142,atm,
724829695,21.0210203,105.8582101,atm,
724829697,21.0130877,105.8027333,atm,
724829698,21.0380489,105.847376,atm,
724829699,21.0684523,105.8245758,atm,
724829701,21.0347293,105.8521878,atm,
724829703,21.032418,105.8544791,atm,
724829705,20.9898509,105.8015783,atm,
724829709,21.0353959,105.8204748,atm,Techcombank
724829710,21.0091789,105.8197854,atm,
724829714,21.0327951,105.8538838,atm,
724829715,21.0089413,105.8588505,atm,
724829717,21.0332676,105.8091768,atm,
724829718,21.0316419,105.8507623,atm,
724829721,21.0222189,105.8546231,atm,
724829722,20.9898503,105.8015692,atm,
724829724,21.0220412,105.8532178,atm,
724829725,21.0291528,105.8428333,atm,
724829729,21.0119412,105.8120434,atm,
724829731,21.0349146,105.7937118,atm,
724829733,21.0353602,105.8536416,atm,
724829734,21.0052405,105.8471404,atm,
724829735,21.011986,105.8478748,atm,
724829736,21.0345741,105.7998204,atm,
724829737,21.0347212,105.8523771,atm,
724829738,21.0448029,105.8426177,atm,
724829739,21.0249602,105.8449338,atm,
724829744,21.0160722,105.8568442,atm,
724829745,21.0296206,105.8460469,atm,
724829746,20.9981804,105.8290155,atm,
724829748,21.0507707,105.8405363,atm,
724829749,21.0357826,105.8499106,atm,
724829750,21.014225,105.8276564,atm,
724829751,21.0161191,105.8058958,atm,
724829752,21.0237152,105.8494596,atm,
724829754,21.0425318,105.8706965,atm,
724829755,21.0330545,105.8069401,atm,
724829756,20.9982492,105.8503599,atm,
724829757,21.0250155,105.8417701,atm,
724829758,21.0225219,105.8577937,atm,
724829759,21.0296972,105.8272085,atm,
724829760,21.0034148,105.84165,atm,
724829764,21.0151208,105.8141597,atm,
724829765,21.0048639,105.821918,atm,
724829766,21.0304583,105.85509,atm,
724829767,21.0479721,105.8806139,atm,
724829769,21.0383753,105.8399342,atm,BIDV
724829770,21.0207943,105.8530676,atm,
724829772,21.0291965,105.8448386,atm,
724829773,21.018653,105.8078911,atm,
724829774,21.0349696,105.825119,atm,Techcombank
724829776,21.0206591,105.8502137,atm,
724829778,21.0151308,105.8281982,atm,
724829779,21.0135684,105.8272818,atm,
724829782,21.0447979,105.8827382,atm,
724829783,21.0305425,105.8468811,atm,
724829787,21.0116355,105.836792,atm,
724829791,21.0271183,105.8179843,atm,
724829792,21.0686175,105.8246255,atm,
724829795,21.0388825,105.8502487,atm,
724829796,21.0219886,105.8505531,atm,
724829797,21.0330331,105.8538791,atm,
724829798,20.9900606,105.8018696,atm,
724829799,21.0271686,105.8360195,atm,
724829802,21.0302238,105.8430625,atm,
724829803,21.0091945,105.8197928,atm,
724829804,21.0029719,105.8655613,atm,
724829805,21.0279397,105.845021,atm,
724829806,21.0249482,105.8602474,atm,
724829807,21.0328842,105.8538821,atm,
724829810,21.0322568,105.8530497,atm,
724829812,21.0263775,105.8591616,atm,
724829813,21.0344283,105.8521838,atm,
724829817,21.0377309,105.8140598,atm,
724829818,21.0276894,105.8420491,atm,
724829820,21.0466693,105.8783124,bank,Techcombank
724829822,21.0049049,105.8308536,atm,
724829823,21.0292513,105.8290994,atm,
724829828,21.0163827,105.8532715,atm,
724829830,21.0347225,105.8523882,atm,
724829831,20.9693342,105.7812595,atm,
724829833,21.0249589,105.8449532,atm,
724829834,21.0415787,105.8413625,atm,
724829837,21.0073802,105.8408485,atm,
724829838,21.0093249,105.8491587,atm,
724829841,21.0021555,105.8194971,atm,
724829843,21.0234967,105.8105485,atm,
724829844,21.0142294,105.827651,atm,
724829845,21.012826,105.8086294,atm,
724829846,21.0237133,105.84947,atm,
724829847,21.0303982,105.8154265,atm,
724829849,21.0320808,105.8504139,atm,
724829850,21.0422082,105.7901315,atm,Vietcombank
724829856,21.0130373,105.8201086,atm,Saigon Bank
724829857,21.0357628,105.8499146,atm,
724829859,21.019384,105.8339732,atm,Vietcombank
724829860,21.0304564,105.8550905,atm,
724829861,21.0802318,105.8173661,atm,
724829862,21.0390552,105.8484435,atm,
724829864,21.0430306,105.81483,atm,
724829867,21.0223767,105.8578473,atm,
724829868,21.024665,105.8432561,atm,
724829869,21.0050652,105.8511203,atm,
724829870,21.0260972,105.8535501,atm,
724829873,21.0134778,105.8272905,atm,
724829874,21.0323961,105.811193,atm,
724829875,21.0139687,105.8275189,atm,
724829877,21.0353476,105.8146863,atm,VIB
724829881,21.0353702,105.8484757,atm,
724829882,21.0170287,105.8555943,atm,
724829883,21.0208294,105.8312934,atm,
724829884,21.0138489,105.8619725,atm,
724829886,21.0183807,105.8512705,atm,
724829887,21.0138939,105.8577454,atm,
724829889,21.026047,105.8557606,atm,
724829891,21.0329896,105.85388,atm,
724829892,21.0366069,105.7780301,atm,
724829896,21.0302232,105.8430749,atm,
724829897,21.0590403,105.8919984,atm,
724829899,21.020609,105.8309984,atm,
724829900,21.0249554,105.8602559,atm,
724829901,21.0242544,105.8513939,atm,
724829902,21.0089513,105.8590328,atm,
724829904,21.0198684,105.817413,atm,
724829905,21.0133631,105.8199155,atm,Techcombank
724829906,21.0278196,105.8538186,atm,
724829907,21.0344222,105.8521838,atm,
724829908,21.0338593,105.8524003,atm,
724829911,21.0308836,105.8199262,atm,
724829912,21.03529,105.8199257,atm,
724829917,21.0241255,105.8512954,atm,
724829918,21.0020554,105.8491409,atm,
724829924,21.0166631,105.8236706,atm,
724829925,20.9756757,105.7769251,atm,
724829927,21.0288193,105.8547953,atm,
733355066,21.0446359,105.8027367,cafe,Cà Phê AnAn
733355091,21.042227,105.8027022,cafe,
733355114,21.0444791,105.8029168,restaurant,
773601261,21.0304724,105.8488474,restaurant,Pho 10
773601263,21.0294934,105.8435381,restaurant,Puku
915321863,21.005952,105.8591623,cafe,Cà Phê Hồ Thanh Nhàn
963611886,21.0320076,105.8512129,restaurant,Thai Village
963611988,21.02915,105.8559002,atm,
963612007,21.0309175,105.8507371,bank,BAOVIET Bank
963612010,21.0319503,105.8512357,bank,HSBC
963612075,21.0292837,105.8564116,bank,VietinBank
963612101,21.030578,105.8561325,bank,Tien Phong Bank
969250527,21.0343834,105.8533855,atm,
970139638,21.0329897,105.8528307,cafe,Trang Anh
973961057,21.0310887,105.8559191,bank,Vietnam-Russia Bank
973961088,21.030628,105.8563444,cafe,
973961102,21.0460387,105.8009777,restaurant,Nhà Hàng Ba Ba
973961110,21.0460387,105.8009318,atm,
975757197,21.0200182,105.8562112,restaurant,Toshi Fusion
977640000,21.035616,105.7916023,atm,
977640009,21.035616,105.7917454,atm,
977640017,21.0351041,105.7930998,cafe,
977640026,21.0296803,105.8564879,bank,VID Public Bank
977640027,21.0354292,105.7923355,atm,
977647355,21.0313388,105.8489482,restaurant,Nhà Hàng Duy Lê Malraux
977647357,21.0319771,105.852536,bank,VietinBank
977647361,21.0313529,105.8492885,atm,
977647380,21.0318694,105.853039,atm,
977647383,21.0320412,105.8521114,bank,Maritime Bank
977668006,21.0284729,105.8435797,atm,
977668067,21.0311942,105.8472079,cafe,
977668071,21.0303009,105.8412026,cafe,
977668074,21.0304143,105.8432105,atm,
977668089,21.0307814,105.8472039,restaurant,Son Thanh
993037575,21.0242859,105.8476001,cafe,Orick Coffee
993037586,21.0226463,105.8531813,atm,
993037588,21.0231794,105.8516744,cafe,Van Viet Cafe
993037594,21.0338509,105.8496202,bank,VietinBank
993037597,21.0319192,105.8468952,bank,VietinBank
993037607,21.0227079,105.8531535,bank,Eximbank
993037617,21.0336059,105.8548258,restaurant,Nhà Hàng Yakiniku Shiki
993037671,21.030639,105.8472805,bank,VietinBank
993037684,21.0242601,105.8479007,atm,
993037688,21.0335628,105.8548532,cafe,
993037693,21.0240628,105.8485802,atm,
993037741,21.0241875,105.8481277,atm,
993197023,21.0297198,105.9130462,cafe,
995292097,21.0188775,105.8588577,atm,
995292218,21.0187989,105.85902,bank,MB
995391083,21.0255087,105.8579872,cafe,Cà Phê Cosa Nostra
997997487,21.0324148,105.8539062,atm,
997997620,21.0342414,105.8533178,restaurant,Red bean
997997766,21.0334073,105.8543219,bank,VietinBank
997997790,21.0330451,105.8538788,atm,
998227467,21.0322792,105.8526062,atm,
998227583,21.0329639,105.8498165,restaurant,Nhà Hàng Green Mango
998227894,21.0323566,105.8516558,bank,Vietcombank
998227946,21.0338728,105.8543107,cafe,Cà Phê HAN
1000087283,21.0264433,105.8368669,cafe,Cà Phê Huy
1000087341,21.0264133,105.8371058,atm,
1000087364,21.0274196,105.8359722,atm,
1000087449,21.0296628,105.8369362,restaurant,Nhà Hàng Chả Cá Văn Miếu
1000087490,21.0269265,105.836008,bank,BIDV
1000087505,21.0261304,105.8376405,atm,
1000087519,21.0272277,105.835925,atm,
1000087526,21.0263035,105.8372528,bank,Oceanbank
1000087624,21.0269564,105.8360286,atm,
1001774342,21.0191219,105.837784,atm,
1001774355,21.0191727,105.8377663,bank,VPBank
1008752719,21.0201787,105.8497393,bank,Techcombank
1008752760,21.0187601,105.840703,atm,PG Bank
1008752811,21.0190846,105.8493667,atm,
1008752848,21.0171564,105.8477586,atm,
1008752900,21.0239241,105.8509377,restaurant,
1009003517,21.025787,105.8518317,atm,
1009003539,21.0257002,105.8519341,bank,Vikki Bank
1046210388,21.0603388,105.8330959,bank,Oceanbank
1274538623,20.5914536,105.9270085,marketplace,Chợ Đục Đá
1279138536,21.01139,105.831552,cafe,Cà Phê Newlife
1280194195,21.039025,105.79953,cafe,Cà Phê 4 Seasons
1292847032,21.004392,105.839385,cafe,
1308414462,21.0276693,105.8489799,cafe,
1308439468,21.0284992,105.8484194,cafe,Cà Phê MVTTS
1491047929,21.0096294,105.8549847,atm,Vietcombank
1491047930,21.0379001,105.8302026,atm,Vietcombank
1491047937,21.0075968,105.8479073,atm,Vietcombank
1491047940,20.9608252,105.7625277,atm,Vietcombank
1491047941,20.9681919,105.82714,atm,Vietcombank
1491047945,20.9853503,105.7949304,atm,Vietcombank
1491047952,20.9875019,105.7978663,atm,Vietcombank
1491047953,20.9876148,105.798173,atm,Vietcombank
1491047960,20.9934839,105.806595,atm,Vietcombank
1491047968,20.9949176,105.807631,atm,BIDV
1491047976,20.9968762,105.8498793,atm,Vietcombank
1491047978,20.9972378,105.8030618,atm,Vietcombank
1491047981,20.9986793,105.8027388,atm,
1491047982,20.9990204,105.7982297,atm,Vietcombank
1491047983,20.9995766,105.8340583,atm,
1491047984,21.0003066,105.815446,atm,Vietcombank
1491047985,21.0004319,105.8280824,atm,Vietcombank
1491047986,21.0016082,105.8416619,atm,Vietcombank
1491047987,21.0016011,105.8449182,atm,Vietcombank
1491047988,21.0027545,105.8654674,atm,Vietcombank
1491047989,21.0028575,105.8663524,atm,Vietcombank
1491047990,21.0040457,105.840213,atm,Vietcombank
1491047993,21.0064773,105.8055281,atm,Vietcombank
1491047994,21.0075785,105.8029991,atm,Vietcombank
1491047996,21.0081293,105.7934073,atm,Vietcombank
1491047997,21.0088566,105.8488292,atm,Vietcombank
1491047998,21.0089504,105.8516932,atm,Vietcombank
1491047999,21.0098901,105.8192087,atm,Vietcombank
1491048000,21.0102305,105.7986429,atm,Vietcombank
1491048001,21.0112545,105.8495221,atm,Vietcombank
1491048002,21.0112865,105.8478069,atm,
1491048003,21.0116859,105.8479034,atm,
1491048004,21.0121211,105.8206969,atm,Vietcombank
1491048005,21.012584,105.809167,atm,Vietcombank
1491048006,21.0172981,105.8128049,atm,Vietcombank
1491048007,21.0130458,105.8082048,atm,Vietcombank
1491048009,21.0146864,105.809672,atm,Vietcombank
1491048010,21.0148399,105.8514652,atm,Vietcombank
1491048011,21.0149775,105.7740271,atm,Vietcombank
1491048012,21.0150097,105.8531233,atm,Vietcombank
1491048013,21.015056,105.777778,atm,Vietcombank
1491048015,21.0158736,105.8549449,atm,Vietcombank
1491048016,21.0170323,105.8144872,atm,Vietcombank
1491048017,21.0179607,105.8419806,atm,Vietcombank
1491048018,21.0182109,105.8240075,atm,Vietcombank
1491048019,21.0188257,105.8383439,atm,Vietcombank
1491048020,21.0192741,105.8475703,atm,Vietcombank
1491048021,21.0193291,105.8474621,atm,Vietcombank
1491048023,21.0203299,105.8442554,atm,Vietcombank
1491048024,21.0205672,105.8083428,atm,Vietcombank
1491048025,21.0206926,105.8555969,atm,Vietcombank
1491048026,21.0207973,105.8524143,atm,Vietcombank
1491048027,21.0225209,105.8607378,atm,
1491048028,21.0227259,105.8582766,atm,
1491048029,21.0226355,105.8101909,atm,Vietcombank
1491048030,21.0230015,105.8433639,atm,
1491048031,21.0230168,105.8591446,atm,
1491048033,21.0222459,105.8057342,atm,Vietcombank
1491048034,21.023362,105.8593153,atm,
1491048035,21.0238862,105.8515026,atm,
1491048038,21.0242826,105.8194576,atm,Vietcombank
1491048039,21.0245879,105.8442588,atm,
1491048040,21.0247459,105.8533663,atm,Vietcombank
1491048041,21.025134,105.8551001,atm,Vietcombank
1491048042,21.0252741,105.8529888,atm,
1491048043,21.0251386,105.7704878,atm,Vietcombank
1491048044,21.0260069,105.8129169,atm,Vietcombank
1491048045,21.0260739,105.8481115,atm,
1491048046,21.0261248,105.8501808,atm,Vietcombank
1491048047,21.0261258,105.8538093,atm,
1491048048,21.0269229,105.7994915,atm,Vietcombank
1491048049,21.0272699,105.824641,atm,HSBC
1491048050,21.0272193,105.8359507,atm,
1491048052,21.0276707,105.8426538,atm,
1491048055,21.0284696,105.8547555,atm,
1491048056,21.0286521,105.8063265,atm,Vietcombank
1491048057,21.0290331,105.8128232,atm,TPBank LiveBank 24/7
1491048058,21.029154,105.8286245,atm,Vietcombank
1491048059,21.0291913,105.8302189,atm,Vietcombank
1491048060,21.0291948,105.77975,atm,Vietcombank
1491048061,21.0293925,105.84573,atm,
1491048062,21.0294558,105.8384711,atm,
1491048063,21.0298186,105.8116218,atm,Vietcombank
1491048064,21.0303145,105.8321279,atm,Vietcombank
1491048066,21.0309274,105.835643,atm,Vietcombank
1491048067,21.0312893,105.849256,atm,
1491048069,21.0316851,105.8233099,atm,Vietcombank
1491048070,21.03214,105.8542504,atm,Vietcombank
1491048072,21.0321205,105.8398233,atm,Vietcombank
1491048075,21.0331037,105.8538924,atm,
1491048079,21.0340794,105.82702,atm,Vietcombank
1491048080,21.0356254,105.8500364,atm,
1491048081,21.0356768,105.819016,bank,Vietcombank
1491048082,21.0358873,105.8311483,atm,
1491048083,21.0370981,105.8482857,atm,
1491048084,21.0385235,105.8472393,atm,
1491048085,21.0385552,105.7937819,atm,Vietcombank
1491048086,21.0387868,105.8514939,bank,Vietcombank
1491048087,21.0397826,105.8462736,atm,
1491048088,21.0403139,105.8258568,atm,
1491048091,21.0410043,105.8446209,bank,Vietcombank
1491048092,21.0414912,105.8224824,atm,Vietcombank
1491048093,21.0420307,105.8199212,atm,
1491048095,21.0422472,105.8451102,atm,Vietcombank
1491048096,21.0432467,105.8228833,bank,Vietcombank
1491048097,21.0436646,105.8420068,atm,Vietcombank
1491048098,21.0437198,105.8362892,atm,
1491048099,21.0445005,105.8421708,atm,Vietcombank
1491048100,21.0446246,105.8815435,atm,Vietcombank
1491048102,21.0465025,105.8780181,atm,Vietcombank
1491048106,21.0589726,105.8339664,atm,Vietcombank
1491048110,21.1174555,105.7796603,atm,Vietcombank
1491048111,21.1495679,105.8477074,atm,Vietcombank
1491048113,20.9972899,105.8659332,atm,Vietcombank
1491048115,21.0365619,105.8478795,atm,Vietcombank
1491048116,21.0036765,105.8216111,atm,Vietcombank
1491048117,21.0152052,105.8007317,atm,Vietcombank
1491048118,21.016589,105.8558565,atm,Vietcombank
1491048120,21.0208502,105.8564046,atm,Vietcombank
1491048121,21.0288287,105.8506795,atm,Vietcombank
1491048122,21.0291344,105.8287614,atm,Vietcombank
1491048123,21.0521932,105.8377851,atm,Vietcombank
1491048126,21.0240066,105.8513189,atm,Ngân hàng VietComBank
1491048127,21.0134355,105.8579827,atm,Ngân hàng Vietcombank
1491048128,21.0007226,105.8224129,atm,Vietcombank
1491048129,21.0084981,105.8203182,atm,Vietcombank
1491048130,21.0015788,105.8449658,atm,Phòng giao dịch ngân hàng TMCP ngoại thương Việt Nam
1491048131,21.0504581,105.8847234,atm,Vietcombank - Chi nhánh Chương Dương
1491048132,21.0021152,105.8510202,atm,Vietcombank - Chi nhánh Hoàn Kiếm - PGD Bạch Mai
1491048133,21.0018027,105.8611629,atm,Vietcombank - Ngân hàng TMCP ngoại thương Việt Nam
1491048135,21.0532564,105.8092149,atm,Vietcombank - Phòng giao dịch Lạc Long Quân
1491048136,21.0238959,105.8102327,bank,Vietcombank
1494035964,21.0022325,105.8224044,bank,ACB
1495020923,21.0136292,105.8193027,atm,
1497544853,21.027956,105.8363073,cafe,Cà Phê Trang
1498025684,21.0308589,105.8008382,atm,BIDV
1498025686,21.033449,105.7785138,atm,BIDV
1498025689,20.943515,105.841013,atm,BIDV
1498025690,20.957873,105.842899,atm,BIDV
1498025691,20.963303,105.830459,atm,BIDV
1498025692,20.968686,105.773226,atm,BIDV
1498025693,20.969424,105.77847,atm,BIDV
1498025695,20.9716995,105.7764146,atm,BIDV
1498025696,20.972467,105.7773312,atm,BIDV
1498025697,20.9809385,105.789608,atm,BIDV
1498025698,20.9812413,105.7784495,atm,BIDV
1498025701,20.9848707,105.838594,atm,BIDV
1498025703,20.9885977,105.7998667,bank,BIDV
1498025706,20.9906617,105.8016296,atm,BIDV
1498025707,20.9910322,105.862514,atm,BIDV
1498025708,20.994876,105.8570014,atm,BIDV
1498025711,21.0001036,105.8320697,atm,
1498025712,21.00051,105.84527,atm,BIDV
1498025713,21.0011149,105.8013042,atm,BIDV
1498025714,21.000999,105.845259,atm,BIDV
1498025715,21.0017221,105.8418794,atm,BIDV
1498025716,21.0031568,105.8410062,atm,BIDV
1498025717,21.0031624,105.8633988,atm,BIDV
1498025718,21.003879,105.8304449,atm,BIDV
1498025720,21.0040035,105.8386709,atm,BIDV
1498025721,21.0062662,105.8306601,atm,BIDV CRM
1498025722,21.0063544,105.8357537,atm,BIDV
1498025724,21.0077394,105.8387248,atm,BIDV
1498025725,21.0077562,105.7968723,atm,BIDV
1498025726,21.0082136,105.820248,atm,BIDV
1498025727,21.0083362,105.8022251,atm,BIDV
1498025728,21.0084849,105.8020755,atm,BIDV
1498025730,21.0094511,105.8574963,atm,BIDV
1498025732,21.0099588,105.8253737,atm,BIDV
1498025733,21.0096708,105.8008446,atm,BIDV
1498025734,21.0099675,105.8244961,atm,BIDV
1498025735,21.0104205,105.8247768,atm,BIDV
1498025736,21.0098366,105.8002697,atm,BIDV
1498025737,21.0105055,105.7876077,atm,BIDV
1498025738,21.0105296,105.7852455,atm,BIDV
1498025739,21.0105959,105.8252881,atm,BIDV
1498025740,21.0116945,105.8494932,bank,BIDV
1498025741,21.0133547,105.8519724,atm,BIDV
1498025742,21.0147224,105.8132781,atm,BIDV
1498025743,21.0147306,105.8011722,atm,BIDV
1498025744,21.0147385,105.8586122,atm,BIDV
1498025745,21.0147751,105.8577763,atm,BIDV
1498025746,21.0149441,105.774074,atm,BIDV
1498025748,21.0153173,105.8569729,atm,BIDV
1498025749,21.0159733,105.7828225,atm,BIDV
1498025752,21.0170415,105.8068972,atm,BIDV
1498025753,21.0172057,105.8150512,atm,BIDV
1498025754,21.0170316,105.6131858,atm,BIDV CRM
1498025755,21.0177094,105.8494067,atm,BIDV
1498025757,21.0184697,105.8476457,atm,BIDV
1498025758,21.0188401,105.8567965,atm,BIDV
1498025759,21.0192891,105.8090114,atm,BIDV
1498025760,21.0194526,105.8165352,atm,BIDV
1498025761,21.0208552,105.8564046,atm,BIDV
1498025762,21.0211614,105.8481378,atm,BIDV
1498025763,21.0214233,105.8094539,atm,BIDV
1498025765,21.022153,105.8468934,atm,BIDV
1498025766,21.0221628,105.8575468,atm,BIDV
1498025770,21.0238231,105.8464619,atm,
1498025771,21.0237707,105.8440535,atm,
1498025772,21.0241239,105.8590317,atm,
1498025774,21.0241537,105.8568309,atm,BIDV
1498025775,21.0248016,105.8533836,atm,BIDV
1498025776,21.0249357,105.8511031,atm,
1498025777,21.0249785,105.8499388,atm,
1498025778,21.0252368,105.8328034,atm,BIDV
1498025779,21.0256231,105.8470037,atm,
1498025780,21.0266251,105.8538542,atm,
1498025781,21.0268969,105.844588,atm,
1498025783,21.0274312,105.8248648,atm,BIDV
1498025784,21.0275039,105.8474388,atm,
1498025786,21.028681,105.918974,atm,BIDV
1498025787,21.0297786,105.811307,atm,BIDV
1498025788,21.0295382,105.8230777,atm,
1498025789,21.0298954,105.8287942,atm,BIDV
1498025790,21.0299595,105.827312,atm,BIDV
1498025792,21.0301831,105.8563219,atm,
1498025793,21.0305485,105.856145,atm,BIDV
1498025794,21.0307437,105.8549903,atm,
1498025795,21.0316807,105.8232798,atm,BIDV
1498025796,21.0319265,105.8531297,atm,
1498025797,21.0319587,105.8525595,atm,
1498025798,21.0321654,105.8524506,atm,
1498025801,21.0328011,105.8461787,atm,
1498025802,21.0327368,105.8552195,atm,
1498025803,21.032697,105.8537259,atm,
1498025804,21.0328101,105.8463895,atm,
1498025805,21.0330645,105.8503551,atm,
1498025807,21.033528,105.906958,atm,BIDV
1498025808,21.0337492,105.7796765,atm,BIDV
1498025809,21.0342365,105.7956488,atm,BIDV
1498025812,21.0350264,105.8250248,atm,BIDV
1498025813,21.0380758,105.8158501,atm,MB
1498025814,21.0370267,105.7751001,atm,
1498025815,21.037438,105.766446,atm,BIDV
1498025818,21.0379203,105.8483443,atm,BIDV
1498025819,21.0393802,105.8377039,atm,
1498025821,21.040102,105.86952,atm,BIDV
1498025824,21.0422333,105.8710962,atm,BIDV
1498025825,21.0426842,105.870632,atm,BIDV
1498025827,21.0443097,105.8152241,atm,
1498025828,21.0448467,105.8683918,atm,BIDV
1498025831,21.0464229,105.8026143,atm,BIDV
1498025832,21.0465533,105.7935375,atm,BIDV
1498025834,21.0472122,105.8005705,atm,BIDV
1498025836,21.0487727,105.8830305,atm,BIDV
1498025837,21.0513606,105.8410609,bank,Techcombank
1498025839,21.0601878,105.8932592,atm,BIDV
1498025840,21.0673331,105.8899625,atm,BIDV
1498025844,21.091525,105.897001,atm,BIDV
1498025845,21.11569,105.779028,atm,BIDV
1498025847,21.1853321,105.7784271,atm,ATM BIDV
1498025848,21.198809,105.8419894,atm,ATM BIDV
1498025851,21.0008805,105.8451477,atm,BIDV
1498025852,21.0304868,105.8561525,atm,BIDV
1498025853,21.0220493,105.8313677,atm,BIDV
1498025854,20.9875925,105.8628817,atm,BIDV
1498025855,21.029287,105.8570931,atm,BIDV
1498025856,21.0269296,105.8359909,atm,BIDV
1498025858,20.9635486,105.7913285,atm,BIDV
1498025859,20.9740349,105.7767546,atm,BIDV
1498025860,20.9722532,105.7778738,atm,BIDV
1498025861,20.976617,105.783598,atm,BIDV
1498025869,20.9973828,105.7990694,atm,BIDV
1498025871,20.9991814,105.8615834,atm,BIDV
1498025879,20.9997871,105.8503124,atm,BIDV
1498025880,21.0137872,105.8027524,atm,BIDV
1498025881,21.0147088,105.824145,atm,BIDV
1498025889,21.0184141,105.8502279,atm,BIDV
1498025890,21.0191446,105.8347163,atm,BIDV
1498025900,21.0207239,105.8182483,atm,BIDV
1498025901,21.0257545,105.8539771,atm,BIDV
1498025911,21.0312086,105.8545273,atm,BIDV
1498025913,21.0331904,105.8545886,atm,BIDV
1498025921,21.0368494,105.7939189,atm,BIDV
1498025923,21.0481261,105.8759004,atm,BIDV
1498025931,21.0494422,105.806715,atm,BIDV
1498025933,21.0505004,105.7938766,atm,BIDV
1498025934,21.0517356,105.8088579,atm,BIDV
1498025941,21.059949,105.8929576,atm,BIDV
1498025943,21.1378141,105.5027112,atm,ATM BIDV
1498025947,21.1398385,105.5069602,atm,ATM BIDV
1498025951,20.9864081,105.7964705,atm,BIDV
1498025954,20.9914116,105.8445398,bank,BIDV
1498025958,20.9980968,105.821632,atm,BIDV
1498025962,20.9999984,105.8279102,atm,BIDV
1498025964,21.0009151,105.8507899,atm,BIDV
1498025972,21.0099075,105.8496283,atm,BIDV
1498025975,21.0245934,105.8524038,atm,BIDV
1498025978,21.024685,105.827412,atm,BIDV
1498025982,21.0257093,105.8541218,atm,BIDV
1498025985,21.0262306,105.8329254,atm,BIDV
1498025987,21.0289413,105.8314596,atm,BIDV
1498025988,21.0296723,105.810329,bank,TPBank
1498025989,21.0298683,105.8567997,atm,BIDV
1498025990,21.032561,105.8079498,atm,BIDV
1498025991,21.0336604,105.8269179,atm,BIDV
1498025992,21.036469,105.7771737,atm,BIDV
1498025993,21.0372098,105.8509852,atm,BIDV
1498025995,21.0474978,105.8071263,atm,BIDV
1498025996,21.0638463,105.8064518,atm,BIDV
1498025997,20.9952532,105.8056576,atm,
1498025998,20.924145,105.705621,atm,BIDV
1498025999,20.9686726,105.7795347,atm,BIDV
1498026001,20.9759595,105.7828346,atm,BIDV
1498026004,21.0160292,105.8059786,atm,BIDV
1498026005,21.0167712,105.811167,atm,BIDV
1498026006,21.0240155,105.8112059,bank,BIDV
1498026007,21.025983,105.8329434,atm,BIDV
1498026009,21.0403229,105.8490131,atm,
1498026012,21.081217,105.913428,atm,BIDV
1629328703,21.0301997,105.848958,cafe,Cà Phê AnAn
1671744985,21.0361852,105.8469741,restaurant,Nhà Hàng Chả Cá Thủy Hồng
1685291681,20.9723698,105.7455509,marketplace,Chợ Chiều Thắng Lợi
1705963598,20.9950729,105.799371,atm,
1705965309,20.9953534,105.7987246,bank,
1705993767,20.9945313,105.8004073,atm,
1706569366,21.0048867,105.845259,atm,VietinBank
1708540209,21.0029067,105.8547467,food_court,Cơm Trịnh
1709350810,21.0122623,105.8112735,bank,Maritime Bank
1711396821,21.1463526,105.5052063,bank,Ngân hàng BIDV
1711396822,21.1460373,105.5052868,bank,Agribank
1711396823,21.1383476,105.5067218,post_office,Bưu Điện Thị Xã Sơn Tây
1711447439,21.1342272,105.503133,restaurant,Nhà Hàng Lâm Ký
1711447442,21.1389727,105.5072008,marketplace,Siêu thị Thành Sơn
1711457407,21.1360235,105.505606,restaurant,Nhà hàng Đông Thành
1723208086,21.047927,105.8761762,bank,BIDV
1755806889,20.9832502,105.8414593,post_office,Bưu điện Trung tâm 6 - Bưu điện TP. Hà Nội
1769566984,21.034519,105.8287829,fast_food,Nhà Hàng BBQ Chicken
2136318858,21.0682495,105.8272643,marketplace,Chợ Hoa Quảng Bá
2136318878,21.0770945,105.8360083,marketplace,
2136341357,21.0675537,105.8212455,restaurant,Osihi
2175084765,21.029439,105.8092811,restaurant,Nhà Hàng Highway 4
2182473681,21.0362469,105.815828,bank,Agribank
2182514715,21.0056466,105.8234509,bank,PG Bank
2256217980,21.0354378,105.8502683,atm,
2256217983,21.0340786,105.8515679,atm,HSBC
2256217984,21.0338049,105.8481266,restaurant,Nhà Hàng Gecko
2256217985,21.0356987,105.8513898,cafe,Cà Phê Linh
2256217990,21.0347487,105.8535038,restaurant,Nhà Hàng Blue Butterfly
2256217991,21.0345271,105.852037,restaurant,Nhà Hàng Essence
2256217992,21.0341678,105.8509389,atm,
2259067320,21.0356006,105.8492956,restaurant,Chả Cá Cà Cuống
2272708929,21.0343276,105.8471067,cafe,Cà Phê Aha
2276420302,21.0092618,105.8476382,cafe,Cà Phê Kiến
2290037023,21.0250151,105.8479567,marketplace,
2297871686,21.0462468,105.8797466,post_office,Bưu Cục Gia Lâm
2297911469,21.0596487,105.8927714,marketplace,
2308781230,21.0344932,105.8471336,cafe,Cà Phê Aroi
2308781240,21.0320076,105.8442543,bank,
2310466398,21.0835897,105.3722191,cafe,
2310466399,21.0838925,105.371849,restaurant,
2319851184,21.0372504,105.8020037,atm,
2319852323,21.0372855,105.8019044,atm,
2366849406,21.0190238,105.8482211,cafe,Cà Phê Mai
2366849408,21.0174867,105.8484165,restaurant,Cơm Cường
2366850686,21.0169407,105.8485671,cafe,
2366850687,21.0169407,105.8483633,restaurant,
2366850689,21.0169136,105.8480842,cafe,
2399180441,21.0307862,105.8194213,restaurant,Nhà Hàng New Sake 1
2399180442,21.0307817,105.8193586,restaurant,PAKU PAKU(波食波食）
2399180443,21.0303431,105.8159146,restaurant,Pizza Hut
2399180444,21.0307697,105.819262,restaurant,
2399188052,21.0296823,105.8102219,restaurant,Nhà Hàng Koto
2399188053,21.029746,105.810586,restaurant,Nhà Hàng Kurama(蔵馬）
2399188054,21.029967,105.812293,restaurant,Totoya(ととや）
2399194698,21.0294166,105.8090898,restaurant,Izakaya Yancha
2399239575,21.0292029,105.8074289,restaurant,Kitaguni
2399239576,21.0285111,105.806208,restaurant,Ofukuro
2457607208,21.0177036,105.8073007,bank,
2471647464,20.9858966,105.7937986,marketplace,Chợ Phùng Khoang
2495836898,21.0645792,105.8313838,restaurant,True Viet
2523425211,21.041456,105.848997,cafe,Cà Phê Giang
2545040230,21.0363664,105.7782262,bank,Agribank
2545040234,21.0338786,105.7961075,bank,BIDV
2545040241,21.0325341,105.7984274,post_office,Bưu Điện Cầu Giấy
2545040264,21.0347959,105.7951581,bank,Maritime Bank
2545040417,21.0339501,105.7962987,atm,BIDV
2545040510,21.0362678,105.7787424,atm,Agribank
2571023220,20.9790479,105.7830759,restaurant,Quán Ăn Nhanh Lam Giang
2575726466,21.0411859,105.8447505,bank,VietinBank
2577863960,21.0131504,105.8617279,cafe,Cà Phê Chuối
2587491495,21.0339341,105.8548223,restaurant,Phở Cường
2701030465,20.942468,105.95911,community_centre,Nhà văn hóa thôn Như Phượng Thượng
2763237579,20.9799784,105.7954967,cafe,Cà Phê Yến
2810708201,21.0261709,105.8536135,post_office,Bưu điện Quốc tế
2835735005,21.0307048,105.8126723,bank,ICBC
2888528101,21.1251023,105.3916692,post_office,Bưu Điện Tản Lĩnh
2888530794,21.1249622,105.3911006,bank,Agribank
2898359723,21.2377422,105.7055983,cafe,Cafe V2
3036397234,21.0188481,105.8249754,cafe,Highlands Coffee
3145000641,21.0272341,105.8359517,restaurant,
3189922817,21.0249031,105.8452599,restaurant,San Ho
3281664612,21.0347133,105.8523133,cafe,Trung Nguyên Coffee
3294728240,20.8921672,105.5699326,restaurant,
3304244852,21.0348897,105.8538788,restaurant,NP Green
3316120061,21.0229285,105.8161781,food_court,Bún Đậu Phố Cổ
3370369424,21.049334,105.839318,restaurant,Nhà Hàng Wa Japanese Cuisine
3387043431,21.058208,105.7835482,community_centre,Nhà văn hóa TDP Hoàng II
3389007927,20.9983875,105.8093027,marketplace,Chợ Nhân Chính
3398175765,21.0465267,105.7956639,bank,Techcombank
3398175766,21.0466242,105.7959607,bank,SHB
3440266925,21.0305112,105.7848108,cafe,Twitterbeans Coffee
3440273722,21.0030132,105.7931707,cafe,Twitterbeans Coffee
3440273951,21.0068031,105.8035686,cafe,TwitterBeans Coffee
3471347680,21.0448185,105.7992606,cafe,Cà Phê 46
3471350605,21.0440864,105.7992714,cafe,True Coffee
3496458225,21.0479061,105.8414891,restaurant,Nhà Hàng Foodshop 45
3496464405,21.0455452,105.8405476,restaurant,Quán Cơm Mậu Dịch
3496893646,21.0406918,105.8425141,restaurant,Quan An Ngon
3514125539,21.0360802,105.8486929,fast_food,Bánh Mì 25
3541565709,21.0178206,105.7972188,cafe,Cà Phê Việt
3541565714,21.0178536,105.7960898,restaurant,Phở 24
3575188505,21.0347878,105.8255659,cafe,Onion Cellar Ham Hanh
3575190009,21.0414885,105.8455896,cafe,Manzi Art Space and Cafe
3634743853,21.0736599,105.812744,bank,Vietcombank
3634743854,21.0735249,105.8127107,bank,VietinBank
3670041629,21.0014898,105.8042979,restaurant,Lẩu Gà Ó O - Chicken Hotpot
3671198536,21.0254125,105.8577493,restaurant,Nhà Hàng Moto-san
3678370944,21.0291515,105.8461905,cafe,The Hanoi Social Club
3678371141,21.0343488,105.8474994,restaurant,Nhà Hàng Kamasutra
3679951225,21.030058,105.8378196,cafe,Cà Phê Goethe
3684899299,20.9969779,105.8459666,restaurant,Quán Thị Mẹt
3684980414,21.0185659,105.8230246,restaurant,Quán Thị Mẹt
3711330943,21.0151072,105.7814958,restaurant,Nhà hàng Yumi
3712052430,21.001284,105.8039288,cafe,Cà Phê Lion
3715457786,21.0506781,105.8397787,fast_food,KFC
3715467249,21.0494459,105.8391985,cafe,Cà Phê Havanna
3741166993,21.0175323,105.7970415,cafe,Cà Phê GaraFun
3746853894,20.9839177,105.8155864,cafe,Cà Phê KOK
3747365124,21.0128634,105.8176699,cafe,Cà Phê Grazio's
3769973034,21.0367552,105.7941995,restaurant,Nhà Hàng Bò Đội Nón
3787800312,20.6442433,105.9236269,restaurant,Nhà hàng Cánh Buồm
3806163694,21.0117249,105.8119169,restaurant,Nhà Hàng Bún Việt
3830708257,21.0340956,105.8514826,fast_food,Bánh Mì Bami
3851718801,20.9877755,105.7969824,cafe,Supremacy
3880373875,21.0344879,105.8520793,atm,
3883603836,21.010401,105.8148684,cafe,Trekking Coffee
3975723741,21.0415864,105.8335171,cafe,Cà Phê Bạch Thảo
4005477934,21.0387571,105.9044083,restaurant,Nhà Hàng GoldMalt Sài Đồng
4007253651,21.0465111,105.7905516,bank,Vietcombank
4025752976,21.0639821,105.7820879,cafe,Cà Phê MV
4025870416,21.0282841,105.7689057,atm,
4045268970,21.3109127,105.6007931,cafe,Coffee Like
4047785579,21.0269562,105.7677015,atm,HSBC
4090272750,21.0258945,105.8334587,restaurant,Pizza Hut
4090277644,21.0031239,105.816661,restaurant,Pizza Hut
4090279692,20.9969652,105.8683844,restaurant,Pizza Hut
4090284259,21.0072356,105.7930282,restaurant,Pizza Hut
4090297904,21.011391,105.8492805,restaurant,Pizza Hut
4090305470,21.0504678,105.8932462,restaurant,Pizza Hut
4090309926,20.9642392,105.7718101,restaurant,Pizza Hut
4091985948,21.0171583,105.799144,restaurant,Pizza Hut
4091988292,20.9804803,105.8447867,restaurant,Pizza Hut
4091994843,20.9791502,105.785428,restaurant,Pizza Hut
4091998924,21.0188607,105.8552418,restaurant,Pizza Hut
4115768992,21.2153091,105.4090912,atm,
4115830290,21.1286063,105.5150576,restaurant,Sua Ba Vi
4115830291,21.0811234,105.6797269,restaurant,Pho Co BaVi
4115863790,21.1208847,105.5233813,restaurant,Sua Ba Vi ThanhHoa
4117897291,20.9670834,105.9572452,atm,
4125659916,21.0146587,105.8522123,restaurant,Nhà Hàng A La Folie
4127549394,21.0302779,105.8489208,restaurant,Nhà Hàng Little Vietnam
4131859590,20.9475342,105.7484947,cafe,Trà 3L Tân cương Thái nguyên
4133218490,21.0289139,105.8408568,restaurant,하노이 부라더스
4135161589,21.0915545,105.7843466,restaurant,Nhà Hàng ATMan
4150312890,21.023697,105.8541656,restaurant,The American Club
4150312989,21.0303946,105.8496718,cafe,Cà Phê Canopee
4150844990,21.035829,105.8532485,restaurant,Nhà Hàng Linh's Kitchen
4151407589,21.0310565,105.8472795,restaurant,Bún Chẳ Đắc Kim
4158540590,21.0314523,105.8491848,restaurant,Nhà Hàng Gecko
4164213689,21.068552,105.8244602,restaurant,Nhà Hàng Daluva
4164893394,21.0371094,105.8522312,restaurant,Curry House Maiya
4164895890,21.0625869,105.8291428,restaurant,Chops
4164895891,21.0613457,105.8317362,restaurant,Nhà Hàng The Moose & Roo Pub & Grill
4176320992,21.0306212,105.8487741,restaurant,Rue Lamblot
4178588390,21.0326873,105.8537575,restaurant,Nhà Hàng Green Tangerine
4180461689,21.0323464,105.84816,restaurant,number 1
4185463513,21.0552262,105.8214245,cafe,Cà Phê Heaven
4186819465,21.0170351,105.8559963,restaurant,Pho Thin
4193558991,21.0306071,105.8487452,restaurant,Nhà Hàng Lotus Blanc
4196680289,21.0354519,105.8278222,cafe,DIY Box
4205001489,21.2718578,105.8155193,restaurant,Vườn sinh thái Ngọc Linh
4205271789,21.0140828,105.8479487,restaurant,Khách Sạn Haneul
4210454309,21.3116462,105.399021,restaurant,Quán Sông Hàn
4210706604,21.0337675,105.8545363,restaurant,Xoi Yen
4212619389,21.0470548,105.704531,bank,Ngân hàng Nông nghiệp
4215685989,20.9616966,105.7720993,cafe,Cà Phê HD
4217845890,21.0250058,105.8545563,cafe,Cà Phê AnAn
4217848289,21.0283707,105.8496623,cafe,Cà Phê AnAn
4219337689,21.0637554,105.9079524,restaurant,Quán thịt trâu
4226277399,21.0625927,105.8291621,restaurant,The sushi club
4226766214,21.0336801,105.8462281,restaurant,Cửa Hàng Bia Hơi Hà Nội
4227974092,21.0419209,105.8415411,cafe,Tổ Chim Xanh
4229244689,21.0542709,105.8371458,restaurant,Quan kien - bug place
4229244789,21.0278549,105.8412825,restaurant,Ray Quan
4234157989,21.0309402,105.8171637,cafe,Cà Phê Gardenista
4240313697,21.0311596,105.8501553,cafe,Cà Phê Apple Tart
4242831484,21.0331038,105.8525285,restaurant,Nhà Hàng Gia Ngu
4242941489,21.0322599,105.8482188,restaurant,Nun Changed Dac Kim-분짜
4255651589,21.0319807,105.8524977,cafe,Wanna Waffle?
4257319094,21.0560448,105.8982143,restaurant,The Hung Snake Rétaurant
4258046056,21.0078452,105.9369243,cafe,She Coffe
4262140891,21.0330731,105.8072564,atm,
4264066489,21.0312016,105.8557772,restaurant,Bánh Xèo Zòn
4266180498,21.0107646,105.8062701,cafe,Cà Phê Mộc 92
4266207190,21.0354013,105.8196451,cafe,Cà Phê Bigone
4272727197,21.0180504,105.8538843,restaurant,Cửa Hàng Bún Chả Hương Liên
4279240691,21.0356505,105.8508651,restaurant,Cửa Hàng Bít Tết Hai Tý
4280016690,21.0337986,105.8471473,bank,Techcombank
4280807465,21.0125728,105.8632341,community_centre,Hanoi Creative City
4281489900,21.0381338,105.792421,cafe,Quán cóc liêu xiêu một câu thơ - B+ cafe
4281628989,21.0129254,105.8583875,cafe,Highlands Coffee
4286225207,21.0109329,105.8254405,restaurant,OiShi Ngon
4292145190,21.0312752,105.8469348,cafe,Cà Phê 26
4295458892,21.0351984,105.8519929,restaurant,Nhà Hàng Hot Pot BBQ
4295603189,21.0361773,105.8528166,restaurant,Pateta
4296008295,21.0296996,105.8491696,restaurant,Cửa Hàng Bánh Gối
4301927190,21.0291546,105.8495211,cafe,Cà Phê Hanoi House
4306911795,21.0342713,105.8544991,cafe,Cà Phê Giang
4311854914,21.033606,105.8546223,cafe,Cà Phê Giảng - Cà Phê Trứng
4320366025,21.0329141,105.7645739,cafe,Cà Phê Anh 2
4320668189,21.0333758,105.8539085,restaurant,Oh bread
4327534896,21.0297478,105.8492754,restaurant,Noodle & Roll
4327575690,21.0334623,105.8537432,restaurant,Little Hanoi
4327575691,21.0357394,105.8518172,restaurant,Nhà Hàng Cari Trường
4327575692,21.035318,105.852714,cafe,Cà Phê La Studio
4327649345,21.0172122,105.8504717,cafe,Cà Phê Thái
4328123006,21.0994625,105.8887376,atm,
4328960193,21.0290366,105.8496455,cafe,Raw Juicery
4341891090,21.035056,105.8531396,restaurant,Nhà Hàng Banana Tree
4346678690,21.0351244,105.8520281,restaurant,Sieu Thi Qua Vat
4352140189,21.0337908,105.8474332,fast_food,Cửa Hàng Bánh Mì Aha
4353372191,21.0252545,105.8444379,restaurant,Zenith Yoga Studio II & Café
4355692621,21.0338377,105.8539504,restaurant,Nhà Hàng Mum's
4355761091,21.0360908,105.8521843,restaurant,Paolo & Chi Pizzeria Old Quarter
4356814193,21.0297426,105.8422184,cafe,
4358622593,21.0360158,105.8518953,restaurant,Nhà Hàng Foodshop 45 - Indian Cuisine
4358629195,21.0359291,105.8520713,cafe,Cà Phê Glamour
4358971989,21.0348754,105.8475332,restaurant,Nhà Hàng Highway 4
4359711310,21.0097807,105.8045469,restaurant,
4364106490,21.0252139,105.8543477,cafe,Highlands Coffee
4364343294,21.019846,105.8566061,restaurant,Steakout
4364361735,21.0270627,105.8223488,restaurant,Nhà Hàng & Cà Phê EMM's
4366360798,21.0354335,105.8505627,restaurant,Pho Ga
4366361510,21.035163,105.8512274,restaurant,Pho Vui
4368907889,20.9778296,105.7926192,bank,Vietcombank
4375604995,21.0264034,105.842688,restaurant,Nhà Hàng Luna D' Autunno
4381810290,21.0080218,105.8471214,atm,
4381861689,21.0330123,105.8520208,cafe,Timeline
4381918992,21.0305248,105.8485873,cafe,Cà Phê Loading T
4381924889,21.0318532,105.8469051,restaurant,Miến Lươn Đông Thịnh
4381937591,21.0514592,105.8387858,cafe,Cà Phê Duy Trí
4382047696,21.0259723,105.8536398,cafe,
4382109792,21.0169944,105.8384247,fast_food,Bánh Mỳ Doner Kebab Hùng Jock
4383436892,21.0244842,105.8563607,restaurant,El Gaucho
4383692291,21.0361437,105.852693,cafe,Cà Phê Aha
4385152989,21.0299505,105.856572,restaurant,
4386749689,21.0354586,105.8506329,fast_food,phong kham da koa
4388677795,21.0388476,105.9041729,cafe,The Coffee House
4388677798,21.0402378,105.9049564,cafe,Cà Phê Family
4388677799,21.0438762,105.8983894,restaurant,Nhà hàng Lẩu dê Tuấn Hằng
4388678292,21.0386918,105.8990889,community_centre,Nhà văn hóa Phường Phúc Đồng
4388714490,21.0362274,105.9110424,bank,Viettinbank
4388732789,21.0330474,105.9086316,bank,BIDV
4388732889,21.0359165,105.9112344,bank,Techcombank
4388732989,21.0341629,105.9101404,bank,Agribank
4388733103,21.0387183,105.906079,cafe,Cà Phê Hải Đăng
4398868989,21.0178003,105.8162648,atm,
4406493092,21.0314261,105.8509139,post_office,Bưu điện Lương Văn Can
4408095990,21.0338032,105.8468334,bank,Agribank
4410956892,21.0324519,105.8466084,bank,
4413364391,21.0422123,105.8451073,fast_food,KFC
4413411291,21.053785,105.8339531,cafe,
4413426592,21.0381772,105.8477437,bank,
4414110689,21.0155824,105.8103911,cafe,Cà Phê EZ
4417630567,21.0310101,105.7821956,cafe,Highlands Coffee
4424475392,21.0259147,105.8535076,atm,Agribank
4424482690,21.0204272,105.8543623,bank,HDBank
4431624181,21.034691,105.8475185,atm,
4432071590,20.876667,105.8804327,bank,
4432072890,20.9441793,105.8611128,atm,
4432418004,21.0252722,105.8443837,atm,
4432418005,21.0259404,105.8459678,atm,
4432423392,21.0254719,105.8459166,atm,
4432937589,21.0259384,105.8462106,atm,
4437567193,21.0290469,105.849678,restaurant,The Running Bean
4437844591,21.0347632,105.851317,atm,
4437861138,21.034284,105.8474843,atm,
4437978297,21.0279997,105.832654,cafe,Trà Bát Bảo Tuấn Béo
4440898391,21.0238242,105.84892,cafe,Cà Phê Hà Nội Deli
4450138703,20.9791012,105.7836814,restaurant,Nhà Hàng Hoàng Minh
4451147389,21.0164788,105.7791334,atm,
4453120690,21.033644,105.8384053,cafe,Cộng Cà Phê
4456468089,21.0311848,105.850132,cafe,Cà Phê Loft Stop
4457979091,21.035874,105.8533683,cafe,Doong Tea & Coffee Express
4457996689,21.0349913,105.8533701,restaurant,
4458823390,21.0482922,105.841916,cafe,Cà Phê 68
4460198090,21.046021,105.8425961,restaurant,Nhà Hàng Chay Aumee
4460217491,21.0336877,105.8472901,cafe,Cà Phê Countryside
4461293693,20.9689654,105.7693632,bank,Techcombank
4481034394,21.0333829,105.8526709,restaurant,Bun Ca sam Cay Si
4481407690,21.0457483,105.8425594,restaurant,Chay Aummee
4483312092,21.0363828,105.8451942,bank,MB
4483425089,21.0676753,105.826074,restaurant,Bromingo Fine Street BBQ
4485441589,21.0311655,105.8539069,cafe,Cà Phê J'Adore
4485511691,21.0271754,105.8537452,cafe,Stamp Coffee
4485546292,21.0254814,105.8528192,cafe,Cà Phê L'étage
4485547089,21.0313847,105.8509219,cafe,The Balcony
4486254298,21.0316214,105.8508446,cafe,The Note Coffee
4486425790,21.0375997,105.8542317,fast_food,
4486692390,21.0293208,105.8421665,restaurant,Nhà Hàng Hưng Phát
4486827794,21.0320782,105.8555601,restaurant,Son Duong Quan
4486828192,21.0319988,105.8523858,cafe,Cà Phê Dinh 13
4486842491,21.0358622,105.8514477,restaurant,
4486842492,21.0345928,105.8522323,restaurant,
4489385889,21.0335078,105.8509571,marketplace,Chợ Đêm Hàng Đào – Đồng Xuân
4489764289,21.0686526,105.8239103,restaurant,
4496363513,21.0353249,105.8510383,cafe,Cà Phê Huế Organic
4497894667,21.0315049,105.7691999,restaurant,Nhà Hàng Buk Buk
4504236093,21.0610823,105.8321022,cafe,
4504236095,21.0351911,105.8202898,restaurant,
4504236097,21.0185183,105.8109017,restaurant,
4504245790,21.0352482,105.8147175,restaurant,
4504245791,21.0352155,105.8253983,restaurant,
4504291993,21.0440102,105.8213722,cafe,
4504307190,21.0348209,105.8270491,cafe,
4504307292,21.0353715,105.8183834,restaurant,
4504307294,21.0301228,105.8240005,cafe,
4504307490,21.0041481,105.8019715,atm,
4504307491,21.0352666,105.852958,restaurant,Tacos Fresh And More
4504646891,21.0360528,105.8471707,fast_food,Bánh Cuốn Gia Truyền Thanh Vân
4507417291,21.0314853,105.8534481,fast_food,Lotteria
4508014325,21.0242062,105.8450881,restaurant,Quán Cơm Chay Bồ Đề
4510096889,21.033189,105.7884632,restaurant,
4511484589,21.0206485,105.8264097,cafe,Trà Sữa Chachago
4512354590,21.0294727,105.8436662,restaurant,
4516490689,21.0515375,105.7386496,cafe,Trà đá - Chém gió
4516636292,21.0353059,105.848759,atm,
4516705495,21.0291276,105.849202,cafe,Cà Phê La Place
4520197289,21.0628509,105.8295491,cafe,
4523072389,21.0383505,105.8290578,restaurant,Cơm Chay Sala Quán
4523167177,21.0307942,105.8197547,cafe,
4523211689,21.0360635,105.8488756,restaurant,Hương Việt
4523217728,21.0345048,105.8270189,restaurant,
4531007898,21.0242996,105.8416115,cafe,Highlands Coffee
4531007904,21.0237401,105.8418422,bank,Maritime Bank
4531907991,21.0243385,105.842839,restaurant,Quán ăn vặt
4532459295,21.14366,105.5030951,cafe,Cà Phê Nhi
4532459296,21.1464292,105.5019686,cafe,Cà Phê Mộc
4532462397,21.1473208,105.5021092,marketplace,Chợ Đêm
4532490893,21.1431228,105.5032609,cafe,quán cà phê
4532514193,21.1430883,105.5033319,fast_food,quán phở bà béo
4532521390,21.1435906,105.502483,cafe,Cà Phê Mây
4532521393,21.1870221,105.4386646,post_office,Bưu Điện Viettel Tây Đằng
4532521491,21.1429841,105.503281,cafe,Trung Nguyên Coffee
4533697405,21.3223872,105.6009122,restaurant,HESED
4535340989,21.0431129,105.8711415,atm,MB CRM
4535978495,21.0378262,105.8009683,fast_food,Lotteria
4536058093,21.0386723,105.8000055,restaurant,Nhà hàng Vua Tôm Hùm
4536058095,21.0380589,105.801133,post_office,VIETTEL POST
4536058096,21.0377572,105.8010552,cafe,Cà Phê Monaco
4536058097,21.0458806,105.7859084,atm,
4538467359,20.9913175,105.8022596,atm,TPBank
4538467360,20.9915075,105.8023227,atm,Techcombank
4538467361,20.9913866,105.8022826,fast_food,KFC
4538467362,20.9905629,105.7998648,atm,Agribank
4539038989,21.0287699,105.8453884,restaurant,
4542431590,21.0271177,105.824279,restaurant,
4544293389,21.0409443,105.8164024,restaurant,Lẩu Mắm Bà Sáu
4548834591,21.0361799,105.8528385,community_centre,Trung tâm Giao lưu văn hóa phố cổ Hà Nội
4549010614,21.0200783,105.8519626,cafe,Cà Phê Cabine
4550335190,21.0580568,105.9076863,restaurant,NHÀ HÀNG TRAU THÚY HĂNG
4550335291,21.0339774,105.8486972,restaurant,Sixty Six
4551112970,21.0608605,105.8326028,bank,ATM ANZ Bank
4554131889,21.0136098,105.7758736,fast_food,KFC
4556364502,21.0664015,105.8289379,atm,
4557009772,21.038392,105.8311299,restaurant,Bia Bắc Sơn
4557999389,21.0322448,105.8467823,restaurant,Bách Phương - Bún Bò Nam Bộ
4560198562,21.05006,105.8391963,cafe,Petit Jardin Coffee
4566446895,21.0348707,105.852999,cafe,
4566446897,21.0359942,105.851812,restaurant,Cửa Hàng Bún Chả Hương Liên
4568021791,21.0337205,105.854312,cafe,Cộng Cà Phê
4569768690,21.0625504,105.8291192,restaurant,Nhà Hàng India Palace
4570163996,21.0607106,105.8332998,restaurant,
4570230497,21.030813,105.8505424,restaurant,
4570261497,21.0204178,105.8496338,restaurant,
4570650495,21.0364559,105.8514752,restaurant,Nhat Mon
4571213593,21.0208337,105.8491213,restaurant,
4571237191,21.020468,105.8494409,restaurant,
4571465191,21.0324256,105.8529184,cafe,
4571764991,21.034426,105.8536883,cafe,
4571873590,21.02542,105.853585,post_office,Bưu điện Tràng Tiền
4572907889,21.0332192,105.8523763,marketplace,Chợ Đêm
4572907890,21.0377037,105.8507086,restaurant,
4576584290,21.0190598,105.8553515,cafe,
4576672189,21.0331145,105.8391403,restaurant,Nhà Hàng Heritage
4578677494,20.9992577,105.8700406,atm,BIDV
4578686192,20.9996201,105.8704161,bank,BIDV
4578730792,21.0643229,105.8094102,restaurant,Quán Gà 36
4578732489,20.9981266,105.8681684,atm,Vietcombank
4580702592,21.0364309,105.850906,restaurant,Nhà Hàng Don Duck
4580736991,21.0418229,105.8473462,cafe,Ding Tea
4582611322,21.0337892,105.8473576,fast_food,
4584025297,21.0093987,105.7967947,cafe,Cà Phê Eo Eo
4585040990,20.9105745,105.4616303,cafe,
4586351390,21.0376339,105.8472101,restaurant,Lẩu Dê Nhất Ly
4586483090,21.0282875,105.8461391,restaurant,Cà Phê Công Nghệ
4586560392,20.8174226,105.3345532,cafe,
4589086092,21.0363677,105.8485904,restaurant,Nhà Hàng Bang Mi
4589196789,21.0322583,105.8481843,restaurant,Roast Pork
4589196790,21.030496,105.8485322,atm,
4590844198,21.0699924,105.8228583,restaurant,
4591684191,21.0303821,105.8458333,atm,
4592627190,21.0207943,105.8489956,restaurant,Nhà Hàng Le Tonkin
4592827891,21.0348287,105.8209302,cafe,
4594455097,21.0399042,105.9036181,cafe,Cà Phê Linh Anh
4596779991,21.0325038,105.8454955,cafe,Tranquil Books & Coffee
4601307889,21.0327057,105.8468531,cafe,Cộng Cà Phê
4601957293,21.0297932,105.8421663,cafe,The kafe
4601957294,21.0340491,105.8521408,cafe,
4605756989,21.0331243,105.8519038,restaurant,
4609269794,21.0314426,105.8545935,fast_food,
4611124990,21.0646787,105.8311873,restaurant,Bồ Đề Quán
4613995191,21.0286601,105.8478667,restaurant,
4617642489,20.9644179,105.7703034,cafe,
4620615990,21.0268699,105.8501921,cafe,
4622570694,21.0348271,105.810956,restaurant,Street Sushi
4623090493,21.0169314,105.8024811,cafe,Vape store
4624905191,21.0309388,105.8494435,atm,
4631277689,21.0352997,105.8501575,fast_food,
4631390665,21.0121983,105.8644138,restaurant,Pho Ganh Dam Trau
4632180994,21.0315606,105.849675,restaurant,
4632309491,21.0343767,105.8534791,restaurant,
4634652689,21.0360877,105.8521724,restaurant,Nhà Hàng Frozen Yogurt
4634865491,21.0353724,105.8510192,restaurant,
4639673391,21.0320462,105.853246,fast_food,Long Vi Dung - Nom Thit Bo Kho
4641880495,21.0186694,105.85302,restaurant,
4648364790,21.068088,105.8594528,restaurant,Nhà Hàng Bên Trăng
4648387591,21.0300706,105.8475542,restaurant,
4655691891,21.0263451,105.8325665,cafe,
4659379693,21.0240465,105.8532302,restaurant,Al Fresco's
4659648591,21.0574445,105.8323977,restaurant,Nhà Hàng Maison de Têt décor
4662691589,21.0343571,105.8544931,restaurant,Bún Chả Ta
4662832690,21.0305278,105.8485931,cafe,
4662992795,21.0312224,105.8545447,atm,
4664490692,21.021604,105.8524885,restaurant,Nhà Hàng ABC
4664835790,21.0296106,105.8463311,cafe,Cà Phê Kufu
4667121191,21.0289137,105.849941,fast_food,
4674556592,21.0297747,105.8501947,fast_food,
4676484190,21.0189459,105.8415441,cafe,Cà Phê 36
4678138390,21.0359839,105.851772,restaurant,Nhà Hàng Kebab King
4683465390,21.0291324,105.8499469,cafe,Cà Phê Runam
4683697592,21.0484134,105.865525,restaurant,
4683697743,21.0190747,105.8258183,cafe,
4686210104,21.0306514,105.8416996,cafe,Cà Phê Bebe Cakes
4686724690,21.046823,105.8427559,restaurant,
4691759703,21.0402292,105.848013,restaurant,
4691764092,21.0514566,105.8379705,cafe,nhac xua cafe
4694633889,21.0320676,105.8502886,restaurant,Nhà Hàng Minh Chay Vegan
4696794890,21.0340356,105.8515535,cafe,
4697346784,21.0380634,105.8007712,cafe,The Coffee House
4697346785,21.0381911,105.7995966,cafe,Cà Phê JoJo
4698385494,21.025242,105.8440994,cafe,
4698442989,21.0399687,105.8454427,restaurant,
4698571049,21.0248258,105.9911384,marketplace,
4698571438,20.9807135,105.9159512,restaurant,Noodle soup
4702121989,21.0339059,105.8481198,bank,Sacombank
4706189293,21.0423556,105.8762005,atm,
4708487790,21.0390429,105.8481903,atm,
4709218790,21.0153433,105.8131053,restaurant,Talky cafe $
4709218791,21.0153324,105.8127353,cafe,Cà Phê Cơm Chay
4709222689,21.0129135,105.8254307,cafe,Cà Phê Bestea House
4709634891,21.0337915,105.8474622,restaurant,Nhà Hàng Hồng Hoài
4710377590,21.0261035,105.845192,restaurant,Namaste Hanoi
4711760491,21.0308724,105.8471607,restaurant,
4712922689,21.0684973,105.8243663,restaurant,Nhà Hàng Gelato Italia
4712969789,20.9750222,105.9117762,marketplace,
4713531289,21.03756,105.8526198,restaurant,Ẩm Thực Sành Ăn
4714424789,21.0034498,105.8548512,cafe,Cà Phê ABC
4715945591,21.0289385,105.8444224,restaurant,Nhà Hàng Dim Sum Corner
4720244798,21.0366118,105.8485529,cafe,
4721389690,21.1281008,105.9908566,community_centre,
4728759790,21.0070617,105.8102717,restaurant,
4728822794,21.0324304,105.8482122,restaurant,
4731512522,20.9542331,105.8369878,bank,BacA Bank
4734482024,21.0379952,105.8462541,post_office,Bưu Cục Hàng Cót
4734501322,21.0425981,105.8419795,bank,Agribank
4735444121,21.0237658,105.8498761,restaurant,trà đào 42
4735624525,21.0307904,105.8536866,restaurant,quán góc hà nội
4735627523,21.020298,105.8518305,restaurant,Cửa Hàng Bít Tết 53 Cô Mẫu
4735784822,21.0341258,105.8542746,cafe,Cà Phê Dose
4736130524,21.0325673,105.8543971,bank,ACB
4737497823,21.0200827,105.8458848,cafe,Cà Phê Lộc
4738001522,21.0014345,105.818546,cafe,Cà Phê Aroi
4738179024,21.0458102,105.7993132,cafe,Cà Phê Đề
4739350321,21.0328009,105.8503828,restaurant,Nhà Hàng L'amore
4739701064,21.0310454,105.8507961,atm,ACB Bank
4740811423,21.0253195,105.8539351,bank,
4740905221,21.0233472,105.8565399,restaurant,Kem Xôi Thu Nga
4740929423,21.0346796,105.8546895,restaurant,Bún Chả TA
4740929425,21.0287186,105.8439963,restaurant,Nhà Hàng Nét Huế
4740988545,21.0266572,105.8487739,restaurant,Vuvuzela
4741269970,20.953715,105.8369847,cafe,Cà Phê 246 Tựu Liệt
4741290223,21.0010052,105.8599479,cafe,Cà Phê Vân
4741290341,21.0009817,105.859022,cafe,Cà Phê Thảo
4741305321,21.0015999,105.8598234,cafe,Cà Phê Vân
4741566930,21.0688402,105.8242826,restaurant,The Kneipe
4744465826,21.0248322,105.8446796,bank,MB
4745160523,21.0336376,105.9100447,restaurant,Minh Minh Quán
4747792522,21.0491761,105.5046206,cafe,Son Tay
4748044521,21.024569,105.852303,atm,
4748084125,21.0329231,105.8518481,restaurant,Cửa Hàng Bia Minh
4748668623,21.0367528,105.8526544,restaurant,
4748803213,21.0236407,105.8508563,restaurant,Nhà Hàng New York Sports Bar
4748988911,21.0134276,105.8512498,bank,Techcombank
4748988932,21.0196517,105.8520678,atm,BIDV
4748988937,21.0235385,105.8508866,atm,Agribank
4749010039,21.0286345,105.8512352,restaurant,Nhà hàng Lục Thuỷ
4750266796,21.0294905,105.8616142,restaurant,Nhà Hàng Kiếu Gia
4750519422,21.0355741,105.8506047,cafe,Mành
4750520221,21.0347527,105.8515428,cafe,Tim coffee
4753094285,21.0339602,105.8474345,restaurant,Nhà Hàng Apron Up
4755951976,21.033899,105.8532613,bank,GP Bank
4756031528,21.0321301,105.8539834,cafe,
4756239827,21.0249719,105.8543529,restaurant,
4757552923,21.0266653,105.8420948,cafe,Cà Phê Sạch
4758238253,21.0236691,105.8555169,restaurant,
4759037451,21.0306344,105.8495042,restaurant,Nhà Hàng Jalus Vegan
4759123029,21.0289456,105.8567995,cafe,Cà Phê Alo
4759244736,21.0353415,105.8498589,cafe,Coffee A
4759266265,20.9997365,105.8028545,cafe,
4759266275,20.9997546,105.8028747,cafe,
4759576030,21.0153788,105.8474189,atm,
4759687343,21.0313543,105.8489788,restaurant,Tung's Kitchen
4762107023,20.999943,105.8032082,cafe,Twins Coffee
4763199425,20.8204926,105.3410621,atm,
4763199435,20.8206222,105.3411603,atm,
4764044322,21.0340154,105.8517188,atm,HSBC
4769356229,21.0168803,105.7993559,restaurant,Nhà Hàng Doncook
4770510621,21.0358831,105.8532195,cafe,Trà Chanh Phô cô
4772143024,20.9911632,105.7991392,restaurant,vân châu ( p102 e7 thanh xuân bắc)
4772225421,21.0340296,105.8516024,fast_food,Banh Mi Hoi An
4772351821,21.0237716,105.8433114,cafe,Cà Phê Hiến
4773733664,21.0354761,105.8506882,cafe,Cà Phê Kim Lài
4774193722,21.0267787,105.8501521,restaurant,quang minh
4774617158,21.0066604,105.8049509,restaurant,
4774787330,21.0098151,105.8046299,restaurant,
4775992822,21.0096701,105.8018925,cafe,
4776322224,21.0365477,105.8462306,cafe,Cà Phê 67 Phùng Hưng
4776442424,20.9973671,105.8525246,cafe,Cà Phê Bibi
4776679721,21.0293962,105.8435679,cafe,Xofa
4777146421,21.0390535,105.8465857,restaurant,Miến & Bánh Đa Cua Lý Quốc Sư
4778168447,21.0165081,105.810914,cafe,Cà Phê Kool Off
4780440024,21.0305293,105.8504263,restaurant,Nhà Hàng 8393 Hanoi
4780985228,21.0299544,105.8117759,atm,
4782240721,21.0412732,105.7980936,cafe,Trúc Lâm Station
4783942621,21.0164044,105.777115,restaurant,
4783942721,21.0794885,105.8127893,restaurant,
4784096021,21.0105248,105.800961,cafe,Highlands Coffee
4784122321,21.0320803,105.8469222,restaurant,Quán Bún Bò Nam Bộ
4784540821,21.0206823,105.8457267,cafe,Cà Phê 81
4789270528,21.0301366,105.8504582,restaurant,S&L's Diner
4790075224,21.0019525,105.9104157,atm,
4790082725,21.0288652,105.8497803,restaurant,Nhà Hàng Al Fresco's
4790109721,21.058897,105.9653637,atm,
4790110121,20.9900467,105.9482309,atm,
4790110221,20.9865252,105.9318606,atm,
4791005121,21.0362675,105.8507399,cafe,Cà Phê No.1
4791366721,20.9963358,105.9127113,atm,
4792530622,21.005707,106.0004553,atm,
4792535221,21.0065161,105.984779,atm,
4792599921,21.0001675,105.9725531,atm,
4792981122,21.1865308,105.774914,restaurant,
4792981222,21.0097107,105.8057305,restaurant,
4794831533,21.0176477,105.9646727,atm,
4794832029,21.0628552,105.9887817,atm,
4796504065,21.0591745,105.8320456,restaurant,
4797480822,21.0195808,105.8425213,restaurant,
4799118141,21.1205186,105.8087589,cafe,Vườn Xoài
4800023939,21.0327066,105.8543843,restaurant,Nhà Hàng Nét Huế
4805279021,21.0355549,105.8178405,restaurant,Quán Lươn Bà Liên
4806864570,21.0408979,105.7731434,cafe,Cà Phê Financial
4806919622,21.0336298,105.8549965,restaurant,Nhà Hàng High Way 4
4806919623,21.0223434,105.8469426,restaurant,Cơm Chay Nàng Tấm
4806921821,21.0296651,105.8422981,restaurant,Nhà Hàng Ahimsa
4807643024,21.0461015,105.7962614,atm,Vietcombank
4809622926,21.0278726,105.8418022,community_centre,
4810696421,21.0313374,105.8321031,restaurant,Nhà Hàng Chicken Street
4810840721,21.0325016,105.8487795,restaurant,Nhà Hàng Goodfellas
4813342621,21.0198021,105.842409,restaurant,
4813809430,21.0449836,105.8750707,cafe,TT Bit Board (Milk tea - Video game - Board game)
4829993422,21.0328086,105.8505278,cafe,
4831974121,21.0252823,105.845214,cafe,Cộng Cà Phê
4834356522,21.0314745,105.8550417,restaurant,
4843289121,21.0292923,105.8504114,bank,HSBC
4846011326,21.020162,105.8428691,cafe,O TreeCoffe
4846011424,21.0366953,105.8527136,cafe,Mira Coffee
4846983321,21.0322313,105.8544278,cafe,Cà Phê Nắng
4851083723,21.0241627,105.8583374,restaurant,Nhà Hàng Amato
4851273722,20.8540631,105.5536835,restaurant,Nhà hàng Ẩm thực Việt Pháp Vịt Cổ Xanh
4857749522,21.0367098,105.8519644,restaurant,
4859558525,21.0375096,105.8010942,fast_food,KFC
4863255121,21.0066757,105.8037776,restaurant,
4867426122,21.0145295,105.8498058,restaurant,Nhà Hàng Guan Nem
4867427121,21.0259102,105.8465214,restaurant,
4868910830,21.030163,105.8505011,restaurant,
4868939821,21.0293786,105.8482035,restaurant,
4869029621,21.0353277,105.8534398,restaurant,
4869278321,21.0325749,105.8468198,cafe,IVegan Supershop
4871291822,21.0258188,105.8515266,cafe,
4871303622,21.0607951,105.3630913,fast_food,
4878114221,21.032358,105.8514512,cafe,O dây có bán càphê
4879625121,21.181298,105.5979628,restaurant,Quán Cơm
4885271521,21.0265898,105.8434691,restaurant,Phở Lâm
4897173121,21.035895,105.8502532,fast_food,Phu' O'ng Beo
4898407622,21.0354182,105.8505051,cafe,Cà Phê AnAn
4900694693,20.5757389,105.8728946,marketplace,Chợ Quế
4902370021,21.0338642,105.8470959,restaurant,
4905672622,21.0335516,105.8521428,restaurant,Phở Sướng
4912033623,21.0302115,105.7794102,atm,
4914175221,21.0289524,105.8571216,cafe,Cà Phê Cô Hoa Cơm
4929488522,21.0254324,105.8578225,restaurant,
4934970823,21.0556906,105.8212605,restaurant,
4934972421,21.0701195,105.8228509,restaurant,
4936488121,21.0402766,105.8481886,restaurant,Cửa Hàng Hoàng Tâm Xôi
4939706523,21.0363233,105.8473594,cafe,
4940136724,21.0181595,105.7920643,atm,
4940136727,21.0179901,105.7897777,atm,
4941574521,21.0365722,105.8479233,fast_food,
4944084522,21.0318406,105.8532661,restaurant,
4944084523,21.0302017,105.8505637,restaurant,Tuên an
4944084524,21.0293044,105.8492959,restaurant,Quán Goc Da
4945035121,20.9139305,105.8521009,post_office,VNPT VINAPHONE KHU VỰC 6
4945168423,21.0345487,105.8471194,cafe,
4960947083,21.0323083,105.8519549,atm,
4961221921,21.0257078,105.8490481,cafe,Trung Nguyên Coffee
4962244121,21.0374505,105.8472356,cafe,Cà Phê Lutulata Desserts and Drinks
4968634722,21.032337,105.8544181,cafe,Cà Phê Zone
4970297721,21.0326195,105.8539004,restaurant,
4973295321,21.0337987,105.8531624,restaurant,orchid
4973895421,20.971103,105.7791325,cafe,Cà Phê 555 Trưng Trắc
4974302123,20.970647,105.7795514,restaurant,Lẩu Nướng Minh Minh
4976315121,21.028106,105.8101165,restaurant,Nhà Hàng Bồ Đề Tâm
4981745321,20.9649324,105.8310637,restaurant,nhà hàng tuấn vương
4995292621,21.0492014,105.8394714,restaurant,Nhà Hàng A La Folie
5000887421,21.3821658,105.5116697,atm,
5000887521,21.3822434,105.5116227,atm,
5003357821,21.0352077,105.8207425,cafe,
5004266348,21.0322358,105.8510679,cafe,Cafè Phố Cổ
5006775621,21.0434715,105.842627,restaurant,
5011651123,21.0303347,105.8411651,cafe,
5013245121,21.038472,105.8520643,cafe,
5014142525,21.1604985,105.7942048,atm,
5027299522,20.9777628,105.7900104,cafe,
5027573621,21.0135142,105.8032459,cafe,Highlands Coffee
5029975324,21.0354736,105.8528792,restaurant,
5030033123,21.0152726,105.8011916,restaurant,Bánh cuốn Gia An
5030121722,20.9627633,105.7907,cafe,Cộng Cà Phê
5031497530,21.0294645,105.8485767,restaurant,
5031536021,20.9662859,105.7899548,restaurant,Pizza Callo
5033961122,20.9659064,105.7913906,cafe,Cà Phê Hoa
5035878823,20.9607206,105.7920451,cafe,Highlands Coffee
5035941024,20.961372,105.7923624,cafe,Cà Phê Sạch Biblio
5036642922,20.9620323,105.7928899,fast_food,Lotteria
5038087223,20.9651965,105.7931126,cafe,Cà Phê Karaoke 103
5042413525,21.0295606,105.8476015,cafe,Cà Phê Bar Barista Frank
5043010221,21.2792692,105.6106385,restaurant,Hiển Thiễn (hiển vy)
5043921422,21.0285356,105.8495915,cafe,Trung Nguyên Coffee
5044649521,21.0318899,105.8528152,restaurant,Wrap & Roll
5047144837,21.0233594,105.8543388,atm,
5050452761,20.8904533,105.7636393,restaurant,Trọng thơm
5059466322,20.9638882,105.7493221,restaurant,
5059515222,21.0286561,105.8484107,restaurant,
5061776421,21.0526706,105.8989058,cafe,
5070534521,20.9639549,105.8254866,cafe,Highlands Coffee
5070808521,21.0321155,105.8531161,restaurant,
5072875424,21.0323577,105.8515057,cafe,Cộng Cà Phê
5087685023,21.035999,105.8527883,atm,
5088087021,21.0238115,105.8419625,restaurant,Nhà Hàng An Lạc Chay
5088092923,21.0135722,105.846735,restaurant,Nhà Hàng Chay Liên Hoa
5094614624,21.097677,105.4021683,restaurant,
5102190321,21.0251032,105.8416063,restaurant,
5102405322,20.7599272,105.9885239,restaurant,Quán ăn Hà hà
5104738222,20.9908834,105.8067936,cafe,Cà Phê Anh Hoàng
5110317521,21.0320844,105.8469229,restaurant,
5110883921,21.0354983,105.8537078,cafe,
5112142021,20.9608423,105.7626457,fast_food,KFC
5112142022,20.9640999,105.7476475,restaurant,
5112142121,21.0292947,105.8437348,cafe,
5114360822,21.0203054,105.8498303,restaurant,
5116302421,21.0336377,105.8463792,fast_food,Phở Gia Truyền
5116302621,21.0430151,105.8437843,restaurant,Nha hang Cha Ca La Vong
5123397821,21.0145417,105.8133,bank,
5124089830,21.0190469,105.8479405,restaurant,
5125915206,21.0684335,105.8111519,atm,
5126355923,20.9689263,105.7812888,fast_food,Bánh Bao Ngọc Hương
5130864937,21.0358232,105.8529523,restaurant,
5133284823,21.0288136,105.8496468,cafe,Cộng Cà Phê
5140817327,21.009395,105.795665,cafe,Cà Phê Mộc
5141145941,21.2058463,105.9602745,restaurant,Nhà hàng sinh thái Phước Long
5141997421,21.0255796,105.852762,cafe,Cà Phê Aha
5144954321,21.0353161,105.8520421,restaurant,Nhà Hàng Ẩm Thực Ba Miền
5149561322,21.0321214,105.85555,restaurant,
5151048421,21.0367817,105.8019454,fast_food,Burger King
5151255326,21.0312282,105.8016631,cafe,
5157320427,21.032236,105.8457143,cafe,
5157335622,21.035855,105.8519071,fast_food,
5158023921,21.0355178,105.8477243,restaurant,
5176350821,20.9565636,105.7571222,cafe,Cà Phê Hát Cho Nhau Nghe
5179500224,21.0355924,105.8535617,restaurant,
5183252822,21.0331017,105.850181,cafe,Cà Phê 34
5188122821,21.0353916,105.8486456,cafe,Little bowl
5190792873,20.9934914,105.8406785,bank,Agribank
5190836084,20.9938019,105.840708,restaurant,Phở Cười
5190836085,20.9937568,105.8407885,restaurant,Nhà Hàng Cảnh Gù
5201147328,21.0158745,105.8474793,restaurant,Phở bò 21
5203319627,21.041591,105.8294223,restaurant,
5214537524,21.0290337,105.8431024,restaurant,
5217494823,21.0256813,105.845695,restaurant,Soup kitchen
5218038121,21.0448533,105.8168192,restaurant,Quán Bia Hơi Cường Hói
5221900026,21.0286147,105.8571271,cafe,
5223147223,21.0246726,105.8584762,cafe,
5227122539,21.0347863,105.8531266,restaurant,Nhà Hàng Matto
5231944923,21.0320269,105.8521491,restaurant,
5233487022,21.0303997,105.8372464,cafe,Cà Phê Helio
5237474652,21.0323736,105.8488533,cafe,Cà Phê & Bar Circle
5239158923,21.0622519,105.8079679,cafe,Ding Tea
5239480022,21.030761,105.8560389,post_office,Bưu Cục EMS Tràng Tiền
5242789221,21.033564,105.8470901,restaurant,Dong Phu
5243819741,20.9665777,105.7708494,bank,VietinBank
5243867636,20.9660209,105.7720038,cafe,Highlands Coffee
5246547423,21.0650027,105.8100371,atm,
5255356021,21.032181,105.8467339,restaurant,Xoi Cat Lam
5255729721,21.0348427,105.8518438,restaurant,
5255751423,21.0274488,105.8389992,restaurant,
5259710923,21.0341874,105.853736,cafe,Cà Phê Align
5267763122,21.0301179,105.8481416,restaurant,
5269220723,21.0355084,105.8478138,cafe,
5270147922,21.0368243,105.8524836,atm,
5270173121,21.0360109,105.8529092,atm,
5273086824,21.0302359,105.8506192,restaurant,
5273088821,21.0338602,105.8521422,restaurant,
5273753991,20.9869915,105.8592792,restaurant,QUấn bún riêu Đền Lừ
5274931721,21.0357103,105.8509354,fast_food,Cửa Hàng Bánh Mì Hội An
5276387222,21.0321848,105.8481638,restaurant,
5277149621,21.0305967,105.8474703,restaurant,Nhà Hàng Mỹ Phồ
5278883223,20.8711607,105.5293325,atm,
5281285221,21.0411282,105.8489768,cafe,
5281622724,21.045069,105.8432765,post_office,
5285071604,20.9992647,105.8696555,bank,VPBank
5285524951,21.0209328,105.8448813,cafe,Cà Phê Shop
5288964825,21.0248221,105.855295,restaurant,tiem banh mi
5289860021,21.0321017,105.8544699,cafe,Cà Phê Phương Linh
5296689023,21.0346495,105.747028,post_office,Bưu Điện Xuân Phương
5299167122,21.038489,105.8472384,cafe,
5299562823,21.0307596,105.8457769,restaurant,
5302023621,21.0436054,105.8726898,cafe,
5302806921,21.0345739,105.8468797,cafe,
5303035835,21.0348791,105.8534878,atm,
5304214121,21.3180123,105.420434,post_office,Bưu điện thành phố Việt Trì
5309704611,21.0255059,105.8525254,restaurant,Nhà Hàng Hanoi Tan Tan
5313158823,21.0375341,105.8482006,restaurant,Bún Mọc
5315672621,21.0745825,105.8134757,food_court,Bún Bò Huế O Uông
5319295035,21.0260063,105.8507131,restaurant,Nhà Hàng Hanoi Tan Tan
5321972321,21.0597181,105.8300842,restaurant,Nhà Hàng Gòn - Bites & Veggies
5323152623,21.0349731,105.8475555,restaurant,Bún Chả - Nem Cua Bê
5324912922,21.0340799,105.853663,restaurant,Nhà Hàng Hanoi Food Culture
5332605125,21.0354212,105.8532441,restaurant,
5332620122,21.0284211,105.8483461,restaurant,Nhà Hàng Chay Mihn
5334178022,21.0181784,105.8553,restaurant,Quán Phở Thìn
5336155723,21.0341656,105.8510418,cafe,Cà Phê AG
5336777122,21.0319409,105.8400282,atm,ACB
5340681121,21.0422036,105.8453469,restaurant,Pho Ga
5340817221,21.025385,105.8530718,fast_food,McDonald's
5342137921,21.0292614,105.8506251,atm,Agribank
5342538321,21.0337945,105.8520861,restaurant,Quán Ốc Nóng Hà Trang
5342660823,21.0367257,105.8471246,restaurant,Bánh Cuốn Hàng Cót
5344212221,21.0329768,105.8502754,cafe,
5345982922,21.1462686,105.4951113,atm,
5346203822,21.0325295,105.8505361,cafe,
5349208222,21.3220871,105.6031503,restaurant,nhà hàng cơm phố 2
5350734821,21.035304,105.8189349,food_court,Nhà Hàng Chim Quay Móc Mật
5350769522,20.9956274,105.8408923,fast_food,
5354677369,21.0230329,105.8490199,restaurant,Quán Bún Lòng A Cay
5355786321,21.0156993,105.8256523,cafe,Phòng Trà Phố Nghèo
5363739921,21.0305512,105.8425983,restaurant,Nhà Hàng Sushi Japanese
5363740021,21.0302722,105.8427068,restaurant,Zamba Beer and BBQ
5365206721,21.0240232,105.8509968,restaurant,Nhà Hàng Kaiser Kaffee
5367602821,21.0250072,105.8443626,atm,
5370682521,21.3036569,105.589348,cafe,
5374286257,21.0354719,105.7966009,cafe,Cà Phê Ban Mê
5374427522,21.0384778,105.8449795,cafe,Reng Reng Café
5375190021,21.0423221,105.8380982,restaurant,Loving Hut
5379859323,21.0354746,105.8535191,cafe,Cà Phê Vui
5380097221,21.0356431,105.8538647,cafe,Cà Phê Mystic
5382848423,21.0193747,105.8555147,cafe,
5384961328,21.0180097,105.8537362,restaurant,Phở Mai Anh
5384962122,21.0135428,105.8495643,fast_food,Bánh Cuốn Bà Hoanh
5384962124,21.0314063,105.850354,fast_food,Xôi Gà
5384986721,21.0270241,105.8242231,restaurant,Cửa Hàng Chả Cá Anh Vũ
5384986723,21.0460551,105.8413064,restaurant,Phở Cuốn Hương Mai
5385095921,21.018791,105.85518,fast_food,
5385096023,21.0180589,105.8524887,restaurant,Cửa Hàng Mai Nga Bún Cá Hà Thành
5385096024,21.0182107,105.8519949,fast_food,Thanh Vân Bánh Cuốn Gia Truyền
5385239425,21.0169521,105.8503317,cafe,
5385300722,21.0180387,105.8538331,cafe,
5385333722,21.0180243,105.8528281,fast_food,Quán Chè Mười Sáu
5387044321,21.0190493,105.8511445,fast_food,
5387201586,21.0191303,105.8508622,fast_food,
5388373021,21.0193255,105.8503649,fast_food,
5388603121,21.0242715,105.8541273,restaurant,Cơm Chay Tú Hảo
5389741221,21.0372617,105.8514346,fast_food,
5389834822,21.0312362,105.8545903,restaurant,
5393358023,21.0412578,105.844656,bank,PVcomBank
5394982122,21.0404727,105.8455225,cafe,
5395627822,21.035179,105.8531095,fast_food,Kebab & Co
5397533721,21.3772797,105.33555,cafe,Dau Dau
5397611521,21.0337212,105.8478093,restaurant,Nhà Háng
5402607721,21.0280926,105.846086,cafe,Cà Phê Trung
5402627723,21.0342183,105.8521721,cafe,Cà Phê 39 Tạ Hiển
5403043721,21.0291628,105.8436305,restaurant,Bánh Cuôn Ký Dông
5411550522,21.0256891,105.8440968,restaurant,Tâm An Lạc
5415928129,21.0358882,105.8515281,restaurant,
5418568322,21.0415616,105.8435481,cafe,Cà Phê Chum
5421932025,21.0417605,105.8436821,cafe,Cà Phê Câu
5422454521,21.0348862,105.848126,restaurant,Quan 66
5424118323,21.0315945,105.844232,cafe,Cà Phê Cu Bảo
5426833821,21.0357597,105.8532632,restaurant,
5442110822,21.070278,105.8133426,restaurant,Peace Vegan
5459555822,21.023961,105.853787,restaurant,Phở Tư Lùn
5474541524,21.004751,105.8386135,fast_food,
5474590921,21.0311779,105.8493001,restaurant,Tư Lùn - Phở Gà & Bún Thang
5474624643,21.0435101,105.8419258,restaurant,Bánh Cuốn Thanh Vân
5474690735,21.0135702,105.8330632,restaurant,Cửa Hàng Bánh Mì Cười - Nam Đồng
5474774306,21.0349558,105.849493,restaurant,Bún Ngan Bích Béo
5474784664,21.0685161,105.8246308,restaurant,
5474790332,21.0171688,105.8550764,restaurant,Nhà Hàng Cháo Trai
5474800534,21.0088561,105.8337543,restaurant,Bánh Đúc Nóng - Trung Tự
5475930399,21.0203043,105.5513063,restaurant,Vân Hiền
5481580422,21.0205262,105.8446646,restaurant,
5482016521,21.0330233,105.8539031,restaurant,
5483878822,21.0319722,105.7834061,atm,
5484083323,21.0235569,105.8565841,cafe,Paris Deli
5485644612,21.0258742,105.8222117,fast_food,Domino's
5485644613,21.0136614,105.8511822,fast_food,Domino's
5485647547,21.0503921,105.7850989,restaurant,Bò Tơ Quán Mộc
5485648577,21.0187009,105.7931387,cafe,Highlands Coffee
5485649434,21.0171332,105.8271201,cafe,Cà Phê Moonlight
5485649532,21.0716393,105.7730759,cafe,
5485651759,21.0170546,105.8270102,marketplace,Chợ Sáng Trần Quang Diệu
5485651792,21.0335695,105.7701189,cafe,Highlands Coffee
5485653510,21.0383058,105.774715,cafe,Cà Phê Sách
5485653890,21.0145591,105.8048657,restaurant,Nhà Hàng Bánh Trắng Hoàng Bèo
5485653891,21.0144563,105.8041457,bank,Ngân Hàng Sài Gòn - Hà Nội SHBank
5485653892,21.0139948,105.8036897,restaurant,Patisserie Lapin
5485657266,21.008478,105.8133716,marketplace,Chợ Tình Sapa
5485657726,21.0327287,105.8095646,cafe,Nhà Hàng Bia Mộc Lâm 2
5485657752,21.0264009,105.8227238,restaurant,Wrap and Roll
5485659318,21.0489805,105.8398171,cafe,Cộng Cà Phê
5485660041,21.0745488,105.7738617,restaurant,Nhà hàng
5485660083,21.0236535,105.8048715,marketplace,Chợ Láng Thượng
5485662115,21.0256292,105.8217777,restaurant,
5485662762,21.07475,105.773569,atm,
5485663062,21.0336801,105.8064499,atm,
5485663097,21.0225583,105.8003246,cafe,Cà Phê Aroi
5485663514,21.0242775,105.8209471,restaurant,Nhà Hàng Cơm Niêu Kombo
5485664110,21.0229005,105.8011935,bank,VietinBank
5485664230,21.0298004,105.763536,bank,Agribank
5485664342,21.0253913,105.8215529,atm,Vietcombank
5485664399,21.0377829,105.7721686,cafe,Cà Phê Maxx
5485664752,21.0262998,105.8114972,restaurant,Nhà Hàng A2 Ngọc Khánh
5485665267,21.0679022,105.8272796,marketplace,Chợ Hoa Quảng An
5485665297,21.0239192,105.8199492,restaurant,T+ Beer Club
5485670666,21.0065578,105.9332118,restaurant,VNUA restaurant
5485670670,21.0239911,105.8206671,restaurant,Nhà Hàng Bít Tết Ngon
5485670930,21.0111401,105.8367052,fast_food,Lotteria
5485674588,21.0246891,105.8190193,cafe,Highlands Coffee
5485675724,21.01667,105.7996998,restaurant,San hô biển
5485690545,21.0256455,105.8218946,cafe,Gong Cha
5485700946,21.0117444,105.8368942,cafe,Taste Tea
5485704469,21.0278405,105.8447463,restaurant,
5485709632,21.0273996,105.8424296,restaurant,
5485710758,21.0229999,105.8061749,restaurant,Nhà hàng Phương Nam
5485711487,21.0282006,105.841697,marketplace,
5485712356,21.0229312,105.8011759,atm,
5485713617,21.0231176,105.8018939,restaurant,Quán vịt nướng
5485713823,21.0085448,105.8077448,atm,
5485714439,21.027707,105.8414889,atm,
5485716152,21.0232846,105.8075363,cafe,Trà sữa Cha Go Tea
5485717488,21.0232359,105.8077753,cafe,Trà sữa Tea Station
5485722446,21.0233672,105.8070266,cafe,Ding Tea
5485722931,21.0229944,105.8015308,cafe,Cà Phê Feeling Tea
5485723255,21.0070005,105.8056127,cafe,The Farmer gardenista
5485723847,21.022929,105.800884,restaurant,Phở Cồ
5485724273,21.023585,105.8062005,fast_food,Quán chè Đầu Bếp
5485727933,21.0264169,105.8228123,post_office,Bưu Cục Giảng Võ
5485732122,21.0264969,105.8230332,cafe,Cà Phê Hương Hà Nội
5485732225,21.0737133,105.7772058,bank,
5485733700,21.026453,105.8226645,cafe,Cà Phê Mộc
5485735851,21.017404,105.7984854,cafe,Cộng Cà Phê
5485739806,21.024114,105.8111829,fast_food,Nhà hàng Chef Dzung
5485739807,21.0395544,105.772734,restaurant,Nha Hang Nhat Nuong
5485740783,21.0223566,105.7883168,restaurant,Nhà hàng Samwon
5485748251,21.0260568,105.8224375,atm,
5485756823,21.0271124,105.8222498,restaurant,Gà Mạnh Hoạch
5485756831,21.0716262,105.7740969,atm,
5485756832,21.026648,105.8122904,cafe,Cà Phê Daily
5485760263,21.0263284,105.8417206,restaurant,Nhà Hàng Làng Tôi
5485760264,21.0269585,105.8122368,restaurant,Nhà hàng Món Huế
5485766229,21.0384976,105.7727129,restaurant,
5485766230,21.0344004,105.811264,restaurant,Nhà Hàng Bia Hơi Hải Xồm
5485766418,21.0274542,105.8123843,restaurant,Cửa Hàng Bánh Ngọt Paris Gateaux
5485768199,21.0278572,105.8125211,restaurant,Nhà hàng Nét Huế
5485770708,21.0080363,105.828301,atm,
5485771446,21.0161503,105.7997636,restaurant,Đà Nẵng Quán Bánh Tráng
5485772100,21.0280475,105.8125587,restaurant,Nhà hàng Cơm niêu Thúy Nga
5485777635,21.029167,105.835071,restaurant,Phủi Quán
5485777714,21.0158585,105.8000723,fast_food,KFC
5485777715,21.0374605,105.7734257,bank,VietinBank
5485779171,21.0287861,105.8128162,restaurant,Bánh Mỳ Cô Long
5485779295,21.0218055,105.8090158,cafe,Star Cafe - Nhà Hàng Sân Vườn Trên Cao
5485779587,21.0308649,105.819756,restaurant,Soya Garden
5485779590,21.0266823,105.8177878,restaurant,B TÔNG
5485779592,21.0253687,105.8185094,bank,Techcombank
5485779646,21.0284982,105.8127598,restaurant,Nhà Hàng Han Kook Kwan
5485779798,21.0284656,105.8127303,restaurant,Nhà hàng Như Quỳnh
5485781399,21.0760243,105.7735397,restaurant,Quán bánh xèo Thanh Nga
5485788108,21.0184654,105.7932361,restaurant,Nhà hàng cô tô
5485791236,21.0368949,105.7776297,cafe,Tocotoco
5485791237,21.0369024,105.7775627,cafe,Royaltea
5485791896,21.027178,105.8171936,restaurant,Nhà Hàng Bếp Mường
5485792883,21.0231443,105.801484,bank,Techcombank
5485794302,21.015772,105.8055468,restaurant,Vị Quảng
5485795483,21.0191687,105.793509,restaurant,Nhà hàng Tadibar
5485795813,21.0198815,105.8170605,restaurant,Nhà Hàng Hàng Bánh Poeme
5485795886,21.0301162,105.8172329,restaurant,Nhà hàng Ngọc Thúy
5485796264,20.973465,105.8357175,bank,Ngân Hàng TMCP An Bình (ABB)
5485796749,21.0303637,105.8166595,restaurant,Nhà hàng 123 Kim Mã
5485799525,20.9735829,105.8357791,bank,PGD Ngân Hàng Đầu Tư và Phát Triển BIDV
5485799797,20.9740337,105.8357819,post_office,ViettelPost
5485802345,21.0385851,105.7906467,restaurant,Nhà Hàng Kombo
5485803769,21.0274431,105.8214833,restaurant,Nhà hàng Kim Long
5485807457,21.0304779,105.8198351,restaurant,Nhà hàng Mẹt Đồng Quê
5485808073,21.0303953,105.8196715,restaurant,Bánh Cuốn Gia An
5485810344,21.0264664,105.8230618,cafe,Cà Phê Maxx
5485810347,21.0258373,105.8221719,cafe,
5485810348,21.0258135,105.8221384,restaurant,Gà rán
5485810349,21.0257766,105.8220995,restaurant,Nhà Hàng Lemon House
5485810350,21.0257391,105.8220479,restaurant,Nhà Hàng Lẩu Hơi Cosmos
5485825576,21.0387453,105.7907369,cafe,V cafe
5485825582,21.0394206,105.7726814,restaurant,Nhà Hàng Lẩu Bà Téo
5485828766,20.9759557,105.8361102,bank,PGD Ngân Hàng Quốc Tế VIB
5485831311,21.0195062,105.8166365,bank,BIDV
5485832236,21.0367787,105.7793725,cafe,Trà Sữa BoBaBop
5485841639,21.0668508,105.780527,restaurant,Lộc Vừng Quán
5485842830,21.038469,105.7917348,restaurant,Quán Ăn Huế Nam Giao
5485844195,21.0653087,105.7815978,cafe,Cà Phê Container
5485848408,21.0386996,105.7921918,bank,Techcombank
5485848998,21.0200806,105.8009612,restaurant,Lẩu Nấm Gia Khánh
5485850655,21.0646008,105.7826096,cafe,Cà Phê First
5485850796,21.0195986,105.8008718,restaurant,Lẩu Dê Vạn Xuân
5485852162,21.019481,105.8004287,cafe,Xưởng Cafe
5485852966,21.0195848,105.8007395,bank,Ngân hàng Seabank
5485858161,21.019075,105.7999327,restaurant,Nhà hàng bún chả 25
5485858791,21.0651217,105.7643856,atm,
5485862923,21.018957,105.8026611,restaurant,Quán bia Hà Nội
5485869058,21.0177353,105.7986114,cafe,Cà Phê Mimesa
5485869374,21.018728,105.8028012,cafe,Cà Phê Happyland
5485871410,21.0177126,105.7980382,restaurant,Nhà Hàng Bia Hải Hói
5485871780,21.0011223,105.8180277,cafe,Cà Phê Firefly
5485874461,20.9846221,105.8384529,bank,Ngân Hàng TMCP Quân Đội MB
5485874465,21.0000656,105.8303812,restaurant,Nhà hàng Cảnh Hồ
5485874969,21.0279879,105.8327348,bank,Vietcombank
5485875291,21.0384964,105.7930323,cafe,Sinh Cafe
5485875445,21.0267699,105.8327341,bank,Sacombank
5485877092,21.0186309,105.7986358,cafe,Soya Garden
5485879965,21.0068776,105.8229047,fast_food,KFC
5486075337,21.0226243,105.8197796,restaurant,Nhà Hàng Bia Lan Chín
5486606622,21.0366171,105.8508489,fast_food,Cửa Hàng Burger Street Hanoi
5487927423,21.0311607,105.8470181,bank,Maritime Bank
5489944413,21.0456416,105.8683993,cafe,Cà Phê Long Biên
5490223222,21.0336939,105.8474576,fast_food,Taco King
5490298321,21.0610851,105.7838507,restaurant,Cửa Hàng Bia Hơi Duy Thái
5491050400,21.0451806,105.8689215,restaurant,Mỳ Vịt Tiềm A Cường
5491060637,21.0452136,105.8688982,restaurant,Nhà Hàng Mì Vịt Tiềm A Cường
5491288621,21.0331966,105.8539228,restaurant,Nhà Hàng Garden House
5498612721,21.0313032,105.8492471,atm,
5504330621,21.0456459,105.8427155,restaurant,Song Thu
5510010523,21.0321531,105.8529438,restaurant,Nhà Hàng Linh Vy
5512829423,21.0495334,105.8660349,restaurant,VuVo BBQ
5514784422,21.0318884,105.8527762,atm,
5517035923,21.0373274,105.849914,restaurant,
5518348822,21.0149865,105.8005193,restaurant,việt xưa house
5519607823,21.0447056,105.8413156,cafe,
5524204222,21.0713832,105.8219909,restaurant,
5529890722,21.32899,105.3897966,restaurant,Phó phù gia
5535172928,21.0606197,105.8273324,restaurant,Chops Wagyu BBQ
5539359023,21.0408213,105.8475681,restaurant,Nhà Hàng Moonview
5539581921,21.0358189,105.8527775,restaurant,
5541768485,21.0194251,105.8556663,cafe,Tâm Quán Trà
5542149321,21.0216856,105.8505169,cafe,Vietnam Speciality Coffee
5549219968,21.2061624,105.9875315,cafe,
5555933421,21.065283,105.7980695,cafe,TwitterBeans Coffee
5565795845,21.2062461,105.9862843,cafe,
5565795846,21.2062207,105.9865278,cafe,
5568364586,21.0102502,105.8366163,bank,NCB Bank
5570585621,21.0036646,105.8499682,cafe,Cà Phê Fruits With Jogurt
5576733921,21.0348357,105.8480442,cafe,Cà Phê 1 Hàng Bụt
5577681624,21.0288532,105.8497403,cafe,
5579667221,21.0300745,105.8477592,restaurant,Quán Bông
5585967726,21.0318838,105.8476645,fast_food,
5592076021,21.0232264,105.8490782,cafe,Cà Phê Kiều
5592076221,21.0433984,105.8394547,cafe,
5604576821,21.0329908,105.8527343,restaurant,Quán Ốc Vi Sài Gòn
5606457122,21.1479469,105.5053968,atm,
5609443523,21.0413124,105.8472298,restaurant,Cửa Hàng Bún Chả 34
5614494624,21.0355183,105.7922694,fast_food,The Pizza Company
5616462621,21.0310886,105.8472628,restaurant,Nhà Hàng Bún Chả - Nem Cua Bê
5617113056,21.0211607,105.8557585,cafe,The Coffee Bean & Tea Leaf
5618095144,21.1945675,105.9557221,marketplace,Chợ Chờ
5621040322,21.0240318,105.8531752,cafe,The Coffee House
5621040324,21.0297825,105.8369781,restaurant,Nhà Hàng Akaari
5623291944,21.0072985,105.8054342,cafe,
5623291945,21.0625134,105.8280727,cafe,
5623291946,21.0152867,105.852196,restaurant,Cửa Hàng Chả Cá Kình Ký
5624759849,21.334064,105.3909334,cafe,caffe bus19
5625896527,21.0640184,105.8283344,restaurant,
5628078922,21.0318405,105.8483955,cafe,Cà Phê Hương Mai
5628700323,21.024231,105.8428313,restaurant,
5629880510,21.3286008,105.3885968,cafe,Caffe kimis
5639238821,21.0352089,105.8533867,atm,
5640067721,21.0314654,105.8546029,restaurant,Nhà Hàng MNA
5640396924,21.028273,105.8429534,bank,PVcomBank
5640397122,21.0357862,105.8532595,restaurant,
5641307521,21.0481665,105.7957916,cafe,
5641539689,20.8203616,105.3403319,marketplace,Chợ Phương Lâm
5645868623,21.0303616,105.8507105,restaurant,
5648652487,20.8279471,105.3395277,restaurant,nhà hàng Quán Ngon
5648653645,20.8304124,105.3405113,restaurant,nhà hàng Lạc Thịnh
5648739523,20.8299124,105.3458382,restaurant,Nhà hàng Hà Linh
5648749655,20.8355053,105.3494409,restaurant,Lẩu nhà hàng Hòa Bình
5648749657,20.8337579,105.3463723,restaurant,Thất tình Quán
5659806722,21.0200757,105.8488735,restaurant,Panam'
5660941448,21.0318036,105.8484159,cafe,Cà Phê Hanoi Station
5662831628,21.0173958,105.8472422,cafe,Ding Tea
5662831629,21.0176377,105.8473957,bank,VIB
5662845298,20.9990358,105.8458626,atm,Vietinbank
5662850954,21.0178228,105.8474336,bank,MSB
5662869723,21.0189237,105.8479564,restaurant,Wild Lotus
5662890235,20.9968015,105.8460382,restaurant,Quán Vịt Phúc
5662916896,20.9994114,105.845415,atm,BIDV
5662972421,21.0511892,105.8389009,restaurant,Cửa Hàng Chè Xưa Và Nay
5674267266,21.0033731,105.8364005,atm,
5678846121,21.0487656,105.8400701,restaurant,Nhà Hang 33 Trúc Bạch
5679069421,21.0199124,105.848831,restaurant,Panam' Cuisine
5679236108,20.9952842,105.8685706,restaurant,Nhà Hàng Long Hà
5680772376,21.0366156,105.7623583,fast_food,Lotteria
5698458607,20.9942155,105.8689212,restaurant,Nhà Hàng Gia An
5698458608,20.9942121,105.8682849,restaurant,Phở Hùng
5714499499,21.0316085,105.8505487,atm,
5719446321,21.0295092,105.8485214,cafe,Cà Phê Tour
5719880925,21.0454518,105.8155667,restaurant,Nhà Hàng Mộc Chay
5729394302,21.0327036,105.8555358,cafe,Cà Phê Kafa
5751409631,21.065582,105.8226426,restaurant,Nhà Hàng Délices de Mai
5753424521,21.0270533,105.8548181,cafe,
5753700123,21.0275728,105.824279,restaurant,Nhà Hàng Hot Rock
5755706221,21.0411497,105.8400148,cafe,
5757794021,21.0323492,105.8519675,cafe,Cà Phê Conifer
5758217921,21.0256284,105.8514511,restaurant,
5758797421,21.0426409,105.7960114,restaurant,Nhà hàng Phủ Lý
5760494421,20.9788069,105.7729932,fast_food,Pizza place
5761335023,21.043517,105.8728483,cafe,Cộng Cà Phê
5762376875,21.0338605,105.8521863,cafe,
5781047753,21.04395,105.8363653,fast_food,Lotteria
5791597253,21.0292118,105.8493515,restaurant,Nhà Hàng Cơm Việt Nam
5795094355,21.034321,105.8521912,restaurant,
5795904835,21.0328985,105.8461542,restaurant,Nhà Hàng Grandma's
5808897770,21.0194974,105.8572876,restaurant,
5808899358,21.0234488,105.8479656,restaurant,
5822647453,21.0368637,105.8525465,restaurant,Nhà Hàng Hanoi Taco Bar
5826304153,21.0337902,105.8474048,cafe,
5826775185,21.0209601,105.8486109,restaurant,Verticale
5838270900,21.03232,105.8523086,cafe,Smile coffee
5842314385,21.0367469,105.8462299,restaurant,Quán Miên - Bánh Da Cua Ly Quõc Su
5858722185,21.035192,105.8510942,cafe,
5859449689,21.0443386,105.8370135,cafe,Highlands Coffee
5870096885,21.0243978,105.8429344,restaurant,Nhà Hàng Dim Sum Minh Ký
5877127485,21.0446203,105.8424541,cafe,
5877127785,21.0453812,105.8408624,cafe,
5877127886,21.0380741,105.8467046,restaurant,
5877127987,21.0340554,105.8539119,restaurant,
5878061588,21.0119404,105.8032709,cafe,Cà Phê Hưng - Mộc
5880291585,21.0111486,105.8045073,restaurant,Bánh Đa Cua Hải Phòng
5887278086,21.0401082,105.8447022,bank,Sacombank
5892138785,21.0645058,105.8305083,restaurant,Loving Hut
5911741185,21.0317781,105.8532991,cafe,
5913097285,21.0259197,105.8153717,cafe,Cà Phê Sách
5915365601,21.0178704,105.7811825,cafe,TwitterBeans Coffee
5920327386,21.0300581,105.8228346,fast_food,Búng & Miến Ngân Mộc
5920353327,21.0302913,105.8476483,restaurant,Pho Ga Nguyet
5920363996,21.036049,105.8118946,restaurant,
5921822085,21.0322484,105.8535161,cafe,
5942412285,21.0321324,105.7932057,fast_food,Xôi Cô Oanh
5947888285,21.0552211,105.8364823,restaurant,
5948125246,21.0185887,105.7720944,atm,
5948536485,21.0306728,105.8193537,restaurant,Tiên Tửu Quán - Lẩu - Các Món Nhậu
5966485585,21.0201181,105.8545733,fast_food,Xôi Yên
5975911387,21.0315768,105.8545426,atm,
5977814886,21.0315013,105.8484223,cafe,Cà Phê & Bánh Mì Mạnh
5983124785,21.0290963,105.8487482,restaurant,Bánh Cuốn Bà Hạnh
5987797085,21.0345416,105.8474974,cafe,Nhat Long Coffe
6004448485,21.0355507,105.8505445,cafe,Trill Bistro
6008839585,21.062701,105.8283862,cafe,
6008965385,21.062984,105.8287752,cafe,
6009487787,21.0640149,105.8281256,cafe,Highlands Coffee
6009497185,21.0613575,105.8273599,cafe,Cà Phê Lá Studio
6009529785,21.0640812,105.8280744,atm,
6009710188,21.0298349,105.8446992,atm,Agribank
6012884346,21.0312161,105.8471966,restaurant,Nhà Hàng G-Grab
6021250585,21.0443602,105.8201987,cafe,
6024401286,21.0335189,105.8158601,cafe,Cộng Cà Phê
6027206187,21.0251704,105.8543603,cafe,Cộng Cà Phê
6033635187,21.0281518,105.8430797,cafe,
6035459485,21.0344919,105.8533419,restaurant,
6035928576,21.0250522,105.86208,food_court,Quán Cá Lăng Toàn Thắng
6036359888,21.0343921,105.8301652,restaurant,Ẩm Thực Chay Tịnh Nghiệp
6036359890,21.0419086,105.8339633,cafe,
6036440285,21.0428815,105.8430368,restaurant,Nhà Hàng 1946
6040579122,20.5714811,105.9524939,cafe,
6040579142,20.5720432,105.9501427,cafe,
6046203687,21.0420976,105.8462075,restaurant,Yin & Yang
6046688529,21.0287421,105.8494788,cafe,
6046688530,21.0287046,105.8493984,cafe,Cà Phê Liah's
6046688531,21.0286595,105.8493166,cafe,
6049182299,21.0380367,105.8522189,restaurant,Phở Thật
6053037215,21.0259423,105.855744,restaurant,Nhà Hàng Le Beaulieu
6068375687,21.0616656,105.8316398,restaurant,Shimla Indian Restaurant
6089622789,21.0354803,105.8480832,cafe,
6093264187,21.0325175,105.8477297,restaurant,
6094494886,21.0307763,105.8488719,restaurant,Hạnh Riêu Cua Ốc
6099909886,21.0312099,105.8501315,restaurant,
6101741065,20.9708434,105.8789097,atm,
6112241785,21.029087,105.8485762,cafe,Cà Phê Dream Beans
6112327086,21.0695525,105.8130107,cafe,
6112533433,21.0326139,105.8537561,cafe,
6115169685,21.0297414,105.8465073,cafe,
6117577785,21.0204781,105.849845,restaurant,
6117599885,21.0185716,105.8438554,restaurant,
6120503629,21.0348734,105.8242663,restaurant,
6120548685,21.0347517,105.8263182,restaurant,
6120582685,21.0336922,105.8313988,restaurant,
6120582686,21.0336043,105.8313598,restaurant,
6123357786,21.0352972,105.8484257,restaurant,
6123379915,20.9946104,105.8738825,cafe,
6127555185,21.0436976,105.8446857,restaurant,Veggie castle
6129579587,20.9842909,105.8664183,cafe,
6132002496,21.0083002,105.8526315,atm,ACB Bank
6133949185,20.972431,105.821435,cafe,Cà Phê 3k
6136355785,21.0360127,105.8525932,fast_food,Valhalla grill
6139814449,21.0195828,105.8479618,cafe,Cộng Cà Phê
6142520285,21.0361022,105.8524806,restaurant,Nhà Hàng Garden House 2
6146935685,21.0196234,105.851994,restaurant,Bún Chå Nem Cua Bê
6149039485,21.0132904,105.8497595,cafe,The Coffee House
6149560185,21.0179231,105.8327862,cafe,Quán Cầm
6152972186,21.0260035,105.8381035,restaurant,
6155720189,21.0308303,105.846607,restaurant,Nhà Hàng Trung Tâm Rooftop Bar
6160992885,21.2222257,105.9657294,atm,
6162359986,21.0518071,105.8381255,restaurant,Lẩu Hơi Lãng Bạc
6162869585,21.0332125,105.8025686,cafe,Cà Phê Cuối Ngõ
6169695785,20.9640244,105.8244541,restaurant,Thảo Linh
6174044986,21.0119248,105.8376422,restaurant,Nhà Hàng Chay Tâm An
6176851685,21.068292,105.825932,restaurant,tròn
6176888285,21.0329887,105.852924,restaurant,Cà Phê & Nhà Hàng Downtown
6180933088,21.0426039,105.8328213,fast_food,
6182248287,21.0268444,105.8402941,atm,
6184420089,20.9714242,105.6187375,community_centre,Nhà Văn Hóa Thôn Thế Trụ
6185175287,21.0299355,105.8428527,cafe,
6185305387,21.0243058,105.8558746,restaurant,
6185342489,21.0360094,105.8523268,restaurant,
6187334685,21.0331053,105.8524367,restaurant,Nhà Hàng 96
6195187685,21.0335894,105.855029,cafe,Hidden Gem
6205746665,21.278458,105.7293136,bank,Ngân hàng BIDV
6207082656,21.0168259,105.8212533,restaurant,Nhà hàng MAISON
6209501185,21.0285506,105.8440992,fast_food,vang khe
6212367385,21.0331799,105.8539242,fast_food,Xin chao!!
6224015609,21.0019669,105.8452337,fast_food,Lotteria
6224180286,21.0271045,105.8357536,cafe,Cà Phê Văn Miêu
6228818585,21.0340643,105.8496955,restaurant,Bánh xèo - Nem cuốn - Quẩy
6235477385,20.9808902,105.7510347,cafe,Cà Phê Huy Hoàng
6235610085,21.0309561,105.8547051,restaurant,
6240672585,21.0296818,105.8502857,restaurant,
6253214685,20.9835026,105.8415189,atm,
6255402285,21.2157115,105.7800206,restaurant,
6255746085,21.0291579,105.8492595,restaurant,Vivienne
6257554085,21.0293659,105.8463378,cafe,
6267125385,21.0677469,105.8261545,restaurant,
6269089078,21.0166063,105.8123208,restaurant,Bún Mọc Hằng Hiếu
6276021389,20.684626,105.6657394,restaurant,
6280931985,21.2754625,105.7284069,restaurant,
6284283388,21.0294106,105.8505651,atm,
6285982085,21.0333885,105.8478488,restaurant,
6288275185,21.0613593,105.8316564,fast_food,Valhalla grill
6290450885,21.0403728,105.8460296,fast_food,Cửa Hàng Doner Kebab
6290724786,21.0448345,105.8674785,restaurant,
6290791785,21.0448573,105.8664687,cafe,
6292564285,21.0565861,105.8674022,cafe,
6301834885,21.0289736,105.8458418,cafe,
6302504585,21.0323307,105.8519978,restaurant,
6302505485,21.0354652,105.8530397,restaurant,
6304938185,21.0382316,105.9060073,cafe,Cà Phê Nga
6307722585,21.029751,105.8417674,fast_food,
6312842337,20.9772347,105.7837057,atm,
6313622387,21.0326733,105.8545328,fast_food,Đồ Ăn Nhanh Kebab Anh Hùng
6322994586,21.0338195,105.8538768,fast_food,
6324767985,21.0771591,105.8227977,restaurant,Nhà Hàng Hỏa Lò
6324812247,21.024043,105.8539531,restaurant,Nhà Hàng King BBQ
6326715286,21.0654992,105.8108041,restaurant,Sushi holic
6326716386,21.0684402,105.8235855,restaurant,"Bún Cá, Chá"
6334894586,21.0375184,105.8491258,atm,
6334894587,21.0299464,105.8370634,cafe,Cà Phê Hanoi
6335523385,21.0378757,105.8479414,restaurant,Nhà Hàng Eel Soup
6346457447,20.9454795,105.8733014,post_office,Bưu Điện Yên Mỹ
6346505980,21.0362704,105.7613852,restaurant,Nhà Hàng King BBQ
6348643089,21.0360871,105.8525812,fast_food,Vegetarian Banh My 15k
6348643186,21.0348886,105.8539657,fast_food,Cửa Hàng Doner Kebab
6352681285,21.2971376,105.5605235,restaurant,Nhà hàng Quán Tiên
6354097485,21.0668069,105.811293,restaurant,Nhà Hàng Dragoncello
6356358445,21.0353057,105.8521311,restaurant,Nhà Hàng Hanoi 1983
6358068030,21.0052124,105.9115414,restaurant,
6358070010,21.0231143,105.8575606,atm,
6361078788,21.0337603,105.8547277,restaurant,Nhà Hàng Mắm
6361078887,21.0288912,105.8414352,cafe,Cà Phê Brother's
6363596370,21.0426556,105.8329754,restaurant,Nhà Hàng Fish
6363671560,21.0400788,105.7986737,restaurant,Nhà hàng Trúc Lâm
6378501085,21.0319051,105.846921,restaurant,
6380485085,21.0287299,105.8367104,restaurant,Nhà Hàng Bun Bêbê
6381080185,21.0290987,105.8478682,cafe,
6385048415,21.0622617,105.9107251,restaurant,
6385048425,21.0132526,105.8485786,restaurant,Phat Ky
6385048454,21.0255938,105.8544415,cafe,Cà Phê Mayfaire
6388936746,21.0655828,105.9076145,cafe,Cà Phê Mọc
6388936779,21.0654884,105.9076791,cafe,Cà Phê Bầu
6393783189,21.0107208,105.8458372,cafe,Cà Phê Kin
6393817286,21.0291269,105.8478697,cafe,Cà Phê 1988
6402570088,21.0310963,105.8489426,restaurant,Cửa Hàng Mihimihi
6402581586,21.0305956,105.8487232,restaurant,Pho 10
6402581685,21.0309242,105.8495016,cafe,The Little Hanoi Caffe and tea
6413826385,21.016337,105.8250572,restaurant,Nhà Hàng Chay Tuệ Giác
6415229467,21.0333105,105.7886001,atm,
6418705585,21.0378343,105.8461596,cafe,
6418870085,21.0376639,105.8309735,restaurant,Nhà Hàng Chick Garden
6419220950,21.0032008,105.834009,restaurant,Cơm Chay An Nhiên
6420370485,21.0320235,105.8469132,cafe,
6422973404,21.0534439,105.8339462,restaurant,Nhà Hàng Java Sea Food
6424773085,21.0326295,105.8465378,cafe,
6424773086,21.0594891,105.8298438,cafe,Cà Phê KOK
6424775485,21.0706594,105.8229086,cafe,
6424995987,21.0367858,105.8494102,cafe,
6424996587,21.0299039,105.8478348,restaurant,
6424998586,21.0294812,105.8478846,restaurant,
6424998587,21.0284496,105.8478596,cafe,
6424998588,21.0280205,105.8478811,restaurant,
6425004987,21.0281824,105.848122,restaurant,
6425005085,21.0292058,105.8483343,restaurant,Bún Riêu Cua Thu
6427399785,21.0255618,105.852715,restaurant,
6427431986,21.0342117,105.8474312,restaurant,
6427437185,21.0343174,105.8474762,cafe,
6427820686,21.0327445,105.8545446,cafe,
6427820688,21.0357718,105.8518135,restaurant,
6427847585,21.0324567,105.8545912,cafe,
6427848385,21.0331,105.8545131,cafe,
6429760085,21.0659627,105.8259437,restaurant,
6429760086,21.0665472,105.8261965,cafe,Starbucks
6429800386,21.0664844,105.8230894,cafe,Cha Cha Cake
6429803285,21.0679581,105.8223215,cafe,
6429803385,21.0680941,105.8224034,cafe,
6432124485,21.0129421,105.8025668,restaurant,Đụt Quán - Ốc
6432341586,21.0362167,105.8484936,restaurant,
6432354086,21.0362197,105.8471754,cafe,
6432355685,21.0361672,105.848884,cafe,Kafa Cafe
6433573985,21.0372025,105.8519418,restaurant,
6433573986,21.0600261,105.8333791,bank,VietinBank
6433573987,21.0233429,105.8507848,cafe,Laïka Café
6433574585,21.033145,105.8518597,cafe,
6435152186,21.0367909,105.847967,restaurant,
6437591785,21.0323452,105.8456346,cafe,
6437916085,21.0333652,105.8519996,restaurant,
6438137985,21.036736,105.8479666,cafe,
6438137986,21.0377328,105.8489333,cafe,
6438151686,21.0362652,105.8528119,cafe,xưởng ăn vặt
6440135985,21.0304476,105.8430181,bank,VPBank
6440136186,21.0290919,105.8490887,restaurant,
6440764687,21.029133,105.8423404,bank,VPBank
6440885289,21.0289642,105.8429959,cafe,
6440896387,21.0246116,105.8522547,bank,VPBank
6440896388,21.0300789,105.8444875,restaurant,
6442275885,21.0339497,105.8494665,restaurant,
6442565685,21.0299639,105.8478232,restaurant,
6442982885,21.0580844,105.8298665,restaurant,Nhà Hàng Home Kitchen
6445009685,21.0301491,105.84333,restaurant,
6445009885,21.0301309,105.8434382,restaurant,
6447046785,21.1450601,105.7786749,cafe,
6447335086,21.0355059,105.8314697,atm,
6447892486,21.0297459,105.8439872,restaurant,
6447895985,21.0300108,105.8443333,restaurant,
6447896085,21.0299439,105.8444543,restaurant,
6447896185,21.0296907,105.8439462,restaurant,
6447982187,21.0317722,105.8469276,restaurant,
6448043686,21.0316635,105.8469768,restaurant,
6448933985,21.0307005,105.8458576,cafe,
6448940987,21.0525413,105.8374622,restaurant,Thắng Hằng (bún chả)
6449286185,21.1193859,105.9676093,cafe,Gemini coffee
6449295054,21.1196678,105.9686363,restaurant,Nhà Hàng Trâu Lim Hải Anh
6449315236,21.1193605,105.9674337,restaurant,Nhà Hàng Trà Giang
6449317349,21.1195773,105.9651419,cafe,Cafe Dáng Việt
6449318503,21.120111,105.9648843,cafe,Diệp Linh Tea
6449319436,21.1194958,105.9641695,cafe,An Kinh Bắc - Quy Chế
6449320506,21.1197694,105.9652655,cafe,Dũng Coffee Sân Vườn
6449323543,21.1193715,105.9648036,cafe,Sen Quán
6449338224,21.1186874,105.9664666,restaurant,Nhắng Nướng Phương Kún
6449341441,21.1183922,105.9651524,restaurant,Queen BBQ Lẩu Nướng Lẩu Hơi Hàn Quốc
6449372157,21.1185123,105.9653508,restaurant,
6449376498,21.1174868,105.9681787,cafe,Cafe Tranh
6449393130,21.1183408,105.9647113,cafe,AN Garden By AN Cafe
6449417393,21.117878,105.9642989,restaurant,Vua Gà Mạnh Hoạch-Oanh Béo
6449443092,21.1176866,105.9639978,cafe,Dũng cafe
6451712889,21.0309929,105.8465291,restaurant,
6458302485,21.0453827,105.8709807,restaurant,
6458302486,21.0058882,105.9343531,restaurant,
6458302585,21.0471451,105.8726202,restaurant,
6462342285,21.0301665,105.8482376,restaurant,
6462514385,21.0347612,105.8263612,restaurant,Nhà Hàng Cháo Sườn Sụn 101
6466346985,21.0308435,105.8458102,restaurant,
6466347085,21.0308363,105.8462015,restaurant,
6466509649,21.0348295,105.8536842,restaurant,Nhà Hàng Dimsum Hongkong
6466624059,21.0348533,105.8513607,cafe,Highlands Coffee
6466626246,21.0349195,105.8513089,restaurant,V-Cuisine
6477774987,21.0349168,105.8535259,restaurant,NYC Pizza
6480695787,21.0290421,105.8495859,cafe,Cà Phê E-Paso
6480695791,21.0290287,105.8496192,cafe,Cà Phê Trà Chanh
6480762785,21.0369466,105.8507725,cafe,Cà Phê Cham
6483119385,21.0189669,105.8284746,restaurant,Cơm Nấm Việt Hà Thành
6483376386,21.0063325,105.8456847,cafe,Cà Phê Góc Phố
6484939588,21.035679,105.8534433,restaurant,
6484971687,21.0205212,105.8367589,restaurant,
6488009486,21.0297106,105.8276931,restaurant,Nhà Hàng CIAO
6490182686,21.0307908,105.8502668,cafe,Hidden Alley
6491325486,21.0403491,105.8755666,restaurant,
6491366585,21.0193684,105.824681,fast_food,Lotteria
6495167985,21.0213112,105.8356994,cafe,Tiệm cà phê LẠ LÙNG
6496657588,21.0256951,105.8460986,bank,KFW Development Bank Vietnam Office
6496942485,21.0188856,105.8286661,restaurant,Nhà Hàng Dim Sum Đại Hùng
6497320026,20.9054558,105.4731565,cafe,Quán Minh Vien
6497320027,20.9054063,105.4733031,cafe,Bàn Trang Quán Cafe
6497334367,20.9053509,105.4734235,cafe,Lâm Són Quán Cafe
6499558903,21.0280309,105.8578459,bank,Vietcombank
6505293885,21.0046858,105.8549156,cafe,Cà Phê Quang
6510504586,21.0227243,105.8074863,cafe,Cà Phê Meo
6514745386,21.0315177,105.8020974,cafe,
6515867786,21.040628,105.8440642,restaurant,Bún Riêu Gánh
6516239487,20.9799614,105.7486076,post_office,Bưu Điện Dương Nội
6516239587,20.9802801,105.7488709,community_centre,sân vận động DươngNội
6518159595,21.0347667,105.8533683,restaurant,Tiem Com Mot Ngay Moi
6518159596,21.0356026,105.8530061,restaurant,Nhà Hàng Ha Noi Xura
6520653785,21.0206055,105.8483076,restaurant,Nhà Hàng Fresh Crab
6520665188,21.0354808,105.8503074,restaurant,Thịt Quay Vạn Thanh
6521208885,21.023353,105.8051047,restaurant,
6521208886,21.0241419,105.8042783,cafe,Cà Phê Gotham
6525781986,21.0453801,105.8424599,restaurant,Nhà Hàng Home Hanoi
6531739087,21.0043211,105.8184802,cafe,Cộng Cà Phê
6532010485,21.0091135,105.8070067,restaurant,
6533686688,21.0102584,105.805596,cafe,Sapio Coffee
6533893985,21.0324152,105.855273,restaurant,Nhac cafe
6533979925,21.0109253,105.8021181,restaurant,Nhà Hàng Cutisun
6533984893,21.0107389,105.8063492,cafe,Cà Phê Green
6544086586,21.0101935,105.8046017,restaurant,Nhà Hàng Viako Garden
6544092285,21.01035,105.8056226,fast_food,
6544108206,21.1155306,105.9547157,restaurant,Trâu Ngon Quán
6544108208,21.1143569,105.9536246,atm,
6544108209,21.1138298,105.9525977,bank,Techcombank
6544108210,21.114545,105.9529273,restaurant,Tuktuk Từ Sơn
6544108211,21.113633,105.9511801,restaurant,Nhà Hàng bia Mambo
6544108212,21.1132499,105.9506409,restaurant,Nhà hàng bia B40
6544108213,21.1128821,105.9515844,restaurant,Quán Thắng Lơ Khơ
6544108214,21.1127758,105.9515803,restaurant,Lẩu Cua Đức Béo
6546414571,21.0975613,105.929219,restaurant,Bún Chả Thanh Hà
6551006685,21.0048395,105.8045696,restaurant,Nhà Hàng Nabesu
6551069588,21.009924,105.8029594,restaurant,Noble Moment
6555407842,21.0430838,105.8402655,bank,VietinBank
6561157585,21.0193167,105.8251792,restaurant,Le Monde Steak
6562291992,21.0148346,105.8233229,restaurant,Nhà Hàng Cà Phê Hub
6565494685,21.0024716,105.8026201,restaurant,
6572623644,21.0436927,105.8194703,restaurant,Phở Hợp
6579519048,21.039387,105.8460402,bank,VietinBank
6579800167,21.0376919,105.8491984,atm,Sacombank
6581045085,20.9746321,105.9121884,restaurant,Nhà Hàng Ando
6581613985,21.0121897,105.8213505,restaurant,Cửa Hàng Doner Kebab
6591434185,21.0266804,105.8484153,bank,HDBank
6599909168,21.0785187,105.8161075,restaurant,
6600061019,21.0803543,105.8171508,atm,SeA Bank
6600726754,21.0717442,105.8142008,cafe,Cà Phê Buddha Tarot
6600726758,21.0724216,105.8144173,fast_food,Cửa Hàng Ăn Nhanh M' Tacos
6600840051,21.0771271,105.8146933,cafe,
6600840056,21.077846,105.8151593,cafe,
6600935365,21.0466867,105.9172609,cafe,VPRESSO COFFEE
6602470279,21.0248787,105.8415863,cafe,Phiêu
6602476516,21.0334265,105.8470918,restaurant,Nhà Hàng Ita Food
6602491457,21.0234234,105.8441539,fast_food,Cửa Hàng Bánh Mì Hội An
6602496036,21.0254528,105.8529542,restaurant,Pho Hùng
6603253961,21.0587082,105.8077933,cafe,
6603270364,21.0355367,105.8177175,atm,BIDV
6603275733,21.0589973,105.8080883,restaurant,Nhà Hàng 92 Garden
6603532802,21.0555953,105.8107139,cafe,
6603990855,21.034765,105.8544644,cafe,Phuc Long
6605676242,20.9817038,105.8203199,cafe,Cà Phê 22
6606019737,20.9806482,105.8866596,bank,Agribank
6606142441,21.0444866,105.8180573,restaurant,Nhà Hàng Hồ Tây Sushi
6609648487,20.9635725,105.7911041,restaurant,Songhan BBQ
6609648488,21.0126154,105.8203802,restaurant,Nhà Hàng Good Sun
6609660791,21.016165,105.8228777,cafe,Cà Phê Aha
6610263236,21.0806785,105.8180433,bank,BacA Bank
6610335591,21.0789573,105.8193081,bank,Agribank
6610502429,21.0766766,105.8163328,restaurant,Jewel Diner
6610502444,21.07802,105.8178469,community_centre,Quận Tây Hồ UBND Phường Nhật Tân - Nhà Văn Hóa Phường Nhật Tân
6610502446,21.0781658,105.8180561,cafe,
6610502449,21.0786056,105.818504,cafe,
6610625866,20.999783,105.8186864,cafe,Cà Phê B59
6611456185,21.0239287,105.8566213,restaurant,Ốc Bông Quán
6611606687,21.0092136,105.8021421,restaurant,Nhà Hàng Al Fresco's
6611696086,20.9486102,105.9374644,cafe,
6611696185,21.0090272,105.8516548,fast_food,KFC
6611718571,21.0221845,105.8475021,bank,SHB
6616664757,20.9926731,105.8322262,bank,Techcombank
6616671217,20.9926672,105.8144635,restaurant,Phở Đường Tăng
6616718183,20.9945369,105.831042,bank,VietinBank
6616758885,20.9940921,105.8313468,bank,TPBank
6616774268,21.0356669,105.8512898,restaurant,The Taj
6616850170,20.9862022,105.8142353,cafe,501 Coffee
6616936896,20.9958478,105.8301911,bank,VIB
6617032063,20.9993047,105.828457,bank,SeABank
6617060315,20.9835498,105.850072,bank,TPBank
6617190557,20.9989491,105.8348259,atm,
6617270503,21.0002771,105.8291267,atm,
6617270504,20.9994636,105.8285192,bank,BIDV
6617292916,21.0003289,105.8280574,bank,BIDV
6617292917,20.9997862,105.8278723,atm,
6617292921,21.000563,105.8281097,bank,Saigon Comercial Bank
6617292923,21.0002024,105.8280238,bank,VietinBank
6617387576,20.9995301,105.8358693,cafe,Cà Phê Events
6617783881,21.0651316,105.8350144,cafe,Zin Cafe
6620581352,20.9890965,105.8301039,bank,Agribank
6620581354,20.9882231,105.8309696,bank,VietinBank
6621163197,20.9941062,105.8496304,cafe,Hồng Trà Ngô Gia
6621299499,20.9905352,105.8334268,bank,ABBank
6621299500,20.99043,105.8335096,bank,VietABank
6621395575,21.0551572,105.8358804,bank,SeABank
6621512167,21.0463243,105.8464748,bank,VietinBank
6621989886,21.02593,105.8180999,restaurant,
6624900021,20.9926979,105.8437439,bank,HDBank
6624953107,21.00713,105.8475554,atm,
6624992654,20.9913351,105.8445865,bank,SeABank
6625079099,21.0405266,105.8490852,bank,Agribank
6628638085,21.0121151,105.8040818,restaurant,Nhà Hàng Hương Mai
6631654131,21.0767279,105.8216395,cafe,Cà Phê T3
6632062624,20.9861091,105.868185,cafe,Cà Phê 37
6632371175,20.983482,105.8674004,bank,Vietcombank
6632992935,21.0331209,105.8529853,restaurant,
6634628886,21.032326,105.8453572,cafe,Cà Phê Hội An
6638267047,21.016265,105.8054316,restaurant,One Piece
6638453841,20.9886622,105.8472255,bank,Agribank
6638625421,21.0648587,105.8346429,cafe,
6638644295,21.0747157,105.8154738,atm,
6638909104,21.0738124,105.8152927,cafe,Cà Phê Đào Đình
6638964106,21.0425018,105.8423247,bank,ABBank
6640326787,21.0353644,105.8530643,restaurant,Nhà Hàng Local
6640901648,21.0326627,105.8290076,restaurant,Quán Nướng ABéo
6640913832,21.0429002,105.8395084,restaurant,Bún cá Văn
6641126738,20.9835354,105.8501686,bank,Agribank
6641126739,20.9834978,105.8503918,bank,VietinBank
6641557961,21.0307863,105.8548855,bank,Saigon Commerical Bank
6641719844,21.0800278,105.8172541,cafe,Cà Phê 708
6643877703,21.0421169,105.8700842,cafe,Cà Phê 131
6643877706,21.041292,105.8690945,bank,VietBank
6644038282,20.9628673,105.831567,cafe,VP5 New Epoch 6
6644607983,21.0805121,105.8188292,cafe,
6644729064,21.0814631,105.8193161,cafe,
6644860764,21.0348032,105.7725571,cafe,
6651901849,21.0475628,105.8421202,cafe,Cofy
6652234618,20.9584252,105.8045746,bank,Sacombank
6652248851,20.9576274,105.8071938,bank,VietinBank
6652272695,20.9586731,105.8052546,bank,BIDV
6652283539,20.965248,105.7938941,bank,
6652530096,21.0680756,105.8252608,cafe,
6656456339,21.0211894,105.8556502,restaurant,Nhà Hàng Kaiba Sushi
6657810885,21.0349909,105.851299,restaurant,V-cuisine
6657842582,21.0023563,105.8449077,cafe,Cà Phê Maxx
6657913067,21.0052092,105.8469777,bank,Sacombank
6658017286,21.0010544,105.8452161,restaurant,ToCoToCo
6658017292,21.0019352,105.8453932,bank,Techcombank
6658017293,21.0019296,105.8454274,bank,Western Union
6658026112,20.9977381,105.8457825,fast_food,KFC
6658027069,21.0024653,105.844629,bank,Vikki Bank
6658031269,20.9981879,105.8457687,bank,VPBank
6658329560,20.9955567,105.8516239,bank,Agribank
6658352098,21.003837,105.8476,bank,VietinBank
6658873504,20.9981829,105.8503479,fast_food,Lotteria
6658873511,20.9999658,105.8506201,fast_food,KFC
6658873535,21.0021305,105.8509031,bank,Techcombank
6659047593,21.0007351,105.8505336,bank,SeABank
6659047604,21.0053331,105.8511043,bank,VietinBank
6659212787,21.0432741,105.8227063,bank,Techcombank
6659212789,21.0431537,105.8231707,bank,VPBank
6659313114,21.0435375,105.8182164,atm,Techcombank
6661374541,21.0431214,105.8225226,bank,Agribank
6661539806,21.0035277,105.8369073,bank,Agribank
6661539809,21.0034576,105.8366847,bank,SCB
6661539810,21.0034193,105.8366112,bank,VPBank
6661539811,21.0034238,105.8365117,bank,Ocean Bank
6661539812,21.0034051,105.8364272,bank,Vietcombank
6661635856,21.0041074,105.8382732,bank,TPBank
6662843181,20.9851967,105.7989735,atm,
6662843182,20.9852412,105.79894,atm,
6662843183,20.9852161,105.7989568,atm,
6666266257,21.0374706,105.7718343,bank,HDBank
6666493219,20.9988602,105.8419499,bank,VietinBank
6668082611,21.0085397,105.8388139,bank,BacA Bank
6670224359,21.0416913,105.8471788,bank,Eximbank
6670224362,21.0419892,105.8466867,bank,Ocean Bank
6670224363,21.0420343,105.8465043,bank,HDBank
6670406358,20.9215597,105.9311443,cafe,Trà Chanh Bụi Phố
6670499436,21.0388237,105.7724492,cafe,Cà Phê Erato
6670721724,21.0424949,105.8423764,bank,VietinBank
6670760408,21.0417201,105.7734684,cafe,Cà Phê 102
6670874097,21.0423257,105.8401834,bank,TPBank
6672411655,21.0407394,105.8453321,bank,VietBank
6672464886,21.0448562,105.868312,bank,Techcombank
6672490294,21.039549,105.8397069,atm,
6672686462,21.0471973,105.8726102,bank,SeABank
6672686581,21.0421432,105.7748906,bank,VietinBank
6672692247,21.0482274,105.8745079,bank,VietinBank
6672720245,20.9754365,105.7755692,bank,VietinBank
6676669204,21.0278208,105.8417085,bank,VietinBank
6676844587,21.0232329,105.8416803,bank,BIDV
6677216418,21.0407854,105.7790891,bank,Agribank
6677228874,21.0433473,105.8719209,bank,VietinBank
6677228876,21.0502094,105.8844897,bank,Vietcombank
6677367420,21.047529,105.8799702,bank,SeABank
6677449288,21.0197766,105.8283967,bank,VietinBank
6677797674,21.0253802,105.8184973,atm,Techcombank CDM
6677803295,21.0192383,105.8359538,bank,VPBank
6677803296,21.0192057,105.8341292,bank,BacA Bank
6677813733,21.039489,105.7587377,atm,
6678033822,20.9983369,105.8030149,bank,BIDV
6679611341,21.0108368,105.8310086,cafe,Cà Phê Chợ - Trung Tự
6679645374,21.0129836,105.8328594,restaurant,SUSHI GARDEN - NHÀ HÀNG NHẬT BẢN
6679685131,21.0109309,105.8310692,cafe,Cà Phê Gemax
6679712288,21.0109743,105.831105,restaurant,Phở Lý Quốc Sư
6681348985,21.011719,105.801052,restaurant,Nhà Hàng Món Huế
6682508516,21.0163305,105.7997975,restaurant,Nhà Hàng Grill Mapa
6682554071,21.015498,105.8319741,restaurant,Cube Beefsteak & Drinks
6684369026,21.0089831,105.8512248,bank,SHB
6684647589,21.0120484,105.8042676,cafe,Cà Phê Kafa
6684761129,21.0191234,105.8376684,bank,Agribank
6684835659,21.0189791,105.8399986,atm,
6685031195,21.019344,105.8347743,bank,PG Bank
6685036913,21.0046646,105.8061665,bank,Vietcombank
6685063247,21.0191166,105.8344945,atm,Vietcombank
6685081466,21.0401405,105.8443605,bank,Techcombank
6685187313,21.0261747,105.8336102,bank,VietinBank
6685187317,21.0254655,105.8332736,bank,VietinBank
6685187330,21.0233906,105.8323355,atm,
6685187348,21.0230648,105.8321456,bank,VPBank
6685192244,21.0403708,105.8439361,bank,VietinBank
6685192250,21.0409128,105.8406933,cafe,Cà Phê Phố Xưa
6685245980,21.0397399,105.8463004,atm,
6685245983,21.0402807,105.8435941,bank,Ocean Bank
6685245984,21.0402919,105.8434694,bank,VietABank
6685404399,21.0066433,105.8614475,marketplace,Viet Mark
6685424462,21.0206616,105.8307382,bank,VietinBank
6685506998,21.0201039,105.8010869,marketplace,
6685528631,21.0090302,105.8019608,cafe,Aventus Coffee
6685528632,21.0086111,105.8019268,bank,TPBank
6685532116,20.9970573,105.8650987,bank,Sacombank
6685558871,21.0156904,105.7978356,bank,Techcombank
6685568161,21.0260933,105.8332166,restaurant,Pizza Hut
6687994331,21.0069551,105.8058936,bank,BIDV
6688119226,21.0096605,105.8047577,atm,Agribank
6688119237,21.0077019,105.805443,restaurant,
6688119238,21.0073438,105.8056321,cafe,nohu xoak·win
6688144294,21.0302104,105.8449318,bank,Ocean Bank
6688145766,21.0066239,105.8071455,bank,BIDV
6688223091,21.0232843,105.8528219,bank,Sacombank
6688239322,21.0343601,105.8470689,bank,VietinBank
6688241179,21.0162738,105.8529617,bank,VietinBank
6688241180,21.0164941,105.8529308,bank,Agribank
6688241181,21.0214218,105.854253,bank,VPBank
6688323996,21.006366,105.8064991,bank,BIDV
6688330976,21.0329306,105.8444148,bank,BIDV
6688357403,21.0047434,105.8043842,bank,VietinBank
6688357411,21.0028364,105.8016183,bank,VPBank
6688388863,21.0061144,105.8052921,bank,Techcombank
6688388864,21.0060843,105.8052452,bank,VietABank
6688388865,21.0059604,105.8050561,bank,Agribank
6688388866,21.0052718,105.8039618,bank,Agribank
6688388867,21.0071447,105.807867,bank,VIB
6688472273,21.0033938,105.8165601,bank,
6688536128,21.0144104,105.8571788,atm,
6689094090,21.0297279,105.8381133,bank,Eximbank
6689296371,21.0331685,105.8446406,bank,Techcombank
6689486565,21.0156078,105.8566833,bank,
6689486575,21.0138702,105.8547246,bank,Agribank
6689539636,21.0303319,105.8357634,bank,BIDV
6689571523,21.0321119,105.8443022,bank,Saigonbank
6689615839,21.0194811,105.8321162,bank,VietinBank
6689615841,21.0194536,105.832361,bank,GP Bank
6689625508,21.0192721,105.8528021,restaurant,Nộm Mai Nga
6689689931,20.9991332,105.8369335,bank,Techcombank
6689689932,20.9990843,105.8371809,bank,BIDV
6689704242,21.019247,105.8333708,bank,PVcomBank
6690139595,21.0139665,105.8340501,restaurant,Pizza Hut
6690844885,21.0662321,105.8277712,restaurant,
6690848385,21.0632427,105.8244438,restaurant,
6691284967,20.9693267,105.7546976,cafe,Cà Phê Góc Phố
6691747494,21.0013344,105.806549,bank,VPBank
6691762010,21.0001961,105.802516,bank,Agribank
6693830420,21.0292976,105.8123813,restaurant,Trung Hoa Đệ Nhất Sủi Cảo
6694110591,20.9627939,105.7927259,atm,
6694131285,21.0116455,105.8083871,cafe,Cà Phê DC
6694170141,21.0789823,105.7931127,cafe,Noble Moment Café
6696115885,21.034417,105.8534813,restaurant,Nhà Hàng Lanterne
6696440285,21.0105712,105.8062484,cafe,Cà Phê Ashtray
6698878885,21.0680065,105.8224879,restaurant,Nhà Hàng Cugini
6698890634,21.0709941,105.8247552,restaurant,Veggie Castle
6699204786,21.0672457,105.830883,restaurant,Bố Đế Quán
6699668885,21.0497468,105.7779818,restaurant,
6702180256,21.0165573,105.7952392,restaurant,Nhà Hàng Mr Lee's Snack Bar
6704297087,21.0315012,105.8544897,atm,
6705528525,21.0132031,105.8330408,restaurant,Chợ Cô Dần - Cơm Sườn & Phá Lấu
6707397286,21.0348514,105.8261919,post_office,Bưu Điện Trung Tâm 4
6718189685,21.0367251,105.8526526,cafe,
6728910455,21.0160209,105.815518,restaurant,Nhà hàng Wen Xing HongKong
6735309134,21.0352582,105.850125,cafe,Cà Phê
6742138876,21.0452944,105.8409351,cafe,Cà Phê Cô Hàng Xóm
6742138884,21.2618798,105.8504705,restaurant,Phở Minh - Phở Gánh Hà Nội Xưa
6743235675,21.0331953,105.8012285,cafe,XuVi home
6751621885,21.1431758,105.5318517,restaurant,Quán Lẩu Bò
6751770911,21.0336896,105.8473431,cafe,Smile Coffee
6776001092,21.0139772,105.8159781,restaurant,Roma Pizza
6784112360,21.0636852,105.8655285,restaurant,Tấm cuisine & Traditional house
6794556086,21.0209243,105.8563172,bank,HSBC
6798156542,21.0137353,105.8607643,cafe,Cà Phê Almond
6801247418,21.048053,105.8007953,cafe,Cafe Bảo Tàng Thiên Nhiên
6801285895,21.0335261,105.807566,restaurant,Nhà Hàng Cousins
6807367429,21.0160294,105.8211463,cafe,Cà Phê La Ka
6807375326,21.016746,105.8239549,restaurant,Nhà Hàng Sio Sushi
6808048685,21.0547528,105.8208741,cafe,
6811824695,21.0245982,105.8585485,restaurant,Nhà Hàng & Cà Phê Joc
6811944354,21.0001081,105.7842885,cafe,Highlands Coffee
6811944355,21.0005082,105.7841509,cafe,Cà Phê Lack Tack
6811944356,21.0010767,105.7845592,cafe,Piano Cafe
6811944358,21.0010472,105.7839299,restaurant,Cửa Hàng Alo Bami - Breads & Drinks
6811944359,21.0013778,105.7827142,restaurant,Phở Thiện
6813391168,20.7489961,105.9111078,cafe,Cà Phê Athena
6815332985,21.0320327,105.848634,fast_food,
6818210326,21.032209,105.812702,restaurant,Top of Hanoi
6821491086,21.0316631,105.8483497,restaurant,
6822174389,21.0170339,105.8317134,restaurant,Cơm 123
6824455985,21.0303937,105.8465887,bank,TPBank
6835375013,21.0303399,105.8485802,cafe,Cà Phê Blackbird
6842653487,21.0098678,105.7833007,restaurant,Tâm Chay
6842888086,21.0111705,105.8046388,cafe,Quán Cà Phê 1945
6846162967,20.9636168,105.8228524,cafe,The Coffee House
6846162968,20.9635394,105.8232598,fast_food,Domino's
6846162969,20.9652544,105.8248332,fast_food,Lotteria
6846162970,20.9634643,105.8257549,cafe,Cộng Cà Phê
6846162971,20.9632669,105.8245398,restaurant,Nhà Hàng GoGi House
6846162972,20.9634396,105.8254261,restaurant,Pizza Hut
6846224624,20.9635729,105.8228145,restaurant,Nhà Hàng Kichi Kichi Linh Đàm
6849163864,20.9613516,105.821473,community_centre,Nhà văn hóa Bằng A
6849181831,20.9658478,105.83422,marketplace,Chợ Xanh Linh Đàm
6856563729,21.0153356,105.8580835,cafe,Cà Phê Aha
6856563730,21.0163657,105.8574669,restaurant,Lẩu Cua Đồng Hai Lạc
6865517248,21.0182454,105.8523089,restaurant,Nhà Hàng Binh Chung
6873081198,21.0289672,105.8488515,restaurant,Nhà Hàng Chusa
6880982195,21.0093729,105.8236546,fast_food,McDonald's
6880982196,21.0054365,105.8040976,fast_food,McDonald's
6880982198,21.0063873,105.7952432,fast_food,McDonald's
6882889996,21.0327728,105.8539006,restaurant,Vũ Kiều Tú / Sen Trang An / Cumulus
6884618306,21.0275266,105.8457616,restaurant,Cơm Tấm Sài Gòn Thuỷ Linh Châu
6904450115,21.0676759,105.8005476,restaurant,Umiga
6905745285,21.0131871,105.8517746,restaurant,
6910948285,20.8716474,105.3465187,cafe,Café Vuon Hong
6913191587,20.9753582,105.7642829,cafe,Cà Phê Green Life
6914357685,21.029824,105.8502793,cafe,Cà Phê Affett
6916344452,21.0644763,105.9108901,cafe,
6916346285,21.0640338,105.9111172,restaurant,
6917372887,21.0442736,105.8206346,restaurant,Nhà Hàng Chay Diệu Tâm
6917941497,21.062542,105.9108668,restaurant,Bánh Mì Thanh Tâm
6917941501,21.0621628,105.9106882,cafe,
6917941539,21.0612726,105.9102487,restaurant,Sam Cam
6917941552,21.0631563,105.9111204,cafe,Cà Phê Ly
6919278357,21.0455368,105.840193,cafe,Cà Phê Ma Xo
6919616659,21.0630927,105.9110971,cafe,Gong Cha
6919616678,21.0635903,105.9115005,restaurant,
6919927686,21.0309471,105.8486348,restaurant,
6924038636,21.0621188,105.910663,restaurant,
6924038649,21.0245599,105.8549087,restaurant,Tokyo deli
6924044035,21.0631791,105.9111998,cafe,
6924044103,21.0652865,105.9106303,cafe,Cà Phê 85
6924044104,21.0631941,105.9112501,cafe,
6924044135,21.0610756,105.9101303,cafe,Hieu
6924855571,21.0246832,105.8566919,restaurant,Nhà Hàng Buffet Sen
6924902130,21.0599675,105.9086164,restaurant,
6926194485,21.0024746,105.8203931,cafe,
6929060211,21.0397465,105.8651749,restaurant,Làng Bia Quán Mộc
6932043360,21.066805,105.9070782,restaurant,
6938678885,21.3318305,105.3943486,restaurant,Bấu Pizza
6938840285,21.034768,105.8545684,cafe,An Cafe
6941036901,20.974187,105.9223442,cafe,Ciao Garden
6942435842,20.9507934,105.9418073,cafe,Effoc coffee
6942435843,20.9741645,105.9225193,cafe,Eagle coffee
6942542996,20.9504149,105.9419244,bank,Vietcombank
6946996147,21.0330453,105.8068682,restaurant,Shichifuku Hanoi
6956741551,21.067109,105.8270687,fast_food,Cửa Hàng Burger & Buns
6957615503,21.0419785,105.846837,restaurant,Nhà Hàng Minci
6957667188,21.0323248,105.8480701,food_court,Bún Chả Đắc Kim
6975785986,21.0218192,105.8500931,restaurant,Nhà Hàng Bodhi
6976180285,21.017161,105.8411546,cafe,Cà Phê Hanoi 1990
6981936785,21.0288811,105.8439107,restaurant,Sen Trang An William Cumulus restaurant
6987030985,21.0310879,105.8501661,restaurant,Pizza 4P's
7012076142,21.03572,105.8514568,restaurant,Nhà Hàng Mai Ly 63
7013061485,21.0336927,105.8474273,restaurant,Nhà Hàng Jackbo
7016328393,21.0296718,105.8445868,atm,
7018466485,21.0325341,105.8489239,restaurant,
7018593385,21.0233497,105.8626851,restaurant,
7018735686,21.0356262,105.8467598,restaurant,
7018829485,21.0252275,105.8513157,cafe,
7019023780,21.0248759,105.8583733,restaurant,
7019044914,21.019822,105.8421409,cafe,The N°3 coffee
7019049229,21.0298334,105.8478641,cafe,Cà Phê An
7022834186,21.0355773,105.8510862,restaurant,
7022966185,21.015038,105.8517287,cafe,Cà Phê Aha
7023219088,20.9076859,105.5781313,fast_food,
7023770386,21.0386492,105.8493293,restaurant,Bánh Xèo Bizon - Chợ Đêm Đồng Xuân
7025533318,21.0337076,105.848427,restaurant,Giang Nam Restaurant
7025957986,21.0429593,105.8426401,restaurant,Nha Hàng Hạnh Ngan Dé
7025965385,21.0324643,105.8489735,restaurant,Bún Chả
7027695786,20.995533,105.8155092,cafe,Cà Phê Memoria
7031712923,21.0459439,105.8408929,restaurant,
7035905585,21.036412,105.8509777,bank,
7036328685,21.0387977,105.8219233,restaurant,
7040037486,21.0250411,105.8512528,cafe,Cà Phê Hai Bốn
7040081085,21.0271277,105.8541885,post_office,DHL
7043719985,21.031431,105.8534671,fast_food,Cửa Hàng Bánh Mì Phố
7043720085,21.0724968,105.8144677,cafe,Cà Phê Sóc
7046989085,21.0338361,105.8485659,restaurant,
7051116485,21.0328505,105.8464382,cafe,
7051265185,21.0326262,105.8466621,cafe,
7052229286,21.0368901,105.8526849,cafe,Mira Coffee
7052244686,21.032124,105.8467205,cafe,
7052244688,21.0368065,105.8527951,restaurant,
7052260186,21.0345563,105.8469576,cafe,
7053662585,21.038386,105.8470654,cafe,
7053793591,21.0105663,105.8489921,cafe,Starbucks
7053923426,20.9848362,105.8333501,atm,
7055897073,20.9198363,105.5736267,cafe,Cà phê Cố Thổ
7055897074,20.9131819,105.5769205,restaurant,Nhà Hàng Đồi Thông
7055897253,20.9811601,105.8184264,restaurant,Nhà hàng Phương Linh
7055903537,20.9861795,105.828748,cafe,Cà Phê Kafa
7055904082,21.0345431,105.7959351,cafe,TocoToco
7055927094,20.9933768,105.8053781,atm,
7055928225,20.9849422,105.8334004,cafe,Cà Phê Cocos
7055929567,20.9941757,105.8074373,bank,VietinBank
7055931225,20.9844454,105.8296565,restaurant,Nhà hàng Thảo Nguyên 2
7055937763,20.9851465,105.83365,cafe,Kafa Cafe
7055939352,20.9079413,105.5739929,cafe,The Home
7055939353,20.9097553,105.5755539,cafe,Cà Phê Freddo
7055939354,20.908252,105.5730273,restaurant,Nhà Hàng A Sửu
7055939358,20.9082966,105.5751888,cafe,Wang tea
7055939380,20.9852705,105.833621,food_court,Bún Bò Huế Ngự Uyển
7055939499,20.907398,105.5733137,restaurant,Nhà Hàng Lăng Kiên
7055939500,20.8926476,105.5809984,restaurant,Nhà Hàng Đồng Quê
7055939501,20.8923734,105.5809347,restaurant,Nhà Hàng Dê Duy Hùng
7055939502,20.8914735,105.5806603,restaurant,Quán Kệ
7055939503,20.8917297,105.5808645,restaurant,Gà Mạnh Hoạch
7055939507,20.9067379,105.5779268,restaurant,Nhà Hàng Pacific
7055939508,20.9104803,105.5775186,restaurant,Nhà Hàng Hải Hà
7055941263,20.9886267,105.8306701,cafe,Highlands Coffee
7055944811,21.031385,105.781951,bank,BIDV
7055951496,20.9891866,105.8302428,cafe,Cà Phê Nhất Long 2
7055963340,20.9914321,105.8040871,restaurant,nhà hàng hoàng đạt
7055967521,20.9867346,105.8322499,cafe,Cà Phê Parkland
7055968812,20.9893521,105.808954,restaurant,quán ăn vân anh
7055970979,20.9920089,105.8083525,bank,ACB
7055971184,21.0333815,105.788673,bank,Agribank
7055975987,20.9891267,105.8080635,marketplace,TK mark
7055976832,21.0307253,105.7857467,cafe,Cà Phê Huyền
7055977389,21.0305889,105.7874925,bank,Ngân hàng Vietcombank
7055979053,21.0331593,105.7885075,bank,VPBank
7055981700,21.0310946,105.7801647,bank,BIDV
7055985628,21.0346219,105.7888949,restaurant,Ba Ba Sơn Đông
7055986053,21.0308504,105.7870396,restaurant,Nhà hàng Gà Cựa
7055986396,21.0320897,105.7882144,bank,BIDV
7055988270,21.0323801,105.7883351,bank,Ngân hàng SHB
7055989887,21.0307753,105.7856019,bank,Ngân hàng Vietinbank
7055989888,20.9873529,105.8277869,cafe,Cà Phê An
7055990036,21.0304674,105.7863986,cafe,Cà Phê Hải Yến
7055990037,21.0331281,105.7879368,restaurant,Nhà hàng Habit BBQ
7055990256,21.0319395,105.788732,bank,Ngân hàng Quân Đội
7056001845,21.0349212,105.7952203,restaurant,Quán Bún Miến Ngan Số 10
7056002812,20.9857922,105.8081482,restaurant,Cửa Hàng Gà Tươi Mạnh Hoạch
7056010045,21.0309756,105.7862349,restaurant,Cơm Tấm Tường Hân
7056013975,21.0348842,105.7951217,restaurant,Bún Ngan Chùa Hà
7056015915,21.035323,105.789517,cafe,Cà Phê Red Dawn
7056017420,21.0347459,105.7952485,fast_food,Lotteria
7056021081,20.984314,105.8332417,fast_food,KFC
7056022256,21.0345704,105.7888821,restaurant,Cá Thùy Linh
7056022904,21.0334391,105.7881312,cafe,Cà Phê Moon
7056027929,21.0346716,105.7889104,restaurant,Bún Chả Sinh Từ
7056030951,21.0350814,105.7894187,bank,Vikki Bank
7056031609,21.0130576,105.8123562,bank,BacA Bank
7056033218,21.034448,105.7963348,bank,Ngân hàng Sacombank
7056033835,20.9845097,105.833464,bank,Vietcombank
7056034217,20.9880925,105.8313757,cafe,Cà Phê Aha
7056037715,20.9861094,105.8100306,restaurant,thịt mát MEAT - DELI
7056038703,20.9867533,105.8110908,cafe,tổ 15A
7056041787,21.0137548,105.8191051,bank,Ngân hàng SCB
7056042399,20.9861756,105.8112437,restaurant,phở gà Minh Vũ
7056055192,20.995039,105.805734,cafe,The Coffee House
7056055193,21.0011467,105.8225377,cafe,The Coffee House
7056055194,20.988724,105.830788,cafe,The Coffee House
7056055197,20.977582,105.787732,cafe,The Coffee House
7056055198,20.9899527,105.7509889,cafe,The Coffee House
7056055199,20.959236,105.768069,cafe,The Coffee House
7056055200,21.016055,105.821272,cafe,The Coffee House
7056055201,21.0090373,105.8237962,cafe,The Coffee House
7056055202,21.0216243,105.826334,cafe,The Coffee House
7056055203,21.0684163,105.8030518,cafe,The Coffee House
7056055204,21.0499507,105.782521,cafe,The Coffee House
7056055205,21.0352553,105.7641718,cafe,The Coffee House
7056055206,21.0438861,105.8730149,cafe,The Coffee House;Cà Phê Aha
7056055208,21.001154,105.845362,cafe,The Coffee House
7056055209,21.0308639,105.7852423,cafe,The Coffee House
7056055211,21.018894,105.792511,cafe,The Coffee House
7056055212,21.014423,105.801632,cafe,The Coffee House
7056055213,21.03722,105.779767,cafe,The Coffee House
7056055214,21.0353,105.794528,cafe,The Coffee House
7056055215,21.037728,105.801082,cafe,The Coffee House
7056055216,21.008901,105.8017326,cafe,The Coffee House
7056055217,21.0159035,105.7957231,cafe,The Coffee House
7056055218,21.031198,105.822061,cafe,The Coffee House
7056055219,21.030348,105.826975,fast_food,Spaghetti Box
7056057600,21.0124166,105.8124688,bank,Techcombank
7056058614,21.0055089,105.8457566,cafe,
7056059313,21.0141329,105.8181851,bank,Ngân hàng Vietinbank
7056059364,21.0349084,105.7936892,bank,VIB
7056059365,21.04659,105.804455,bank,VIB
7056059366,21.031169,105.799989,bank,VIB
7056059367,21.0411146,105.8280606,bank,VIB
7056059368,21.022211,105.818864,bank,VIB
7056059369,21.02938,105.8279,bank,VIB
7056059372,21.0369144,105.81456,bank,VIB
7056059373,21.0304527,105.8176296,atm,
7056059374,21.03043,105.81763,bank,VIB
7056069546,21.0140191,105.8129785,bank,Agribank
7056083400,20.9847804,105.8333565,bank,ACB
7056087660,21.0229425,105.819684,bank,PVcomBank
7056088685,21.0139039,105.8134452,bank,BIDV
7056177585,21.0137071,105.7760431,cafe,Highlands Coffee
7059653585,21.035631,105.8462303,cafe,Cà Phê Bamidon
7061733386,21.032155,105.8125797,marketplace,
7070872186,21.0376034,105.8480342,restaurant,
7076707481,21.0295292,105.8464378,fast_food,Cửa Hàng Bánh Mì Phố
7076962085,21.0622848,105.8079019,restaurant,Pizza Hut
7083401152,20.9225073,105.702385,cafe,Trọng Nghĩa Cà Phê
7085692622,21.0335744,105.838487,cafe,Cà Phê Dilmah
7087736275,21.1744239,105.8412754,community_centre,Nhà Văn hóa Xóm Đường
7089810485,20.9963442,105.8294948,restaurant,Lẩu Ốc Bún Ốc Gia Truyền Khương Thượng
7089981485,21.0408808,105.826049,cafe,
7090399807,20.9839702,105.787721,cafe,The Coffee House
7090725785,21.0313118,105.8547926,fast_food,Bún Chả - Nem Cua Bê
7095806776,21.0374625,105.7979293,cafe,Cà Phê Heaven
7098077085,21.024865,105.8451112,cafe,Cà Phê Aha
7099271385,21.0214017,105.8571472,cafe,Cộng Cà Phê
7102019085,21.0214041,105.8572175,cafe,Cộng Cà Phê
7103644685,21.0353132,105.8206988,cafe,
7103827785,21.0370119,105.8204976,cafe,
7103831585,21.0388278,105.8207091,cafe,
7106090086,21.0299333,105.8373109,cafe,Cà Phê Cá Chép
7106156785,21.0347378,105.8463714,restaurant,
7106180685,21.0347893,105.845966,restaurant,
7106402985,21.0329325,105.8503043,restaurant,
7106432386,21.0278573,105.8497439,cafe,
7106536485,21.0415225,105.8293825,fast_food,Phổ Như Lự
7106593486,21.0491199,105.8398964,restaurant,Cơm - Phở Chay Từ Bi
7107497485,21.0225776,105.8564535,restaurant,
7108417085,21.0320797,105.8482994,cafe,
7108513486,21.0311152,105.8500653,restaurant,
7111581785,21.0520389,105.8641424,cafe,Cà Phê Tú
7111910239,21.0026655,105.8012936,bank,Public Bank Thanh Xuân
7112196485,21.0279649,105.8448225,restaurant,RueDuCamp Quán cà phê
7113800486,21.0289006,105.8066923,cafe,Quán Cà Phê 1857
7113898085,21.037719,105.8153608,cafe,Soya Garden
7113990385,21.032449,105.8504197,restaurant,
7114209485,21.0289091,105.8425259,cafe,The Red Train Hanoi
7114448486,21.0334227,105.8479751,restaurant,Nhà Hàng Eat List
7114573085,21.0154289,105.8123911,cafe,The Caffinet
7116908685,21.0338612,105.8487087,bank,
7117106185,21.0289118,105.8079182,cafe,Cà Phê Rang Xay CLAB
7119281385,21.0201979,105.8527494,cafe,The Berryfield Coffee Co.
7121769188,21.0295194,105.8478508,atm,
7123582887,21.0291372,105.8492203,restaurant,Nhà Hàng La Place
7123926285,21.0323571,105.8515799,restaurant,
7132507186,21.0352458,105.8533376,restaurant,
7132862852,21.0354881,105.8498392,atm,
7135071494,21.0389471,105.8481376,atm,
7135980887,21.0260979,105.8382851,atm,
7135980888,21.0291329,105.830445,atm,
7138184861,20.8146493,105.6453039,restaurant,Phương Sự
7138184862,20.8143159,105.6449731,restaurant,Nhà Hàng Khánh Phương
7138825121,21.0115157,105.8515979,atm,VIB
7140198187,21.0203602,105.8542411,restaurant,
7140198385,21.0225054,105.8575276,restaurant,Nhà Hàng Luk Lak
7140604213,21.0403517,105.8470177,atm,
7140635331,21.0314277,105.8455034,cafe,Cà Phê 8
7142716803,20.8344011,105.6190529,restaurant,Sky Lake
7148520378,20.8014384,105.6765966,marketplace,Chợ Thôn Hoành
7158101286,21.0394225,105.8509697,fast_food,Cửa Hàng Bánh Mì Döner Kebab
7159315198,21.066513,105.8262935,restaurant,Nhà Hàng El Gaucho
7160691492,21.0337293,105.8537116,cafe,Highlands Coffee
7162750209,21.0088574,105.8646257,restaurant,Chè Hai Lúa
7162750926,21.0302834,105.8565314,cafe,Halo Coffee & Juices
7162752437,21.0328156,105.8543744,bank,TPBank
7162755064,21.0283255,105.85704,cafe,The Coffee
7162762486,21.0090024,105.8638114,bank,BIDV
7164305620,21.0351875,105.8520775,restaurant,Phuc Lam
7164329169,21.0352177,105.8520958,restaurant,Xoài Xoài
7164330038,21.0357504,105.8528077,restaurant,Nhà Hàng Green Farm
7165775485,21.0418207,105.7936004,restaurant,
7168561626,21.0255335,105.8424463,restaurant,Sadhu
7168577369,21.0222878,105.8481686,restaurant,Vegan Banh Mi
7168579669,21.0356491,105.8534559,restaurant,Nhà Hàng Minh Chay
7168595490,21.0148742,105.8234974,restaurant,Thuc Duong Tinh Tam
7168918108,21.0319612,105.8465652,cafe,Tocotoco
7170633138,21.0324711,105.8508313,cafe,Pablo Coffee
7170659336,21.0278815,105.8425603,cafe,
7170708485,21.0557693,105.8102489,cafe,Trung Nguyên Coffee
7174913186,21.0432808,105.843243,restaurant,
7174945785,21.0421819,105.8436323,fast_food,
7176572767,21.0350258,105.8458771,fast_food,
7176625569,21.0236474,105.8488512,restaurant,Teddy's
7176626328,21.0298868,105.8420698,cafe,Cà Phê C'est Si Bon
7176633879,21.0246445,105.8478613,cafe,Cà Phê Sách
7176640163,21.0394585,105.848979,fast_food,
7176643237,21.0267988,105.8448551,restaurant,Nhà Hàng Gimbap House
7176646022,21.0382052,105.8467851,fast_food,
7176652317,21.0273594,105.8447043,fast_food,Savor
7176653676,21.0292065,105.8495,fast_food,
7176655057,21.0383343,105.8469541,cafe,Cà Phê Kịch
7176657654,21.0258668,105.8515355,cafe,Cà Phê Kalina
7176660014,21.0290339,105.8489859,cafe,Cà Phê Lofita
7176669037,21.0290308,105.8489791,restaurant,Nhà Hàng La Chapelle
7176669284,21.0312175,105.8469548,cafe,Cà Phê Aha
7176671001,21.0292133,105.8502017,cafe,Starbucks
7176671890,21.0372785,105.8461814,fast_food,
7176673992,21.0372552,105.8463598,cafe,
7176674340,21.0341082,105.845879,cafe,Cà Phê Kadi
7176674453,21.0342809,105.8458262,cafe,Cà Phê Cây Đa
7176677649,21.0231987,105.8514278,cafe,Nghien Cafe Museum
7176682696,21.0289606,105.8505764,bank,SeABank
7176850933,21.0309401,105.8362974,cafe,
7176861743,21.0303635,105.8488801,cafe,Cà Phê Anan
7176870555,21.0305228,105.8374965,cafe,Watanabe
7176880436,21.0403002,105.8425761,cafe,Open Space
7176883284,21.0350147,105.8511678,restaurant,
7176886994,21.0295931,105.8385729,cafe,Cà Phê Connect
7176888308,21.0312438,105.8407029,atm,
7176888410,21.0355093,105.8507933,fast_food,Saits
7176890504,21.0312981,105.8406461,cafe,AU
7176894910,21.0321738,105.8522172,cafe,Cà Phê Leetee
7176898622,21.0350953,105.8511344,cafe,Shop 34
7176899124,21.0355592,105.8509121,cafe,Cà Phê Lalang
7177118185,21.0357579,105.8509018,restaurant,Nhà Hàng Nam Bít Tết
7178614810,21.3110181,105.593006,cafe,Cafe Hoàng Qui - Rạp ngoài trời Vĩnh Yên
7178779615,21.1121993,105.8744097,fast_food,
7178785436,21.0403572,105.8484871,cafe,Zulu Coffee
7178787114,21.0484874,105.8820122,bank,MSB
7178787481,21.0379903,105.8487138,post_office,Bưu điện Đồng Xuân
7178788659,21.0317463,105.8533158,fast_food,
7178788724,21.1118614,105.8739515,cafe,
7178789277,21.1117148,105.8767858,post_office,
7178789529,21.092934,105.8945395,restaurant,
7178791517,21.1122032,105.8745027,fast_food,
7178792430,21.0930466,105.8943955,bank,Agribank
7178800608,21.0435844,105.8716965,cafe,The Alley
7178803503,21.1121073,105.8737162,food_court,
7178803971,21.1120841,105.8726052,cafe,Cà Phê Jmax
7178806762,21.1098019,105.8772089,marketplace,
7178809592,21.1111667,105.8768154,bank,Agribank
7178810031,21.0403999,105.8486456,cafe,Cà Phê Mộc
7178811275,21.1004035,105.8853485,post_office,
7178812279,21.110756,105.8774008,fast_food,
7178813096,21.0316283,105.8533828,cafe,Cà Phê Helio
7178815623,21.0465453,105.8779553,cafe,Highlands Coffee
7178815905,21.0477794,105.8797339,cafe,Cà Phê Aha
7178947922,21.0347789,105.8529465,restaurant,
7180029735,21.0511666,105.8786929,fast_food,
7180040446,21.0511341,105.8786307,cafe,
7180044869,21.0512797,105.8789303,fast_food,
7180053090,21.0509823,105.8779062,fast_food,
7181130685,21.0355373,105.8504975,restaurant,Kaoya
7187541619,20.848603,105.6300451,community_centre,Nhà văn hóa thôn Văn Phú
7189825573,21.0354981,105.8479124,fast_food,Tiem Banh Mi
7192113286,21.031325,105.7839673,restaurant,Pho Vinh Thinh
7192525585,21.0323034,105.8464987,food_court,Thực Phẩm Chay Âu Lạc
7195617685,21.0997651,105.612568,atm,
7202402662,21.0296096,105.8440581,cafe,
7202554793,21.032633,105.8530217,marketplace,
7202784581,21.0356228,105.8537433,restaurant,
7202784583,21.0279541,105.8572438,fast_food,
7204095885,21.0179123,105.8538338,restaurant,Quan Com Pho
7205103886,21.0294309,105.8493646,restaurant,
7205751930,21.0213654,105.8566874,restaurant,Nhà Hàng Ầu Ơ Bếp Việt
7213953186,21.0245245,105.8494322,restaurant,Bún Bò Huế O Xuân
7217547685,21.0251921,105.845147,restaurant,Pho Thìn
7222198617,21.0311501,105.8128497,cafe,Cà Phê Helio Daewoo
7222198618,21.0677778,105.8033361,fast_food,Domino's
7229303135,20.9013465,105.7179216,marketplace,
7229538885,21.0651141,105.8239519,cafe,Cà Phê Hanoi Sandwich House
7231903687,21.0463222,105.8649889,restaurant,Quinza - 15A Ngoc Thuy
7232139885,21.065179,105.8343464,restaurant,Cửa Hàng Bún Chả 77
7236967785,21.0372265,105.8517516,restaurant,
7244252685,21.0344524,105.851847,restaurant,S cafe
7246990985,21.029043,105.8498778,cafe,Take Eat Easy
7257100185,21.0352695,105.8485432,cafe,Cà Phê Blackbird
7265622785,21.0422183,105.8458076,restaurant,Ying and Yang
7325142786,21.1220664,105.7074927,cafe,
7333832605,20.9735521,105.8202606,restaurant,Quỳnh Quán
7383642461,21.035455,105.7849598,cafe,Cà Phê Fimo Sp
7383642462,21.0386841,105.7793768,cafe,
7383642463,21.0373688,105.7642397,cafe,Cà Phê Fimo Sp
7383642464,21.0295939,105.7740163,cafe,Cà Phê Fimo Sp
7383642466,21.0226345,105.7740764,cafe,Cà Phê Fimo Sp
7383642467,21.0195075,105.7858988,cafe,Cà Phê Fimo Sp
7383642468,21.0146499,105.7794266,cafe,Cà Phê Fimo Sp
7383642470,21.0101109,105.783736,cafe,Cà Phê Fimo Sp
7409549830,20.9488979,105.7070441,post_office,Bưu Điện Phụng Châu
7467319992,20.9775001,105.7922221,cafe,An's Garden Cafe
7473461213,21.0299293,105.8477946,cafe,The Little Plan café - Kế Hoạch Nhỏ café
7491700986,21.0345287,105.8468916,restaurant,
7505130585,21.0185317,105.8120339,restaurant,Nhà Hàng Nhất Linh - Gà Tươi Mạnh Hoạch
7516955870,21.014312,105.8195072,restaurant,Bún Chả Sinh Từ
7516955871,21.0110316,105.8311756,restaurant,Bún Chả Sinh Từ
7540706332,21.0410023,105.8241615,cafe,Cà Phê 74
7540706334,21.0410536,105.8240207,cafe,Cà Phê 82
7540706335,21.0410683,105.8239961,fast_food,Cửa Hàng Bánh Crepe
7612528481,21.0065216,105.8353822,post_office,Bưu điện Kim Liên
7612528482,21.0062988,105.8350604,restaurant,Nhà hàng San Hô Đỏ
7621698685,21.025736,105.8521901,restaurant,Quan Ngon nha Ham
7622285286,21.0430161,105.8343773,restaurant,Nem Lụi Huế
7629533186,21.1349943,105.8607542,cafe,Duy Còi - Garden Cafe & Billard
7631319085,21.0348474,105.8265043,restaurant,Nem Nướng Xuân Dần
7644944385,21.0320367,105.853245,restaurant,Nhà Hàng Long Vi Dung
7673343185,21.0224707,105.8482098,cafe,
7673780895,21.0294867,105.8486283,restaurant,Nhà Hàng Gia Đình Âu Lạc
7690141685,21.034058,105.8539542,restaurant,Quan Bun Dau Trung Huong
7690438058,21.0334631,105.772312,restaurant,Phở Thái Tử
7755262311,21.0250978,105.7913936,restaurant,Nhà Hàng Casa Espana
7771875985,21.0675913,105.8576457,community_centre,Titops
7772398585,21.027927,105.8412006,restaurant,Lẩu Thành Còi
7792963218,20.9259919,105.6533479,restaurant,Nhà Hàng Vườn Xoài
7797424985,21.066328,105.8265584,restaurant,
7841766009,21.0166762,105.782001,cafe,Highlands Coffee
7843948143,21.014423,105.8334633,bank,MB
7844049437,21.1664102,105.9294081,bank,Agribank Văn Môn - Yên Phong
7845431718,20.9634342,105.8253655,fast_food,The Pizza Company
7848823560,20.9420373,105.6996063,community_centre,Khu Trung tâm Văn hóa TDTT Long Châu
7856211553,21.0329252,105.8562032,post_office,Bưu Cục Giao Dịch EMS Hồng Hà
7856211555,21.0278903,105.8424213,post_office,Bưu điện Cửa Nam
7856350176,21.0084292,105.8510034,post_office,Bưu Điện Trần Khát Chân
7856350177,21.0089127,105.8643299,post_office,Bưu Cục Giao Dịch EMS Hai Bà Trưng 1
7856383102,21.0103393,105.8464544,post_office,Bưu Cục Vân Hồ
7856383103,21.0131152,105.8535445,post_office,Bưu Điện Nguyễn Công Trứ
7856383104,21.0132818,105.8577703,post_office,Bưu Điện Lò Đúc
7856383105,21.0185045,105.850939,post_office,
7856622549,21.0037079,105.8478062,post_office,Bưu cục Bách Khoa
7856622550,20.9956981,105.8500913,post_office,Bưu Cục Chợ Mơ
7856622551,21.0025185,105.8672343,post_office,Bưu Cục KHL Hai Bà Trưng
7856622552,21.1992779,105.4234842,post_office,Bưu điện huyện Ba Vì
7856622554,21.0071157,105.8211615,post_office,Bưu điện Đống Đa
7856622555,21.0284652,105.8319705,post_office,Bưu Cục EMS Cát Linh
7858023070,20.7541319,105.9878878,post_office,Bưu cục Thọ Vinh
7858023071,20.7257268,105.9935572,post_office,Bưu cục Đức Hợp
7858056541,21.0095218,105.8234009,bank,Vietcombank
7860662459,20.9377023,105.7114757,atm,BIDV
7884264502,21.0212675,105.5507693,post_office,
7893470209,20.9304682,105.7173654,post_office,Bưu Điện Biên Giang
7919363000,21.0171326,105.5523571,cafe,Zing Tea
7919363054,21.0511324,105.5818024,restaurant,
7961106585,21.0368584,105.8495033,restaurant,Phở Gánh
7963002262,21.0605618,105.8952486,cafe,
7966613194,21.0267183,105.8443784,cafe,Kem Trung Bà Khanh
7966645588,21.0322476,105.8530205,restaurant,Pho ga ta
7994215086,21.0094646,105.8379007,bank,Vietcombank
8007161896,21.0136462,105.8033359,atm,
8025708496,21.0304713,105.9198836,community_centre,Phòng họp Tổ dân phố số 27
8042087441,21.0195732,105.5515173,restaurant,Quán Chú Béo
8083770306,21.0538498,105.8339407,restaurant,Nhà Hàng Kalí
8083779134,21.0600412,105.8304805,restaurant,Nhà Hàng Hanoi Taco Bar
8083794323,21.0410541,105.8446562,cafe,Cà Phê All Day
8128526728,21.0263544,105.8216239,restaurant,Nhà Hàng Botanica
8129190713,21.0270206,105.8222252,cafe,Nhà Hàng & Cà Phê EMM's
8132877478,21.0100991,105.8263379,restaurant,Bún Ngan Cô Tuyết
8146231032,20.9717724,105.929336,cafe,Starbucks
8154076831,21.0808712,105.7916573,cafe,Highlands Coffee
8163615939,21.0008391,105.8376456,cafe,Cà Phê Tùng
8171527817,21.0160452,105.8200982,cafe,Xưởng cafe
8171527917,21.0059069,105.8268943,cafe,Cà Phê Sách
8171537017,21.0178659,105.8368086,cafe,Cà Phê Mèo Lizzi
8171551917,21.0168246,105.8021137,cafe,Nọng ơi
8185432737,20.9680682,105.7788857,marketplace,Chợ Trước Cổng Trung Tâm Y Tế
8197311959,21.0897788,105.6141552,restaurant,Sunshine Heritage Resort
8236104018,20.9989179,105.8419563,bank,HDBank
8237175614,20.9500134,105.8435953,bank,Agribank
8282900558,20.9038065,105.7232177,marketplace,
8285594817,21.0387639,105.8280932,cafe,Cà Phê Lovegan Kitchen
8307082776,21.0308888,105.7849639,cafe,Cà Phê Aha
8334797840,21.071411,105.7726327,fast_food,
8334797849,21.0713958,105.7725682,fast_food,
8334822634,21.0713065,105.7725185,fast_food,
8336847668,21.0747278,105.7729015,restaurant,Nhà Hàng Buffer Win
8336901884,21.0747513,105.7723646,fast_food,Cửa Hàng Bánh Mì Hẻm
8336903751,21.074583,105.7721595,fast_food,
8336920144,21.0744128,105.7725882,cafe,Trà chanh Bụi Phố
8336956091,21.0736576,105.7736561,restaurant,
8336975262,21.0744573,105.7731847,restaurant,
8337452780,21.0742461,105.7732329,cafe,Coffe Number 1
8337460766,21.0736775,105.7733317,cafe,The Youth AOF
8337493384,21.074431,105.7734559,fast_food,
8344563342,21.0757385,105.772247,cafe,Cà Phê Tom
8345267337,21.0743475,105.7724651,restaurant,
8345270004,21.073505,105.7736535,cafe,
8345292959,21.0747538,105.7734663,cafe,teafox
8345317175,21.0751431,105.7736135,restaurant,
8345544308,21.0713861,105.771088,cafe,
8345973615,21.0776744,105.7753657,fast_food,"nhom6,T01-5, Quán Cô Phượng"
8345992041,21.0779654,105.7756761,restaurant,"nhom6,T01-1, The buffet garden"
8346010306,21.077623,105.7750315,restaurant,"nhom6,T01-6, Út Nướng"
8346039058,21.0775877,105.7748909,restaurant,"nhom6,T01-8, Lẩu lòng bò 32"
8346042982,21.0773776,105.7739715,restaurant,"nhom6,T01-14, Cơm Ngon"
8346051738,21.077478,105.7744185,restaurant,"nhom6,T01-12, Fin BBQ"
8347330261,21.0771875,105.7736319,restaurant,"nhom6,T01-16, Ốc Tài Chính"
8347362707,21.0769205,105.7732674,restaurant,"nhom6,T01-19, vịt nuongứ Vân Đình"
8347965394,21.0826854,105.7783974,restaurant,Quán ăn
8347992048,21.0828225,105.7784331,restaurant,Quán cơm bình dân
8354007215,21.0836425,105.7782219,restaurant,Nhà hàng Quang Trung
8354274433,21.0692896,105.7767049,restaurant,
8354275432,21.0693414,105.7767553,restaurant,
8354278481,21.0701704,105.7775642,restaurant,
8354683458,21.0672777,105.7782832,restaurant,
8354756782,21.0706992,105.7773094,restaurant,
8354756785,21.07099,105.7770546,restaurant,
8354756786,21.0711316,105.7770572,restaurant,
8354765381,21.0713109,105.7771447,restaurant,
8354810255,21.0747179,105.7724702,cafe,Quán Trà Chanh chú Hải
8354810256,21.0746944,105.7720985,cafe,
8354821381,21.0744802,105.772474,cafe,Cà Phê Tam Cấp
8354898474,21.0710227,105.7770582,restaurant,
8354898475,21.0698755,105.7777027,restaurant,
8354997808,21.0744419,105.7735094,restaurant,
8354997810,21.0744253,105.7731232,restaurant,Bún Riêu Cá Trường Sa
8354997811,21.074803,105.7730868,cafe,trà sữa HOUJICHA
8354997814,21.0747417,105.7726931,restaurant,
8355086209,21.074762,105.7728392,restaurant,
8355126717,21.0747345,105.773576,restaurant,
8355126718,21.0747128,105.7735721,fast_food,
8356629175,21.0703781,105.7777277,cafe,
8356652523,21.0709323,105.7770527,fast_food,
8356652525,21.0714718,105.776999,restaurant,
8356652526,21.0714442,105.7772097,restaurant,
8356652527,21.0714426,105.777325,restaurant,
8356652530,21.0716766,105.7772681,restaurant,
8356652531,21.0699206,105.7778543,restaurant,
8356652533,21.070877,105.7772399,restaurant,
8356702102,21.0688758,105.7767567,restaurant,
8357405573,21.0833918,105.7738506,cafe,Quán Coffee
8357405574,21.0834031,105.7739227,cafe,Quán Coffee
8357405578,21.0835667,105.7747701,cafe,Quán Coffee
8357535721,21.0741544,105.7736659,cafe,
8357571560,21.0714524,105.777558,restaurant,
8357571565,21.0697698,105.7778823,fast_food,
8357572237,21.0703614,105.7773997,restaurant,
8357763617,21.027384,105.8999466,restaurant,Nhà Hàng Hotto
8357763618,21.027357,105.8999889,restaurant,Nhà Hàng Lẩu Gà Lá É
8357763619,21.0273301,105.9000418,restaurant,Nhà Hàng Trung Tâm Hong Kong
8357763620,21.0273138,105.900131,restaurant,Nhà Hàng Bít Tết Ngon
8357763621,21.0272443,105.9002846,restaurant,Nhà Hàng Ajisai Udon
8357763622,21.0272217,105.9003295,restaurant,Yutang
8357763624,21.0267692,105.9004264,cafe,ToCoToCo
8357763717,21.0272931,105.9001793,restaurant,Quán Mộc
8357763718,21.0272656,105.9002329,restaurant,Taiwan Chutang
8359608318,21.0712963,105.777206,restaurant,
8359608319,21.0713577,105.7782794,cafe,
8360184432,21.0648526,105.7624537,restaurant,Nhà Hàng Hải Oanh
8360208002,21.0650263,105.7626172,restaurant,Quán Phở
8360208006,21.0651047,105.7618547,cafe,Cà Phê Bob
8360208012,21.0653393,105.7613467,restaurant,Nhà Hàng Bia Thanh Hằng
8360657749,21.0644833,105.7623304,restaurant,Thu Yến
8360818000,21.0827687,105.7783007,restaurant,Quán Huân Béo
8360852078,21.0827217,105.7782939,restaurant,Quán Huy Hoàng
8360897923,21.0909143,105.7855461,restaurant,Phở Gà
8360897931,21.0913657,105.7850461,restaurant,Cửa Hàng Bún Cá Thái Bình
8360897932,21.0913998,105.7849549,restaurant,Nhà Hàng Canh Cá Rô Đồng
8360897935,21.0913928,105.7848466,restaurant,Tiến Thoa
8360897936,21.0912446,105.7847972,cafe,Olympia
8360897937,21.0915359,105.7843938,cafe,Cà Phê 1
8360897979,21.0898614,105.7855324,restaurant,Phú Yên
8360897981,21.089613,105.7855252,cafe,Cà Phê Giải Khát Sophie
8360966480,21.0816733,105.7846771,restaurant,Quán phở Phố Cổ
8361003166,21.0888885,105.7854675,post_office,Viettel Post
8361021981,21.0530842,105.7354227,bank,VietinBank
8361021983,21.0524843,105.7358742,restaurant,Quán Kiên Vịt
8361021984,21.0524438,105.7359928,restaurant,Quán ốc sông lam
8361021985,21.0527748,105.7359341,restaurant,Lẩu Cứu Hỏa Buffet
8361021986,21.052695,105.736003,restaurant,Nhà Hàng A Béo Lẩu Nướng Buffet 99k
8361021988,21.0534228,105.7345494,cafe,Trà chanh Hồng Kong
8361021989,21.0535297,105.7343805,restaurant,Bún Đậu Mẹt A Đây Rồi
8361021994,21.0535707,105.7346688,restaurant,Cơm Chay Hợp Nhất
8361022003,21.0536688,105.7332942,cafe,Cà Phê Melody
8361022004,21.0537481,105.7331865,cafe,Cà Phê Homes
8361022006,21.0539464,105.733672,cafe,Tmore - Tiệm trà chanh 312 Cầu diễn
8361022007,21.0540228,105.7335521,cafe,Tiệm trà ô Mai Chanh +
8361022008,21.0541092,105.7335248,restaurant,ỐC HUYỀN NGÃ TƯ NHỔN
8361022010,21.0541886,105.7365921,restaurant,Quán Phở
8361022011,21.0541616,105.7366534,restaurant,Cửa Hàng Bánh Mì Chảo - Thanh Cảnh
8361022012,21.054101,105.7367545,cafe,Trà Chan 9k
8361022013,21.0540808,105.7365632,restaurant,Quán cơm dốp
8361022014,21.0540505,105.736621,restaurant,Quán bún hải sản
8361038517,21.053678,105.7341841,restaurant,Quán vịt Phương Thúy
8361038519,21.0536944,105.7340537,restaurant,Quán chè sài gòn Ngọc Nhi
8361038520,21.053836,105.7338253,restaurant,Quán Ăn Cô Hiền
8363101714,21.0679231,105.7616778,cafe,
8363303878,21.0706035,105.7773602,restaurant,
8363303882,21.0703735,105.7778112,restaurant,
8363303883,21.0696153,105.7779461,post_office,
8363303885,21.0712612,105.7771473,restaurant,
8363307405,21.0711458,105.7772687,restaurant,
8363339065,21.0681045,105.7790041,restaurant,
8363339069,21.0662899,105.7793743,restaurant,
8363339070,21.0660096,105.7794896,restaurant,
8363339072,21.0658018,105.7794494,restaurant,
8363339073,21.0657393,105.7795003,cafe,
8364752379,21.0710906,105.7772093,restaurant,
8370443701,21.0716367,105.7730409,cafe,Cà Phê Bụi Phố
8370443704,21.0716445,105.7731437,restaurant,cửa hàng phở
8370443706,21.0716393,105.7726935,cafe,Nhà Gạo
8402124019,21.0249135,105.8534229,restaurant,
8402145217,21.0318701,105.8459349,restaurant,
8407277642,20.9651775,105.8329648,cafe,Highlands Coffee
8440236117,21.0265899,105.843694,restaurant,
8442251580,21.062247,105.7805273,restaurant,Bún đậu mẹt-Năm Râu Quán
8442251581,21.0623935,105.7804397,restaurant,Phở 10 Hà Nội Xưa
8442251582,21.0624377,105.7804102,cafe,Sữa chua trân châu Hạ Long
8446491618,21.0626014,105.7803246,restaurant,Hồng Béo
8446491619,21.0627763,105.7802289,restaurant,Nam Hải
8446491622,21.0630532,105.7800962,restaurant,
8446491628,21.0636459,105.7797417,restaurant,
8447602001,21.0642169,105.7795256,restaurant,
8519855378,21.0639342,105.8672685,restaurant,Nhà Hàng Fritagogo
8519952875,21.0044803,105.7989924,cafe,Tous les Jours
8519971305,21.0637758,105.8672251,cafe,Cà Phê Le Ciel
8527541117,21.0267617,105.8212835,restaurant,Bún Chả Que Tre
8550864696,21.0662181,105.3258369,restaurant,Nhà hàng Bản Coốc Garden
8563466264,21.0212867,105.8468216,cafe,Cà Phê Gather Wellness Complex
8563466265,21.0191661,105.8259313,restaurant,Nhà Hàng Củi
8563466266,21.019129,105.8251761,cafe,Cà Phê KoPee
8563466267,21.0142507,105.8313879,restaurant,Time Coffee
8563466268,21.0114587,105.8306321,cafe,Cafe Ông Bầu
8602235218,21.02008,105.8193034,cafe,Tâm chay
8631526113,21.0360382,105.8520965,restaurant,Cháo Lòng Phố Cổ
8642895203,21.0749069,105.7726847,atm,
8642895204,21.0748799,105.7726963,atm,
8642895205,21.074902,105.7726794,atm,
8642895211,21.0747503,105.7723851,restaurant,Nhà hàng nướng Trúc ANh
8642895212,21.0747507,105.7724006,restaurant,Lẩu Nướng Oanh
8642895213,21.0744779,105.7735547,restaurant,Oanh Trúc Bún đậu
8656339976,21.0466226,105.7980028,bank,MSB
8656339979,21.0468147,105.7979057,cafe,Ding Tea
8670852103,20.9973687,105.8367015,cafe,Cà Phê Arena
8703573872,20.8216042,105.3521619,restaurant,Bảo Anh - Bánh Tráng Thịt Heo
8709095325,21.0190068,105.8081382,post_office,Bưu điện Láng Trung
8716653475,21.0258712,105.78798,bank,ACB
8730613332,21.0225082,105.7990438,cafe,Cà Phê Cốt Dừa Cô Hạnh - Cơ Sở Nguyễn Khang
8736185445,21.0295298,105.8368598,fast_food,Sữa chua trân châu Hạ Long
8746891238,21.029427,105.8368236,restaurant,Phở gà Văn Miếu 17
8746891270,21.0291735,105.836737,restaurant,Nhà Hàng Kường Nga
8746891272,21.0291144,105.8367132,restaurant,Quán Sửu
8861967414,21.0169842,105.7989841,restaurant,Tiệm Đà Lạt
8870893070,21.0254904,105.7872137,atm,Vietcombank
8883048011,21.0601862,105.8094778,cafe,Cà Phê Cu Li
8886603909,21.0161133,105.7976928,cafe,Twitterbeans Coffee
8898835625,21.0293053,105.8084678,restaurant,Ramen Mikado
8900260999,21.0792562,105.8136927,cafe,Highlands Coffee
8906129445,21.036177,105.8083052,restaurant,Nhà Hàng Hey Pelo
8906132456,21.0438777,105.8378849,restaurant,Nhà Hàng Fabrik
8906140121,21.0685586,105.8027002,cafe,The Highlands Coffee
8906156035,21.0673752,105.8010399,cafe,The Coffee House
8913119456,21.0291094,105.8444384,restaurant,Savoor - The House of Panini
8929646295,20.9871934,105.7860587,cafe,Starbucks
8929694761,20.9763366,105.7891683,bank,BIDV
8929706309,20.9763502,105.7896082,cafe,Phúc Long
8937618772,21.000223,105.8286507,atm,Vietcombank
8937618773,21.0002986,105.8286054,bank,Vietcombank
8937676977,20.9927404,105.8045488,bank,Vietcombank
8938435127,21.0115909,105.7961933,marketplace,Vitalmart
8938779418,20.9965583,105.8698599,cafe,The Coffee House
8939472324,21.058463,105.8302962,cafe,Cà Phê Doppio Ristretto
8939472325,21.0591394,105.8312269,cafe,Cà Phê Milk And Honey
8939472327,21.0600828,105.8305654,cafe,TAYTA Coffee
8939472328,21.0594466,105.8297832,cafe,PingPong café & décor
8939472329,21.0588397,105.8292123,restaurant,Rasm Modern Indian Cuisine
8939472330,21.0584137,105.8302117,cafe,Cà Phê 82
8942732117,21.0089007,105.8489435,cafe,Cà Phê Infact
8987527027,20.9681824,105.8271682,bank,Vietcombank
8987527028,20.9681823,105.8271861,bank,Techcombank
8987527029,20.9681889,105.8271965,atm,
9008780595,20.8669751,105.8490803,restaurant,Nha Leo Phuong 01
9012951575,21.0414598,105.8143823,bank,Agribank
9028828726,21.3645336,105.8736142,community_centre,
9028828746,21.3376404,105.8681275,community_centre,
9028841823,21.3545691,105.8942737,community_centre,
9042218607,20.9798928,105.7747903,post_office,Bưu Điện Vạn Phúc
9043797448,21.0261449,105.812165,cafe,Highlands Coffee
9109491917,20.9981467,105.8665919,cafe,Park Lane
9181828827,21.0200535,105.792954,restaurant,WA GRILL - THỊT NƯỚNG MANG VỀ KÈM BẾP 24H
9237323772,21.0273881,105.8871527,marketplace,Chợ Tư Đình
9237323779,21.0311508,105.8861376,community_centre,Nhà văn hóa tổ 9 phường Long Biên
9252326417,21.0290384,105.8487211,restaurant,Bánh Cuốn Bà Hạnh
9252326517,21.0216655,105.8493078,restaurant,Nhà Hàng Maison Sen
9252326518,21.0257207,105.8521727,restaurant,Quán Bún Đậu Việt
9252410117,21.0181249,105.8518886,restaurant,Quan Banh Cuon Thanh Van
9265542533,21.0251637,105.7717044,bank,Phòng Giao Dịch Agribank Mỹ Đình
9282149617,21.0569607,105.8349779,restaurant,Quan Nem Lui Banh Xeo Co Minh1
9287629418,21.0578526,105.8986364,cafe,Cà Phê Linh Linh
9290531317,21.0385579,105.865214,cafe,Cà Phê Aha
9342743555,21.0860721,105.6635059,atm,Vietcombank
9367555791,21.1960494,105.7342284,cafe,Orion Coffee
9377994036,21.0296472,105.5173704,restaurant,Cửa Hàng Bún Bẩy Cường
9407362504,21.0609976,105.8092648,fast_food,KFC
9420107280,21.0352365,105.8200541,post_office,Bưu Điện Cống Vị
9420364736,21.0377555,105.8106089,post_office,Bưu Điện Đốc Ngữ
9420432152,21.011343,105.8244412,post_office,Bưu cục Đặng Tiến Đông
9420432154,20.9973974,105.8267585,post_office,Bưu Điện Khương Mai
9420438149,20.9910172,105.8019257,post_office,Bưu Điện Thanh Xuân Bắc
9420438150,20.9976955,105.8134581,post_office,Bưu Điện Khương Đình
9420492209,21.04587,105.79117,post_office,Bưu Điện Hoàng Quốc Việt
9420492210,21.0442446,105.7945201,post_office,Bưu điện Nghĩa Tân
9420492211,21.0455958,105.79928,post_office,
9422173848,21.0511524,105.8389528,post_office,Vietnam Post - Bưu Điện Yên Phụ
9422173849,21.0480822,105.874248,post_office,Bưu Điện Ngọc Lâm
9422173850,20.9887678,105.8468175,post_office,Bưu điện Việt Nam
9459565251,21.3144603,105.771107,cafe,Cà Phê GISY Lake House
9498052071,21.2937295,105.7850104,cafe,Nhà Bên Rừng - U Lesa Retreat
9533720355,20.9833541,105.8513356,bank,MB
9534009426,20.965476,105.7725969,restaurant,Cửa Hàng Gà Tươi Bà Ba
9534009427,20.9656137,105.7724762,cafe,
9534009428,20.9683122,105.7771176,cafe,Cà Phê Dừa Xiêm Bến Tre
9551695377,20.9794509,105.7856786,restaurant,Bánh Tráng Phú Cường Cơ Sở 3
9551695378,21.0171361,105.7985636,restaurant,Bánh Tráng Phú Cường Cơ Sở 4
9551699235,21.0160069,105.8099478,restaurant,Bánh Tráng Phú Cường Cơ Sở 1
9551703841,21.0195383,105.8423388,restaurant,Bánh tráng Phú Cường cơ sở 2
9584817355,21.0214935,105.7907716,restaurant,Phở Tứ Hải 3
9584817367,21.0150675,105.7768155,marketplace,Siêu Thị K
9584844935,21.0157545,105.7778733,restaurant,Nhà Hàng BBQ Baek Jeong
9584844942,21.0108107,105.8495893,bank,Techcombank
9584989655,21.0107164,105.8489688,cafe,Cà Phê StarBucks
9585108836,21.0164622,105.7996816,cafe,Cà Phê Laika
9586940674,21.0146153,105.7752951,cafe,Cafe Artisee
9586940675,21.0136375,105.7756107,bank,VietinBank
9586940676,21.0161281,105.7766561,restaurant,Nhà hàng Chosim
9586984263,21.018451,105.7755169,restaurant,Five Star Mỹ Đình
9587087000,20.9848352,105.833731,marketplace,Chợ Xanh Định Công
9587296910,21.0613184,105.8279803,cafe,The Eastern & Oriental Tea House And Coffee Parlour
9587489377,21.0178408,105.8118085,bank,BIDV
9593887397,21.0257411,105.7589163,restaurant,Nhà hàng Bornga
9593919773,20.9913008,105.9396401,restaurant,Phở Thuý
9624104359,21.0088841,105.8347524,cafe,Cộng Cà Phê
9626272532,20.9765467,105.7829164,restaurant,K-Pub Trần Phú
9650705977,20.9639847,105.8234399,atm,
9650734585,20.9635426,105.8230993,atm,
9650759858,21.0321349,105.7991251,atm,Agribank
9650759860,21.032109,105.7991521,atm,
9651875417,21.0354524,105.8492453,restaurant,
9655369884,21.0437909,105.8849905,restaurant,Ga Loc Vung
9656083375,20.9713657,105.7782312,restaurant,Bún cua Nhà Thờ
9662382909,21.021984,105.854033,restaurant,Le Splendid
9665887044,21.0650603,105.9087767,cafe,
9667617478,21.0217624,105.8539396,cafe,
9667617479,21.0219206,105.8544216,atm,VietinBank i-Bank 24/7
9667623720,21.0601751,105.9074817,restaurant,Banh Cuon
9667623721,21.0617926,105.9101361,cafe,Ngong
9667843498,21.0620724,105.8976428,atm,
9667843499,21.0592214,105.9070395,cafe,Mai
9667846381,21.0576756,105.8906674,bank,Agribank
9669902669,21.0084093,105.8449194,cafe,The Sipping Bar
9669924735,21.0338896,105.909956,cafe,Mai
9671588399,21.0338089,105.854907,cafe,BBB Cafe
9671606211,21.0338396,105.8551788,restaurant,Bun Mien Ngan
9671622118,21.0338391,105.8551577,cafe,Trada Cafe
9673349122,21.0309781,105.8467651,cafe,Cafe Nghĩa
9682900196,21.0341599,105.8544868,cafe,"JINJU, Quán nước gạo ngon Hàn Quốc"
9683275500,20.9678334,105.8268338,fast_food,KFC
9683330882,20.9697129,105.8268207,post_office,Bưu Điện Việt Nam
9687535417,21.0322714,105.8129833,restaurant,
9699422017,21.0381155,105.8470751,restaurant,Bun Nem Bun Cha
9699422117,21.0423037,105.8478356,restaurant,Banh cuon Ba Xuan
9726141791,20.970476,105.7743407,restaurant,Bánh xèo nem lụi Tú Anh
9738784253,20.9634304,105.8253056,fast_food,Texas Chicken
9738797981,20.963517,105.8227178,cafe,Chouchi Cafe
9753515618,21.0290438,105.8432088,restaurant,Salt n Pepper
9756349317,21.0464394,105.842698,cafe,Cafe Cat
9757222751,20.9718492,105.7766213,atm,Vietcombank
9757391262,20.9701807,105.7817914,restaurant,Bún chả Cầu Đen
9757399340,20.9705226,105.7820719,restaurant,"Thành Đạt - Kem xôi, chè Thái Lan"
9757683708,21.0235582,105.819177,fast_food,Xôi Hiệp Hoà
9789470768,21.0034874,105.8107186,cafe,Tịnh Cafe
9791862120,21.0260817,105.8537314,post_office,Bưu điện Trung tâm 1
9800789973,21.0675911,105.7620797,restaurant,Cơm Ông Bình
9805222025,20.9839071,105.7998148,cafe,5050 Rooftop Cafe & Pub
9805222029,20.9954025,105.8545879,cafe,Dương Cafe
9805222030,21.0182979,105.8368624,cafe,Auden Coffee
9805222031,21.0236689,105.8626305,cafe,Zeplin
9805222032,21.00756,105.8341955,cafe,Lane 8 Coffee
9805222034,21.0266169,105.820901,cafe,Tiệm Cà Pháo
9805222035,20.9999578,105.8273867,cafe,The Mob Coffee
9805222037,21.008167,105.8201771,cafe,Coffee Cây
9805222038,21.0265158,105.825516,cafe,TOHA Coffee
9805222039,21.025935,105.821048,cafe,Quán cà phê Mùa Hè
9805222040,21.0361274,105.7961145,cafe,Timeline Coffee
9805222042,21.0431857,105.8439712,restaurant,Nhà Hàng Khuê
9805222044,21.0333657,105.8447559,cafe,Quán cà phê Wabi-Sabi
9805222045,21.0269018,105.8161428,cafe,Couchsurfing Café
9805222047,21.0143604,105.8149793,cafe,Stay Coffee
9805222049,21.0089194,105.8363256,cafe,Basket Coffee
9805222050,21.0345494,105.8210095,cafe,Cafe Xí nghiệp 2
9805222051,21.0160571,105.8117151,cafe,Cà phê D9+
9805222052,21.0348276,105.8111418,cafe,Fuurin Cafe
9805222054,21.0091721,105.825831,cafe,The Shelter Tây Sơn
9805222058,21.0185805,105.8079522,cafe,Rauta House Café
9811836129,21.0074949,105.7373758,cafe,AHA Cafe
9844633824,21.02722,105.5188858,marketplace,Chợ Hòa Lạc
9844633826,21.0255488,105.5154634,community_centre,Nhà văn hóa Thôn 5
9846388917,21.0330076,105.8502658,restaurant,
9847440217,21.0305992,105.8420592,restaurant,
9847548478,20.9987788,105.5328199,atm,
9847863117,21.0288842,105.8487121,cafe,@fifi
9869536950,21.0667266,105.8080983,cafe,TOP TOP CAFE
9908040447,20.9927259,105.80454,atm,Vietcombank
9912896146,21.0272224,105.8101527,restaurant,Chops
9912980443,21.0294427,105.82688,restaurant,Chops
9918251691,20.9679662,105.8270093,atm,
9918271459,20.9644969,105.8255507,atm,
9931482773,21.0322333,105.8537766,cafe,Nha Đấu Coffee
9931482774,21.0349232,105.854194,cafe,Trumpet
9931502584,21.0245539,105.8511073,bank,National Citizen Bank
9931504435,21.0358434,105.8490747,fast_food,Banh My Lanh Ong
9931507058,21.0562347,105.8358524,atm,
9931514400,21.0544669,105.8369651,restaurant,Pizza Hut
9931514403,21.2115762,105.8055623,bank,Vietinbank
9931516695,21.024913,105.8529351,atm,ABBank
9931517984,21.0360561,105.8489545,fast_food,Bánh Mỳ Patê
9931517985,21.031835,105.8546833,cafe,
9931517986,21.0420852,105.8473412,fast_food,Lotteria
9931528180,21.0275756,105.8360752,restaurant,Gia Hanoi
9931530712,21.0329284,105.8545633,fast_food,
9931530763,21.0266086,105.8448877,cafe,Chè Sầu Liên
9931531019,21.0247668,105.8515942,bank,BIDV
9931531020,21.0421527,105.8733119,restaurant,Vit34
9931533820,21.0311589,105.8487097,cafe,Chất Coffee & Drinks
9931534174,20.9994041,105.8415234,restaurant,
9931534179,21.0340049,105.8799881,cafe,Heaven Coffee
9931534611,21.0421768,105.8471392,fast_food,
9931536195,20.9960402,105.841452,fast_food,Tuhu Bread
9931536227,21.0249507,105.8529361,bank,ABBank
9931536429,21.0357025,105.8540503,cafe,Tasty Time
9931538551,21.0290926,105.8855305,restaurant,
9931538552,21.0292815,105.8358184,cafe,Thư Quán
9931538819,21.0315624,105.8546574,cafe,Lam Café
9942330783,21.0252249,105.8433509,cafe,Starbucks
9945276817,21.0187719,105.84814,restaurant,Ưu Đàm Chay
9951113018,21.0060413,105.8320827,cafe,Highlands Coffee
9951113019,21.0061879,105.8316717,cafe,Starbucks
9952062617,21.2180302,105.7924025,fast_food,Burger King
9952063417,21.2180654,105.7922738,cafe,Star Cafe
9952063418,21.2180962,105.7928873,cafe,Highlands Coffee
9952063519,21.2181197,105.79273,restaurant,El Domo restaurant and bar
9952063520,21.2175133,105.7929219,cafe,Pho - Coffee B&F
9959263717,21.0698223,105.825082,restaurant,Zenith
9961839401,21.0048855,105.8451784,atm,BIDV
9961839402,21.0048868,105.8450904,atm,Agribank
9961839403,21.003495,105.8479305,cafe,The Coffee House
9961849557,21.0115121,105.8496745,cafe,TocoToco
9961849558,21.0114364,105.8496844,restaurant,Le Monde Steak
9964447763,21.0125624,105.8489954,fast_food,KFC
9967217626,21.0186064,105.8412102,bank,SeABank
9976457533,21.0086201,105.8330627,marketplace,Chợ Trung Tự
9976457534,21.0117663,105.8283958,marketplace,Chợ Nam Đồng
9979185314,21.0608821,105.3634921,cafe,
9980248162,21.0094731,105.7832175,restaurant,Nhà hàng Gia Nguyễn
9980248163,21.0094278,105.783132,restaurant,Bia Huynh Đệ
9998849017,21.0337011,105.8464019,restaurant,VEJO - The Vege Journey
10002371857,21.0510044,105.892829,cafe,Highlands Coffee
10002371862,21.0502399,105.8934286,cafe,Starbucks
10002371867,21.0502542,105.8933138,restaurant,Nét Huế
10002371882,21.0506184,105.8935961,cafe,Ding Tea
10011953034,21.008974,105.9668914,cafe,Micasa - Tea & Coffee
10044381092,21.0299337,105.842667,restaurant,Old Hanoi Restaurant
10048501032,21.0306373,105.8417446,cafe,Coffee Golf Gach
10048686918,20.7363039,105.7678878,cafe,
10082412846,20.9858452,105.8126081,cafe,Highlands Coffee
10098130619,21.0191363,105.8282933,fast_food,Youone Hotdog
10098130620,21.0226916,105.807599,fast_food,Youone Hotdog
10098130621,20.9979589,105.8454858,fast_food,Youone Hotdog
10098130622,20.986858,105.7970406,fast_food,Youone Hotdog
10103088449,21.0291169,105.8069828,restaurant,Tokachiya Ramen
10105860276,20.9936047,105.9424974,restaurant,Pho Minh
10111821018,21.0336467,105.852013,atm,TPBank LiveBank 24/7
10114776452,21.0167236,105.8211964,cafe,Skyline Coffee
10114776471,21.0039064,105.8475406,bank,BIDV
10115692257,21.0193668,105.7997923,bank,PGD Oceanbank Trung Yên
10120064768,21.0303153,105.8506999,cafe,Aha
10120064773,21.0311318,105.8507802,restaurant,Yu Tang
10129864868,21.0291148,105.8066682,restaurant,Itaewon Dakgalbi
10158964415,21.0442652,105.8460809,restaurant,Lẩu&Nướng Ăndeee - 188 Phó Đức Chính
10166537621,21.0690047,105.7616145,fast_food,Quán bánh mì
10166537627,21.0691008,105.7615883,fast_food,Quán bánh mì
10166537633,21.0670826,105.761702,fast_food,
10166537656,21.0650984,105.7626171,fast_food,
10179892274,21.0297293,105.8441279,restaurant,The East
10181794617,21.0371665,105.8479847,post_office,
10183312317,21.017571,105.8408996,cafe,Hanoi Train Track Cafe - Coffee 17
10183444574,21.3148512,105.2903616,cafe,Smile
10197462430,21.0757724,105.7722366,cafe,
10199648444,21.0700799,105.7613931,restaurant,Nhà ăn Quân Sự
10211195017,21.021336,105.8474438,restaurant,
10213645392,21.0800904,105.7724381,cafe,cafe Việt
10213648463,21.0799412,105.7726806,restaurant,bún đậu 34
10213826362,21.0798973,105.7728536,fast_food,bánh mì sài gòn
10213847046,21.0789998,105.7736949,bank,BIDV
10213906581,21.0808732,105.7726549,fast_food,Cơm bình dân
10214404094,21.0758019,105.7735223,cafe,Steel Coffee
10216519958,21.0730862,105.7726483,restaurant,d
10219253935,21.0813579,105.7719273,restaurant,Cơm Ngon
10219253940,21.0813291,105.7727044,fast_food,gà xù
10219271549,21.0785795,105.7745595,restaurant,cơm ngon Hà Nội
10219271553,21.0785355,105.7757912,cafe,Trà sữa lofi
10219271554,21.0787517,105.7758427,cafe,coffe chill
10222614647,21.031367,105.8555929,restaurant,Colette
10223097009,21.0166357,105.7241322,bank,
10225121259,21.0131701,105.8043411,restaurant,GU Bistronomy
10228034627,21.0400342,105.7911038,atm,BIDV
10237641709,21.0359493,105.8491119,fast_food,
10237641809,21.0338076,105.8500356,restaurant,
10239384810,21.0324078,105.8469342,cafe,
10239569109,21.0180987,105.858246,cafe,
10239694309,21.0133011,105.8511005,restaurant,
10239694409,21.0471701,105.8656423,cafe,
10240190081,21.0807524,105.7781333,restaurant,1992 Quán
10240190082,21.0747072,105.7730905,restaurant,
10240244240,21.0816386,105.7782641,restaurant,Bạt quán
10240244241,21.0741525,105.7734917,restaurant,Quán Cay Đức Huệ Bắc Từ Liêm
10240244242,21.0744328,105.7734835,restaurant,Fin BBQ - Buffet Thịt Nướng
10240244243,21.0747195,105.7734294,restaurant,Lẩu Nướng Bay
10240244244,21.0744071,105.777257,restaurant,COZI Lẩu Nướng Bia Hàn Quốc
10240244245,21.0742564,105.7771866,restaurant,Lẩu I One
10240244246,21.0768757,105.7732338,restaurant,Fin House - Buffet Lẩu Thái
10240244247,21.0777341,105.7755277,restaurant,Lẩu Nướng Huyền Anh
10240244248,21.0776548,105.7753143,restaurant,Út nướng
10240244249,21.0803791,105.7777673,restaurant,Quán Lẩu Long Cháy
10240244250,21.0725393,105.7772738,restaurant,Quán cỏ restaurant
10240244251,21.078169,105.7756127,restaurant,345
10241408809,21.0327309,105.8538975,restaurant,
10241471509,21.033506,105.8447517,cafe,Dream Beans Coffee
10244042280,21.0733582,105.7736771,fast_food,
10244441610,21.0354801,105.8470923,cafe,Ca Bop
10244441809,21.0313382,105.8539638,restaurant,
10244441909,21.0292813,105.8493434,restaurant,
10244441910,21.0327693,105.8469238,restaurant,
10245738509,21.0312714,105.8486496,restaurant,
10245738510,21.0325308,105.8491067,cafe,
10245738609,21.0317249,105.8496545,cafe,Gau Coffee & Bakery
10245908053,21.0269786,105.8241813,restaurant,iMeatU Korea BBQ
10247214096,21.0735808,105.7736636,restaurant,cơm chị yến
10247214097,21.0737593,105.7736636,restaurant,Ốc anh em
10247214098,21.0732419,105.7743279,restaurant,bún sinh viên
10247214103,21.0739003,105.7744005,cafe,quán trà sữa
10248628282,21.0416851,105.7819057,cafe,ToCoToCo
10248628285,21.04168,105.7820199,restaurant,
10248628286,21.041678,105.7820636,cafe,Tea & Coffee fixx
10248628290,21.04166,105.782519,cafe,Lotita Tea & Cofee
10248628298,21.0416739,105.7821546,post_office,AAL Express
10248628299,21.0416416,105.7829932,restaurant,
10248628304,21.0416521,105.7827436,cafe,Ami Cafe
10248628307,21.044259,105.7851977,restaurant,Nhà hàng Cơm Phố
10248661411,21.0453393,105.7850209,cafe,Café Bình Minh
10250353711,21.0346822,105.8534076,restaurant,garden houde 2
10254828318,21.0717222,105.7762913,restaurant,Quán Bún đậu NGON
10254828329,21.0727417,105.7728348,restaurant,Quán bún Bắc Bằng
10254828330,21.0742709,105.7759217,restaurant,Cửa hàng bánh ngọt Bảo Ngọc
10255177796,21.0739421,105.7741668,restaurant,Bún bò Huế chất
10255177798,21.073908,105.7741925,restaurant,Quán phở Nam Định Nam Khẩn
10255177799,21.073922,105.7742848,cafe,Chill-Tiệm Trà Chanh
10255177804,21.0738988,105.7741945,restaurant,Quán bún đậu Mẹt+
10255177805,21.0739776,105.7743949,restaurant,Tiến Đạt Quán
10255177807,21.0741409,105.7736568,cafe,Café nhà kê
10255177808,21.0738457,105.7736589,restaurant,Ốc anh em
10255192009,21.0744282,105.7732856,restaurant,Fin BBQ
10255192014,21.0734895,105.7736505,restaurant,Nhà hàng Olympia Phố Việt
10255192016,21.0739618,105.7743949,restaurant,Bún Riêu cá Trường Sa
10255192017,21.074133,105.7736568,restaurant,Quán bún Bắc Bằng
10255708066,21.0724691,105.7729335,restaurant,Ốc Cô Bé
10255708067,21.0726475,105.772907,cafe,Tun Coffee & Chill
10255708075,21.0716349,105.7728678,restaurant,Quán nhậu Hai Lúa
10255708076,21.0716205,105.7728563,restaurant,Ngân Hà Food
10255708077,21.0716241,105.7728755,restaurant,Bánh Mỳ Chảo-Học Viện
10255708080,21.0717183,105.7731348,restaurant,Phở Phố Viên
10255708081,21.071761,105.772956,restaurant,Bún đậu Mọt
10255708084,21.0711058,105.7770557,cafe,Trà Sữa Queen Tea 83
10255708088,21.0708617,105.7772357,restaurant,Vịt nướng Vân Đình
10255708090,21.0707768,105.7772835,restaurant,Cửa hàng hải sản tươi
10255708092,21.0706184,105.7774175,restaurant,Cơm bình dân
10255708094,21.0705536,105.7774964,cafe,coffe chill
10255708095,21.0703951,105.7776495,cafe,Trà sữa Lofi
10255708096,21.0707724,105.7770682,fast_food,Giải Khát Thúy Hằng
10257020068,21.0747484,105.7729424,restaurant,Cháo canh Quảng Bình
10257020069,21.0747561,105.7735045,cafe,Miutea Lê Văn Hiến
10257020088,21.0773724,105.7738987,restaurant,Quán Kimchi
10257020089,21.077375,105.774061,cafe,Trà sữa Mixue
10257020097,21.0772991,105.7738059,restaurant,Tri Kỷ Quán
10257020099,21.0771889,105.7736517,restaurant,Bún Riêu cá Trường Sa
10258564239,21.0726723,105.7728299,cafe,Tháng 6 Cafe
10258564244,21.0746994,105.7731845,restaurant,1992 Quán
10258564245,21.0746304,105.7733019,cafe,Trà Sữa Park Tea
10258564246,21.0746565,105.7733894,restaurant,Bếp 88 - Nộm - Bánh bột lọc - Nem nướng - Đồ ăn vặt
10258564247,21.0746505,105.7726866,restaurant,Fin House - Buffet Lẩu Thái
10258564248,21.0744506,105.7725452,cafe,Bụi phố
10258564249,21.0741227,105.7736658,restaurant,Bún Đậu Mẹt 37 Quán
10258564255,21.0744745,105.7730873,restaurant,Cơm Ngon
10258818730,21.0787502,105.7747002,restaurant,Cơm Ngon Hà Nội
10261572483,21.0389042,105.7855911,restaurant,
10261572484,21.0389036,105.7856248,restaurant,
10261572485,21.0389055,105.7855236,restaurant,
10261572486,21.038906,105.7854899,restaurant,
10261572487,21.0389067,105.7854561,restaurant,Takoyaki
10261572488,21.0387636,105.7854859,restaurant,
10261572489,21.038763,105.7855193,fast_food,
10261572490,21.0387648,105.7854191,fast_food,
10261572491,21.0387581,105.7857867,restaurant,
10262857805,21.0745531,105.7733605,fast_food,Bún Chả Mỹ Độ
10262857806,21.074411,105.7735215,cafe,Còil cafe flim
10262857807,21.074431,105.7733777,restaurant,Fin BBQ-Buffet
10262933709,21.073596,105.7743089,restaurant,Nhà hàng Hà Thành
10262933710,21.0742568,105.7734914,cafe,To co to co
10262933715,21.0739341,105.7735892,restaurant,Ốc anh em
10262933717,21.0738583,105.77364,cafe,Cafe Nhà Kê
10264303109,21.0293084,105.8464797,restaurant,Bánh bao Bình Mỗ
10269656431,21.0069088,105.795654,cafe,Starbucks
10269656432,21.0068472,105.7959343,cafe,Highlands Coffee
10269656433,21.0082385,105.7975851,cafe,Starbucks
10269858941,21.0328097,105.9432619,atm,MB Bank
10272739935,21.0410354,105.7902666,cafe,Highlands Coffee
10272751619,21.0409402,105.7902558,atm,
10274963509,21.0279055,105.8337937,restaurant,ola's steak
10279544609,21.0324208,105.8478119,cafe,Triều Patisserie
10281779509,21.0213052,105.8560894,restaurant,Pho Gon
10286931053,21.261355,105.8534708,cafe,KEM MIXUE
10293406415,21.0062816,105.8320491,fast_food,Jollibee
10296348609,21.0357453,105.8459984,restaurant,Pho Chuyen Bo
10298553019,21.0282523,105.8425041,fast_food,Bánh mì Trâm
10298555575,21.0313423,105.8493056,restaurant,Phở bưng Hàng Trống
10298693325,21.0333264,105.852783,restaurant,Miến trộn mực
10298693326,21.0348403,105.853869,fast_food,Hải Xệ
10298693327,21.0364653,105.8515432,restaurant,Quán Cô Nhàn
10298693328,21.0362825,105.8470163,restaurant,Bánh cuốn gia truyền thanh vân
10298693329,21.0356438,105.846433,restaurant,Phở Lâm
10298717234,21.0253245,105.8516925,restaurant,Phở hà nội
10302091009,21.0309157,105.849708,restaurant,
10557047309,21.0181861,105.8519116,restaurant,Quan banh con Thanh van
10581567805,21.0400604,105.844859,restaurant,韓式BBQ
10593413006,21.0168214,105.8557935,restaurant,Quán Ăn Ngon food court
10621408639,21.0233012,105.809692,cafe,Highlands Coffee
10621408642,21.03203,105.8128607,fast_food,Lotteria
10621408647,21.031277,105.8147263,cafe,Highlands Coffee
10621408648,21.0311405,105.8149862,cafe,Starbucks
10621408652,20.9973267,105.8679256,fast_food,McDonald's
10628095751,20.9878992,105.7510054,restaurant,Bún Ốc Hương Xưa
10648115261,21.0143248,105.8336905,atm,MB CRM
10648477405,21.0522774,105.8379513,fast_food,Hậu Béo
10648787605,21.0361708,105.8530997,fast_food,Bún đậu Thanh Hằng
10649495905,21.0361835,105.8530509,fast_food,Bún đậu Thanh Hằng
10650885412,21.0371597,105.8506807,fast_food,My vằn thắn sủi cảo
10651023006,21.0371679,105.850796,fast_food,Mỳ vằn thắn Bình Tây Phố
10651024105,21.037222,105.8509197,fast_food,Bánh rán mật đường
10651129981,21.0345791,105.8139822,cafe,Joma Bakery Cafe
10653571405,21.0295069,105.8584464,fast_food,Bún chả 17 Chương Dương Độ
10656829305,21.0103866,105.8187857,fast_food,Đặc sản Bánh cuốn Cao Bằng
10669108706,21.0334506,105.8520232,fast_food,Sữa chua thạch lá nếp
10669431406,21.033073,105.8543947,restaurant,Chayfood
10674994906,21.0339335,105.8314282,fast_food,Cháo sườn - Cháo trai
10675781601,21.0450778,105.8137909,restaurant,Nhà Hàng Chay Cực Lạc
10676070107,21.0240772,105.8455937,restaurant,Vi Lai
10678143902,21.0193866,105.5500223,cafe,Helios
10678548055,21.0333076,105.7882547,restaurant,Le Monde Steak
10679929000,21.0414978,105.846709,restaurant,Banh My Bit Tet (Vietnamese beef steak)
10682748805,21.0359574,105.852198,cafe,Cà Phê Vân
10690742374,21.2148577,105.8045888,cafe,Highlands Coffee
10691121371,21.0294025,105.8090094,restaurant,Minori
10694242506,21.0366958,105.8528862,restaurant,
10694726603,20.871935,105.8696593,restaurant,Nga Hang Vinh Coi
10694763006,20.8719278,105.8696779,restaurant,Nha Hang Loi Hai Duong
10697312199,21.0142812,105.939253,cafe,STG coffee
10715935205,21.021208,105.8463409,cafe,Hay Society
10718073305,21.0286277,105.8371766,cafe,Ardor
10720585225,21.0016618,105.845399,marketplace,Chợ Bách Khoa
10720585226,21.0031356,105.8444681,atm,
10728843553,21.0345577,105.8521072,restaurant,The Gourmet Corner
10731139483,21.0017358,105.521583,restaurant,Bún bò Huế – Cơm rang Đức Duy
10733187892,20.9987706,105.8525135,restaurant,Lẩu Bò Mai Động 24/7
10734202162,21.0339076,105.8543042,restaurant,O Bun Cha
10747414105,21.0686276,105.8240859,cafe,
10749951834,21.0108217,105.8268558,cafe,Sii Coffee
10750794206,21.0683889,105.8235433,restaurant,
10755928805,21.0682714,105.8251602,restaurant,
10756018605,21.0679405,105.8224048,restaurant,Chào Bạn
10770097305,21.355247,105.8727428,fast_food,
10779680205,21.0363224,105.8526413,restaurant,Cau man
10783518305,21.0361708,105.8487212,fast_food,Bánh Mì 25
10783627005,21.0335448,105.8544972,cafe,
10786488995,21.0192639,105.8442852,fast_food,Bánh Mi Phó
10796252678,20.7844187,105.8288537,community_centre,Nhà văn hóa thôn Tri Chỉ
10796252679,20.7852086,105.8309136,community_centre,Nhà văn hóa Thôn Đông
10806702305,21.0366384,105.8530115,restaurant,
10807046706,21.0291019,105.8463753,cafe,
10815787483,21.041568,105.8283705,cafe,
10816361965,21.0410169,105.828065,atm,
10823609205,21.0317236,105.8488772,restaurant,Rk Spice Indian Restaurant
10824108503,21.0413137,105.8265106,bank,MB
10826886505,21.0329627,105.8544242,restaurant,Chayfood
10829106406,21.0415528,105.8400236,cafe,
10839094347,21.0869773,105.8206363,restaurant,Nhật Tân Glamping
10839122327,21.0880678,105.8150921,restaurant,Nhà Hàng Bảo Vy
10846733402,21.0484811,105.8079641,post_office,Bưu Điện Yên Thái
10848035596,21.0485367,105.8075047,fast_food,
10848035601,21.0485161,105.8078637,restaurant,Vua Phở
10848050605,21.0484492,105.8080894,cafe,
10848062753,21.0482088,105.8095512,post_office,Giao hàng Tiết kiệm
10848090099,21.0482947,105.808876,restaurant,Quán Vịt Zozo
10848092608,21.0482401,105.8092974,restaurant,Cháo Niêu
10856105369,21.0481604,105.8097431,restaurant,Lòng Bờm - Lòng lợn Thuỵ Khuê
10856105373,21.0479914,105.8101233,restaurant,Chung Trường - Lòng lợn chợ Bưởi
10858085458,21.0481877,105.8066076,marketplace,Chợ Bưởi
10860094783,21.0378047,105.8297701,restaurant,Phở bò gốc gạo (158 Ngọc Hà)
10860106677,21.0441007,105.8382738,restaurant,Bia Ụ Pháo
10860208388,21.0391359,105.8482277,restaurant,Phở mặn (gầm cầu)
10860208391,21.0364989,105.8462128,restaurant,Phở bò Đức Khôi
10860234700,21.0875693,105.8061257,restaurant,Phở bò Hồ Lợi
10863960905,21.0208035,105.8483138,cafe,
10864073105,21.0291433,105.8492588,cafe,
10864082505,21.0305447,105.8475014,fast_food,
10864908605,21.022095,105.8528146,restaurant,
10867115005,21.0222819,105.8482867,atm,
10867298805,21.0336582,105.8469828,cafe,
10867382908,21.0227352,105.8465227,fast_food,
10867383007,21.0229682,105.8464799,restaurant,
10867386005,21.0223103,105.8472103,cafe,Café Tú Anh
10871003625,21.0266407,105.8430715,restaurant,La badiane
10871037101,21.0270213,105.8428334,restaurant,Luna d'automno
10872881535,21.0473666,105.8110341,restaurant,Cháo sườn sụn
10872918340,21.0518217,105.8089407,bank,SeABank
10878512505,21.0241673,105.8560246,fast_food,
10879583660,21.0261733,105.803448,restaurant,Phở Ty
10879797905,21.0264718,105.8449855,cafe,
10889558181,21.0612865,105.8317925,restaurant,Hey Pelo
10901014477,20.9880544,105.8261674,restaurant,Phở Việt 317 Lê Trọng Tấn
10914422690,20.955333,105.7690458,restaurant,
10950832105,21.0473926,105.8476827,restaurant,
10965931530,20.9861129,105.7848904,cafe,TÁCH
10968039628,21.1645583,105.3761228,cafe,Bến Thủy
10971395906,21.0369692,105.8501171,fast_food,
10982036635,21.0453316,105.7861838,cafe,
10996605299,20.7719684,105.830182,community_centre,Nhà văn hóa thôn Trung Lập
11015659150,21.0092132,105.8489241,restaurant,Bánh Tráng Phú Cường cơ sở 5
11039425483,20.9733593,105.7634976,cafe,The Coffee House
11039425484,20.9728699,105.7629479,cafe,Aha Văn Khê
11045944747,21.0411155,105.7752832,restaurant,Nhà Hàng CEMBEER
11049145306,21.0336884,105.8472647,restaurant,
11058019888,20.6858256,105.6692165,marketplace,Chợ Bến
11068139295,21.292823,105.7853853,restaurant,Savio Bar & Restaurant
11070385167,21.0584102,105.7832809,restaurant,
11070385168,21.0586596,105.7833013,cafe,
11070385169,21.0583265,105.783221,restaurant,
11070385170,21.0587332,105.7833098,restaurant,
11079144812,21.0649991,105.8261518,cafe,Hưu Hạ Space
11083594406,21.0207793,105.8459944,restaurant,Chả cá 84
11085187226,21.0767353,105.8126299,fast_food,Chixmax
11093570357,21.2149303,105.4038355,restaurant,Hương Quỳnh - Trâu Ngon 36 Món
11093672118,21.2324195,105.3576235,restaurant,Thiên Vương Quán nhậu
11093672144,21.2326206,105.3571485,cafe,Chợt Nhỡ
11093689620,21.2327278,105.3568835,restaurant,Nhà hàng Việt Hoàng
11093689625,21.2327453,105.3568356,restaurant,
11093689635,21.232802,105.3567266,cafe,Cafe Thuỳ Dương
11093689652,21.2329277,105.3564852,restaurant,Nhà hàng Anh Vũ
11093689653,21.2328119,105.3565721,restaurant,
11093721475,21.2331321,105.3556836,restaurant,Hồng Mến Quán
11093749824,21.2331927,105.3555216,cafe,Anh Tùng Cafe
11101248744,20.9958983,105.8440785,restaurant,Quán thịt chó
11101880550,21.005821,105.8428705,cafe,
11101880551,21.0058103,105.8433693,cafe,
11103953634,20.9400815,105.854357,cafe,Cafe Dinh
11103970205,21.2210397,105.7707892,restaurant,
11107781280,21.0052143,105.8433861,cafe,
11110950005,21.0335968,105.8465349,restaurant,
11111605028,20.8705092,105.863912,restaurant,
11111668705,21.0117361,105.8463597,restaurant,
11112006505,21.0323527,105.8507001,cafe,
11152625107,21.0213394,105.8551075,cafe,Highlands coffee
11152930458,21.0747493,105.7728129,cafe,"Trà sữa Mixue 139, Lê Văn Hiến"
11152952965,21.0716781,105.777263,restaurant,Quán bia
11152959978,21.0728821,105.7731656,cafe,cafe tưởng tượng
11152959979,21.0725016,105.7728599,restaurant,
11152959980,21.0724541,105.7728491,restaurant,bún đậu
11152960193,21.0682912,105.7768947,restaurant,quán phở
11152981270,21.0688858,105.7766964,cafe,quán cà phê
11152981271,21.0687497,105.7766328,restaurant,quán phở gà
11152981273,21.0684313,105.7764807,bank,ngân hàng pho
11160267277,21.2077901,105.4151804,restaurant,
11164095931,21.003257,105.7558655,cafe,Xin Chào Café Shibuya
11164095932,21.0031099,105.755898,restaurant,Shibuya Paradaisu
11164095942,21.0109435,105.849603,restaurant,Thai Express
11167471044,21.0289153,105.7932366,restaurant,Nhà hàng Hà Đăng
11167677289,21.0756648,105.7735733,restaurant,nhà hàng 1
11167677290,21.0755523,105.7735703,restaurant,nhà hàng 2
11168751423,21.0459736,105.8036354,bank,OCB
11168751424,21.046017,105.8036697,atm,
11168751430,21.0459733,105.8035235,restaurant,Ngan chặt Gia Huy
11168787972,21.0511266,105.8406847,restaurant,Moichi
11169202586,21.0659731,105.7812814,bank,Duck Bank
11169202587,21.0660101,105.7814149,cafe,Duck Coffee
11169202588,21.0660673,105.7814979,fast_food,Duck Food
11169410908,21.0580838,105.7834069,restaurant,
11169410909,21.0579789,105.7834603,cafe,
11169410910,21.0580678,105.7835879,fast_food,
11169410911,21.0580074,105.7836108,restaurant,
11169410919,21.0576576,105.7835342,restaurant,
11169410920,21.0578667,105.7836804,fast_food,
11169410922,21.0575343,105.7838574,restaurant,
11169410924,21.0573868,105.7840013,restaurant,
11169410927,21.0571363,105.7837795,fast_food,
11169410928,21.0569388,105.7839054,restaurant,
11169410929,21.0570405,105.7841098,cafe,
11169410930,21.0568434,105.783994,cafe,
11173421913,20.9938996,105.8673189,cafe,Starbucks
11185256460,21.0668179,105.7816599,cafe,COffee21
11186157294,21.00487,105.8425222,restaurant,Nhà hàng Hải Yến Bách Khoa
11187188351,21.0069441,105.8405363,cafe,Highlands Coffee
11190957358,21.0563747,105.7845874,restaurant,Quan Com
11190957388,21.0573386,105.7837971,cafe,Tra Sua
11197105037,21.0454338,105.8410476,restaurant,Phở Thế Béo
11200436073,20.9833258,105.8424762,restaurant,Tamaya
11202404354,21.0258793,105.8952473,atm,
11205745790,20.9845435,105.8021672,restaurant,Phố đi bộ Carnaby 214
11210458712,21.0467617,105.7864574,fast_food,
11210458713,21.0498081,105.7859402,fast_food,
11210560972,21.0182922,105.8288805,cafe,Cha Tra Thai
11211915136,21.0133633,105.8315728,cafe,Cine Cafe
11211935137,21.0131788,105.8317593,cafe,Moon Cafe
11211935138,21.0131141,105.8318129,cafe,Bro's Coffee
11211935139,21.013063,105.8318708,cafe,Cafe Kỳ Ngộ
11211967776,21.0484994,105.7843668,fast_food,
11211967786,21.0489415,105.7841722,cafe,Tiny Post Cafe
11212149481,21.0103138,105.8365182,cafe,Ding Tea
11212149482,21.0102855,105.8364829,cafe,Cafe Muối
11212149484,21.0102232,105.8364026,cafe,Mixue
11212149486,21.0101675,105.8363349,cafe,Smuzi
11212149493,21.0099118,105.8360645,fast_food,Bánh mì Phố
11212149494,21.0098808,105.8360911,restaurant,Chim Xinh Quán
11212149496,21.0098283,105.8361421,cafe,Of Him Coffee
11212149498,21.0098157,105.8358883,cafe,
11212149507,21.0095505,105.8355154,post_office,DHL
11212149509,21.0095012,105.8354522,fast_food,Pate Cột Đèn
11212149513,21.0093422,105.8352718,cafe,The Cha
11212149523,21.0090783,105.8349323,cafe,Oh! Ze
11212195503,21.0089942,105.8348302,cafe,Đô Đô
11212195506,21.0087906,105.8346209,cafe,Phê La
11212195515,21.0085009,105.834392,fast_food,KFC
11212195517,21.0084411,105.8343014,cafe,Mixue
11212195520,21.0083674,105.8341949,cafe,Tmore - Tiệm Trà Chanh
11212195521,21.0083355,105.8341594,cafe,Cing Hu Tang
11212195522,21.0082689,105.8341723,bank,BIDV
11212195523,21.0104261,105.8361029,cafe,Cafe'CITO
11212195524,21.0104003,105.836079,cafe,AHA Cafe
11212195525,21.0103746,105.8360523,cafe,Café Cỏ
11212195530,21.0102427,105.8358985,restaurant,Cơm niêu Singapore KOMBO
11212195531,21.0101638,105.8358316,restaurant,Bánh tráng Bé My
11212216794,21.0094016,105.8348681,fast_food,Quạc Mía Mix
11212216796,21.0093544,105.8348078,restaurant,Kichi-Kichi
11212228033,21.0480921,105.7842981,fast_food,Miele Pane
11212248141,21.0479495,105.784293,restaurant,Cơm tấm sườn nướng
11212488927,21.0487099,105.7823256,fast_food,
11212544453,21.0081435,105.8333252,restaurant,Cơm niêu Tố Uyên
11212544466,21.0077784,105.832703,restaurant,Ốc Lan Béo Hải Phòng
11215013737,21.0269185,105.8502133,restaurant,
11215141403,21.0499462,105.7823772,bank,ACB
11215223949,21.0465128,105.7842861,fast_food,
11215223951,21.0465699,105.7842864,restaurant,
11215223953,21.0466916,105.784287,cafe,
11215223954,21.0466268,105.7842866,restaurant,
11215223962,21.0470658,105.7842888,restaurant,Bún cá hạnh phúc
11215223970,21.0470096,105.7842885,restaurant,Phở
11215223971,21.0472369,105.7842896,restaurant,Bún cá Việt Nam
11215223972,21.0472914,105.7842898,restaurant,Phở Vũ
11215223976,21.0475194,105.7842225,restaurant,Minh Anh Bia - Bún chả
11215223983,21.0477247,105.7842919,restaurant,Chảnh Nướng
11217641978,21.0127468,105.8323414,fast_food,Bánh mì Anh Tuấn
11217641981,21.0101288,105.836301,restaurant,Gogi House
11218013237,21.0287751,105.8394545,restaurant,Nhà hàng Tầm Vị
11219110477,21.0463643,105.7837044,atm,
11219110478,21.0463643,105.7836791,atm,
11219294712,21.0490837,105.7818211,fast_food,
11219294718,21.0489924,105.7818405,restaurant,Cơm gà 123
11224700069,21.024081,105.8489757,bank,Techcombank
11226865496,21.046902,105.7832036,cafe,Ficado Coffee
11226865500,21.0469799,105.7832015,restaurant,
11231110309,21.0397138,105.8540897,community_centre,
11237992813,21.0466066,105.7947443,fast_food,KFC
11240624141,21.0367957,105.7897879,restaurant,bami king
11242922595,21.0383255,105.8129324,bank,Sacombank
11242922596,21.038124,105.8132918,cafe,Trà đá
11243880809,20.9622995,105.7941262,bank,VIB
11247434400,21.0433192,105.790114,cafe,ROCK CAFE
11254919071,21.0057539,105.8458586,cafe,Cafe Mộc
11254919074,21.0058763,105.845829,cafe,KOPee coffee
11254919076,21.0059567,105.8458379,restaurant,Bún Ốc Chuối Đậu
11262023517,21.0319764,105.8399934,atm,Vikki Bank
11262023518,21.0320074,105.8399641,atm,
11263842269,21.0154663,105.8326002,restaurant,Bún Cá Rô Đồng Hương Quỳnh
11263842272,21.015372,105.83269,restaurant,Phở Thìn Béo
11263842275,21.0152833,105.8327861,post_office,Chuyển phát nhanh Văn Minh
11263842279,21.0151648,105.8329047,restaurant,Bún Sườn Chua 63
11268532904,21.0048593,105.8432706,atm,MB
11281683527,21.016386,105.8315838,restaurant,Susu Bánh Bao Thượng Hải
11283340462,21.01615,105.8151755,bank,VPBank
11283541744,21.029672,105.8278379,cafe,Highlands Coffee
11285432532,21.0277544,105.8273234,cafe,Hanoi Metro Cafe & Canteen
11285982899,21.0266979,105.8536733,post_office,Bưu điện Thành phố Hà Nội
11286510032,21.0173841,105.8315492,restaurant,Phở Bò 149
11290243847,21.0329326,105.8365953,atm,
11290270603,21.0320924,105.8370422,cafe,Hermanas
11290270604,21.0320283,105.8370694,cafe,Papa's Dessert Café
11295778635,21.0168789,105.8317951,bank,PVcomBank
11295820778,21.0166385,105.8320461,restaurant,"Hi, Linh - Bữa Ăn Hoàn Hảo"
11297601823,21.0359489,105.8340364,cafe,Cà phê Tháng Năm
11297601824,21.0361611,105.8340851,cafe,Cà phê Tháng Năm
11299067890,20.9883594,105.5514169,cafe,Wisteria EME
11299136725,21.0159619,105.8328411,bank,SeABank
11299136730,21.0159263,105.8329039,bank,SHB
11299136734,21.0158774,105.8329343,bank,Nam A Bank
11301609147,21.0153814,105.8334507,restaurant,MasterChef
11301620093,21.0150528,105.8338681,restaurant,Bún Chả Kim Oanh
11301620121,21.0147368,105.8340057,fast_food,Hà Thành Cháo Sườn Sụn
11305152268,21.0309011,105.8510833,atm,
11306485228,21.030861,105.8511203,cafe,
11306485229,21.0314431,105.851294,cafe,
11308694306,21.0169194,105.8524742,cafe,The Root Boardgame Cafe
11335544611,21.0154565,105.8333708,bank,Public Bank Vietnam
11335544623,21.0019966,105.8463038,fast_food,Popeyes
11345867151,21.0367029,105.8470263,restaurant,Bánh Cuốn Nong
11346186768,21.0173967,105.8502974,restaurant,iMeatu Korean BBQ
11348093448,21.0357779,105.8293091,cafe,Green Lake Café
11360043569,20.9906068,105.847909,fast_food,Banh Mi
11371361970,21.0303507,105.8497103,restaurant,Bánh mì chay Vegan
11371431369,21.0302188,105.8489505,restaurant,Quán Little Hà Nội
11372720369,20.9932057,105.9459678,cafe,Highlands Coffee
11372720512,20.9919326,105.9452419,bank,ACB
11372720513,20.9917641,105.9455472,restaurant,Nhà hàng Nhật Bản Minori
11372720514,20.9917089,105.9456661,restaurant,Ngan Huế Thương
11372720516,20.9914455,105.9461001,restaurant,Vựa Hải Sản Gió Biển
11372720517,20.9913416,105.9462847,restaurant,Chao Quán
11389406572,21.0044265,105.7406156,bank,Techcombank
11389406573,21.0037173,105.7405476,bank,VPBank
11389436636,21.0079406,105.7376284,cafe,Highlands Coffee
11389436637,21.0038232,105.7401613,cafe,Yi He Tang
11394057669,21.333269,105.3863036,restaurant,Quán Thịt Chó Nguyễn Du
11395688303,21.0073651,105.7310785,bank,Techcombank
11397893948,21.0344677,105.7883878,community_centre,Tổ 23 phường Dịch Vọng
11403522758,21.0169635,105.8146938,atm,
11403532576,21.0066154,105.8308375,bank,TPBank
11409068697,21.0270456,105.8244082,restaurant,Hải Sư - Cơm Niêu Singapore
11411581951,21.0321858,105.8512441,atm,
11411581952,21.0322103,105.8512101,fast_food,Domino's
11414492644,21.0300201,105.8380674,bank,Agribank
11419728535,21.0167596,105.8599433,cafe,H+ Coffee
11419728541,21.0176947,105.86096,fast_food,
11419728542,21.0177914,105.860273,cafe,
11419748771,21.0266564,105.8393322,restaurant,
11422445326,21.0353466,105.8496292,restaurant,IVEGAN Supershop
11422445327,21.0352164,105.8495977,cafe,Hanoi Croissant & Coffee
11429031461,20.7249007,105.9208978,community_centre,Trung tâm Chính trị Huyện Phú Xuyên
11430174834,21.0283744,105.8364294,restaurant,KOTO Van Mieu restaurant
11449233364,21.025293,105.8545421,cafe,Highlands Coffee
11449243270,21.0253836,105.8550888,cafe,Le Faubourg
11449677581,21.0260941,105.8567005,cafe,Caffè Italia
11449677586,21.0261699,105.8571125,restaurant,Lý Club
11449677587,21.0261752,105.8569638,restaurant,Club América Latina
11451595757,21.0253337,105.8569897,restaurant,Press Club Hanoi
11452175789,21.0254707,105.8567443,atm,
11452175807,21.025205,105.8573719,cafe,Ăn Vặt Mẹ Sữa
11452175808,21.025258,105.8574325,cafe,Kimmy House
11452175822,21.0274655,105.8581761,cafe,Ebi Coffee
11461525769,21.0248007,105.8560267,post_office,Bưu cục Giao dịch EMS Hoàn Kiếm
11462437057,21.0121685,105.8502866,bank,GPBank
11462471439,21.0119589,105.8500832,restaurant,Bánh Canh Ghẹ Mama's No. 1
11462471441,21.0118803,105.8502994,cafe,An Coffee
11462471443,21.0123288,105.8502875,bank,Agribank
11462471452,21.012555,105.8503221,cafe,Trà Sữa 172
11462471453,21.0126416,105.850261,restaurant,Chân Cánh Gà Rang Muối
11462471455,21.0120077,105.8499162,cafe,Yi He Tang
11463192514,21.0128836,105.8499762,restaurant,Cơm Văn Phòng
11463192515,21.0128318,105.8500151,restaurant,Bún - Miến ngan Hạnh Lan
11464505970,21.0320441,105.8466146,restaurant,Xoi Cat Lam
11468643063,21.0118844,105.8508053,cafe,Vintage 1976 Cafe
11468718378,21.012338,105.8505177,restaurant,Bánh cuốn nóng 101 Bà Triệu
11468718408,21.0124124,105.8505429,cafe,SID Coffee
11468718409,21.0124565,105.8505315,cafe,3am Coffee & Tea
11468718410,21.0125427,105.8505161,restaurant,Bún Ngon
11468718411,21.0126216,105.8505406,restaurant,Bún ngon Bình Huyền
11470110667,21.0126551,105.8505824,restaurant,Cơm Tấm Tỷ Đô
11472333361,21.074288,105.8220497,cafe,Story Café
11472430137,21.0132741,105.8509418,restaurant,Vua Chả Cá
11472430138,21.0133991,105.8509227,restaurant,Wabi Sabi Sushi
11472430139,21.0129923,105.8505584,cafe,Coffee Chi
11472430141,21.0130646,105.8505575,restaurant,Cơm Lệ
11472430142,21.0132408,105.8505416,cafe,Cafe Năng
11472888175,21.0280898,105.8363726,restaurant,
11475342476,21.0729786,105.8211946,restaurant,Café Restaurant Thung Lung Hoa
11476192642,21.0122385,105.8492654,bank,HDBank
11476192647,21.0121321,105.8496861,restaurant,Tokyo Tan-Tan
11478383159,21.0702012,105.8228256,cafe,Check Point Cafe
11478449863,21.0111987,105.8506192,cafe,Highlands Coffee
11478449864,21.0114987,105.8507135,cafe,KOI Thé
11478449865,21.0116152,105.8505254,bank,VietinBank
11478728726,21.068442,105.8247358,restaurant,Eggmong Sandwiches
11481532729,21.032182,105.8544986,cafe,Cà Phê Lam
11482335144,21.0124304,105.8492322,cafe,Cafe 177
11482387880,21.0128073,105.8492832,fast_food,AnAn Juice House
11482387942,21.0124821,105.8497105,restaurant,Cơm 140 Bùi Thị Xuân
11482387990,21.0132932,105.849647,restaurant,Phở Hương
11484496531,21.2146124,105.8035118,atm,"VIB, Vietinbank, Techcombank"
11484530382,21.2172703,105.7928423,atm,"Agribank, Vietinbank, Techcombank"
11486942492,21.0141039,105.849988,bank,ABBank
11486942495,21.0143532,105.8499722,bank,GPBank
11486942530,21.014734,105.8499683,bank,PVcomBank
11486942532,21.0149368,105.8499649,bank,HDBank
11486942533,21.0149988,105.8499616,fast_food,Bánh Mỳ Pate Cô Thu
11486942534,21.0150614,105.8499694,cafe,Tonkin Coffee
11490090670,21.0366008,105.8516861,restaurant,Don Duck
11491092580,21.0150618,105.8501977,restaurant,Bún Bò Huế Huyền Anh 2
11491092585,21.0149553,105.8502835,restaurant,Tiệm Ăn Ken
11491290544,21.0144162,105.8502524,restaurant,Phở Anh
11491305369,21.0402901,105.8434159,atm,
11491305569,21.0140012,105.8503392,cafe,Cafe Hoàng Tùng
11491305591,21.0136947,105.8503514,restaurant,Bếp Chay Huệ Nhiên
11491397157,21.0356844,105.8491519,restaurant,Chả Cá Lã Vọng
11491405059,21.032965,105.8461226,restaurant,Chả Cá Thăng Long
11491405060,21.033293,105.8459895,restaurant,Chả Cá Thăng Long
11492421566,20.9603476,105.9735906,cafe,
11500070694,21.0150107,105.8505198,cafe,Hùng Xồm Cafe
11500070695,21.0149694,105.8505176,cafe,URI Dessert
11500070696,21.0149361,105.8505216,restaurant,Phở bò Tam Giang
11500070697,21.0147202,105.8505466,restaurant,Khrua Baan Thai
11500070699,21.0146056,105.8505289,cafe,Cafe Hương
11500070700,21.0145643,105.8505811,cafe,CaCa FeFe
11500070701,21.0150782,105.8505667,restaurant,Bún bò Huế O Xuân
11500070704,21.0150736,105.8507748,restaurant,Miến lươn Tân Tân
11500070705,21.0150585,105.8508109,cafe,Cafe 15
11500070708,21.0148792,105.8508802,restaurant,Bún Chả Nem Cua Bể
11505669840,21.0142366,105.8505962,restaurant,Una Family
11505669841,21.0142021,105.8506281,restaurant,Nhà hàng Tonchan
11505669842,21.0141696,105.8506004,restaurant,An Biên Eatery
11505669843,21.0140916,105.8505752,restaurant,Sumibozu - Gà Nướng Than
11505669844,21.0140542,105.850571,cafe,Cafe Thọ
11505669845,21.0139897,105.8505814,restaurant,Chops
11505669846,21.0139502,105.8505838,restaurant,Ikazaya Yancha
11505968804,21.0138665,105.8509611,bank,Eximbank
11505968806,21.0136792,105.8507629,restaurant,Phở Gà 18
11505968809,21.0136764,105.8505412,cafe,Cafe Toàn
11506051549,20.9629327,105.8268188,marketplace,Chợ dân sinh HH
11510364562,21.015078,105.8493151,cafe,Citi Coffee
11510383979,21.0147861,105.8497332,restaurant,Yakiniku Sakura
11516281666,21.0573987,105.8658896,atm,BIDV
11521920506,21.0349277,105.8106272,fast_food,JOTAKO
11521920507,21.0348968,105.8108024,restaurant,washoku IKEDA
11521920510,21.0376712,105.8095517,restaurant,Street Sushi
11521920511,21.0370214,105.8104166,restaurant,chikuan
11521920516,21.0359673,105.8104808,restaurant,らーめん喰龍
11521920517,21.035369,105.810588,cafe,Happy Brew Coffee
11521920518,21.0347916,105.8111925,cafe,AHA Cafe
11521920520,21.0346388,105.8118629,cafe,The Sipping Bar
11521920521,21.034468,105.8123704,restaurant,Quán Quân
11529627513,21.023419,105.7672383,restaurant,Nhà hàng Hoa An Viên
11534643037,21.0135204,105.8492584,cafe,Đạt Coffee & Tea
11534643043,21.0135678,105.849713,fast_food,Lạ Dessert
11534643044,21.0136062,105.849815,cafe,An Cà Phê
11534643046,21.0139689,105.8497454,fast_food,Hudu Sweet
11534643047,21.0139044,105.8496946,cafe,How Cafe
11536272574,21.034426,105.8542345,cafe,Starbucks
11542840818,21.2178539,105.7926676,atm,BIDV ATM
11549127705,21.0441315,105.7853235,cafe,
11559364174,21.0437379,105.7896702,restaurant,
11559465246,21.0268976,105.8171862,restaurant,Quán Bếp Hàng Xóm
11562663169,21.0348422,105.8514644,cafe,
11563157244,21.0458992,105.784456,cafe,Cafe Sun
11563281096,21.032618,105.8093764,cafe,Nghiền cafe
11563334815,21.0459006,105.7850873,cafe,Mixue
11563394778,21.0456914,105.7862359,restaurant,Phở Cồ
11563394779,21.0456533,105.7862374,restaurant,Mì cay Sa Sin
11563394783,21.0454499,105.786234,restaurant,Cơm ngon Bình dân
11563394785,21.0453343,105.7862506,cafe,Én Cafe
11563520038,21.0451874,105.7852761,cafe,
11563520039,21.0451889,105.7853397,cafe,Café Nguyên
11563520044,21.0451915,105.7861662,cafe,Hà Nội Phố
11563562477,21.0451939,105.7862797,cafe,Coffee Góc Phố
11563562483,21.0444691,105.786269,cafe,Nhót Coffee
11564316606,21.0439306,105.7860537,post_office,247Express
11564316616,21.044793,105.7849103,restaurant,Xèo Xèo
11564316617,21.0448874,105.7847909,restaurant,
11564316618,21.0449225,105.7847485,fast_food,ROHI
11564608169,21.0450657,105.7858412,cafe,Café Nhung Kute
11564769580,21.0443338,105.7858457,cafe,Vị Cà Phê
11565844970,21.0353068,105.8526091,cafe,
11568539974,21.0442928,105.784162,restaurant,Nhà hàng Phúc Lâm
11568829087,21.0439536,105.784927,cafe,BeMine Teahouse
11568902926,21.0433502,105.7861262,restaurant,Cháo lòng Hợp Lý 4
11568902927,21.0433095,105.7861234,restaurant,Cơm Ngon Quán
11568902928,21.043277,105.786121,restaurant,Phở trâu giật Minh Quân
11568902930,21.0432146,105.7861186,restaurant,Quán Cừu Vui Vẻ
11568902932,21.0431353,105.7861171,restaurant,Minh Sushi
11568902933,21.0430384,105.7861029,cafe,Aha Coffee
11568902935,21.0431357,105.7859577,restaurant,Lòng Ngon Quán
11568907802,21.0438508,105.785706,post_office,Viettel Post
11568907805,21.0434928,105.7855156,cafe,Phố Xưa Café
11569340570,21.0344105,105.8544177,restaurant,
11569613664,21.0426975,105.7854563,fast_food,Sữa chua Trân châu Hạ Long
11569613666,21.0427437,105.7850623,cafe,HUB
11571556924,21.0438806,105.7847432,post_office,J&T Express
11572113154,21.041908,105.7870439,cafe,Cafe Góc Phố
11572142327,21.041799,105.786364,fast_food,Bánh mì Du mục
11572142338,21.041801,105.7869133,restaurant,Samcheop Topokki
11572546708,21.0427604,105.786396,restaurant,Nhà hàng Ngọc Hiếu
11573034195,21.0422127,105.7870854,cafe,K+ Garden Coffee
11573034201,21.0418895,105.7863373,restaurant,G46
11573034207,21.0425016,105.7866944,cafe,Minh Anh Cafe
11573195867,21.0433538,105.7875767,restaurant,
11573225471,21.0433522,105.7874434,cafe,Cafe 96
11573225480,21.0435632,105.7884184,cafe,
11573225483,21.043562,105.7885598,cafe,Café Phương Anh
11575869869,21.019251,105.8478445,restaurant,
11578133306,21.0457561,105.782087,restaurant,Nhà hàng Dũng Quyên
11578155524,21.084107,105.9411959,restaurant,Meshinoya Ninh Hiệp
11584471212,21.0443217,105.7814927,restaurant,Dũng Thuỷ
11586058872,21.0435558,105.781521,bank,BIDV
11586911182,21.0449085,105.7843548,restaurant,Kiều Hoa Quán
11586914777,21.012747,105.8322087,cafe,Co:coffee
11586915429,21.0455868,105.785841,restaurant,Bún đậu Cúc Cu
11586961132,21.0417662,105.7878632,atm,
11586961137,21.0422537,105.7876895,fast_food,
11586987532,21.0451663,105.7840864,cafe,Tiệm Ấm
11586987534,21.0450525,105.7840889,restaurant,Thiên Lộc Quán
11590640347,21.0454315,105.7842289,restaurant,Cơm Quê Phố Cổ
11590640352,21.0454658,105.784229,restaurant,Cồ Dạt - Phở Bò Nam Định
11590640353,21.0454975,105.7842291,restaurant,
11590640359,21.0455624,105.7842292,restaurant,Bánh cuốn nóng
11590640365,21.0456249,105.7842294,restaurant,Hoàng Nam 89
11590657170,21.0456825,105.7842303,cafe,
11590657173,21.0457157,105.7842305,cafe,Hải Anh Cafe
11590657186,21.0458928,105.7842293,restaurant,Yêu Huế
11591201348,21.0131782,105.8481413,cafe,Café 65
11591201349,21.0131218,105.8481825,cafe,Rosier
11591201351,21.0130593,105.8481531,restaurant,Bún Chả Quê
11591740418,21.0153467,105.8497133,cafe,Coffee Mạc Tộc
11591740419,21.0153054,105.8498107,restaurant,Bánh cuốn gia truyền Thanh Vân
11591740420,21.0153918,105.8498083,restaurant,Sushila
11591740422,21.0152893,105.8493247,cafe,Café Hương
11591740425,21.0153448,105.8493069,cafe,Peach City
11591740426,21.0153622,105.8493101,fast_food,Bánh Mỳ Ngon
11591897883,21.0007268,105.7509863,bank,Phòng giao dịch Agribank khu vực Đại Mỗ - Chi nhánh Từ Liêm
11594624969,20.9762954,105.788699,cafe,Cơm Sườn
11596830869,20.9722094,105.777003,cafe,
11597413969,21.0379053,105.8273084,cafe,
11597765769,21.0449392,105.8413816,cafe,
11597884064,21.0408034,105.7830982,restaurant,Cơm sinh viên
11597884066,21.040546,105.7827592,atm,
11598930306,21.0157917,105.8494249,restaurant,Bánh cuốn nóng 117 Bà Triệu
11601240069,21.033803,105.8519596,restaurant,
11601246869,21.0712576,105.8138819,cafe,
11601353643,21.01619,105.8497525,restaurant,Hiệu Cơm Việt Nam
11601353645,21.0163662,105.8496815,bank,Agribank
11601645095,21.0167091,105.8497579,restaurant,Cơm Rang - Phở - Bún Cháo
11601645100,21.0167569,105.8497633,restaurant,Bún Ốc Cổ Hà Nội
11601645102,21.0168502,105.8497423,cafe,Juice Corner
11601860469,21.0454582,105.8424927,restaurant,
11602147879,21.0386612,105.7826957,atm,
11606781369,21.0639035,105.8284405,restaurant,
11609354500,21.0403315,105.7853409,atm,
11609602708,21.0320556,105.8469059,restaurant,Mr. Bảy Miền Tây
11609617209,21.0321366,105.8480563,restaurant,The Hanoi Cafe
11609621388,21.0329467,105.8460186,restaurant,Chả Cá Thăng Long
11609629180,21.0304393,105.836466,cafe,80+ coffee roastery
11613547706,21.0153601,105.8500699,restaurant,Mỳ Vằn Thắn - Mỳ gia Quảng Đông Kố Kiên
11613547708,21.0153174,105.8503388,restaurant,Broho Beer
11613547709,21.0153795,105.8503398,fast_food,Binbo
11613547721,21.015922,105.8502131,restaurant,Lẩu cua đồng Hòa Lạc
11613547722,21.0160144,105.8502267,restaurant,Bánh Cuốn 86
11614903233,21.0375579,105.7828416,restaurant,Mini Food Court
11614945280,21.0370817,105.7837636,atm,
11614945281,21.0370638,105.7837636,atm,
11615025550,21.037818,105.7843275,cafe,Win Cafe
11615025563,21.0383755,105.7824876,atm,MB CRM
11615961387,21.0162389,105.8502118,restaurant,Hồ Lô Quán
11615961392,21.0167751,105.8500046,restaurant,Cháo 37
11615961396,21.0166595,105.8498791,restaurant,Bún Chả - Nem Rán
11615961397,21.0165812,105.8499262,cafe,Brobusta Coffee
11615961404,21.0160697,105.8499661,restaurant,Quán cơm Minh Hiền
11617459419,21.040598,105.7824219,fast_food,Ydo!
11617757741,21.0403903,105.7819253,restaurant,
11617757742,21.0403867,105.7820646,restaurant,
11617757743,21.0403849,105.7822154,restaurant,Quán cơm Đại Long
11617804908,21.0404856,105.7844762,cafe,Olo Tea&Coffee
11617804909,21.0405087,105.7842605,restaurant,Canteen A10
11617804910,21.040504,105.7843637,restaurant,Bánh cuốn Bà Khê
11618453369,21.032666,105.8544412,restaurant,
11618566518,21.0380146,105.7822314,fast_food,Quầy ăn nhanh Bảo Sơn
11618566519,21.0379537,105.7822298,fast_food,Rubic 8
11618566522,21.0379131,105.7822158,cafe,Summer Tea & Cafe
11618566524,21.0379498,105.7820974,cafe,F City
11618566525,21.0379583,105.7819137,cafe,Đào Garden Coffee
11618566526,21.0381044,105.7818791,restaurant,Cơm Nam Đen
11618566527,21.0382215,105.7818482,restaurant,Quán 286
11618566528,21.0382283,105.7819155,restaurant,Bún đậu Tú Kiểu
11618566529,21.0381808,105.7819355,restaurant,Korea Food
11618566530,21.0382538,105.7819865,cafe,Xu-Xẻng
11618566532,21.0382504,105.7822284,cafe,
11618566533,21.0382063,105.7822375,fast_food,Trường Sa Quán
11618650227,21.0368678,105.7823351,cafe,Royaltea
11618650230,21.0368634,105.78253,fast_food,Bánh mì A Phúc
11618650231,21.0368612,105.7826258,fast_food,
11618650232,21.0368571,105.7828028,restaurant,Phở
11618650233,21.0368552,105.7828855,restaurant,Thái Phở Cuốn
11618650234,21.0369133,105.783042,cafe,Dynamic Cafe
11618650236,21.0368559,105.7835532,fast_food,Fresh Garden
11618650240,21.0368374,105.7843531,cafe,Hanoi Corner Cafe
11621684810,21.0161225,105.8484896,atm,
11622421769,21.0322969,105.8524306,restaurant,
11625397932,21.0139975,105.849991,restaurant,Gumiho
11625397934,21.0136368,105.850019,restaurant,Trâu Ngon Quán
11625397939,21.013621,105.8506004,cafe,Lãm
11625397940,21.0136141,105.8505267,cafe,Aha Cafe
11625397942,21.0147122,105.8502911,community_centre,Nhà sinh hoạt cộng đồng phường Nguyễn Du
11625397943,21.0145105,105.8500087,restaurant,Mr. Big Beef - Bò Nướng Tảng
11626205869,21.032637,105.7882816,atm,
11626870546,21.038145,105.8678339,restaurant,Quan Ga Coi
11626870547,21.0382212,105.867775,restaurant,Quan Pho Huong
11629371672,21.0329889,105.7954654,community_centre,
11633344424,21.045998,105.8683425,cafe,Tèo Coffee
11633344429,21.0455249,105.8690094,cafe,Bentinho coffee
11633344430,21.0453824,105.8688786,restaurant,Tiệm vịt tiềm A Cường
11633344438,21.0452114,105.8685465,restaurant,YelaPutra Chè
11633344439,21.0451979,105.8685243,restaurant,Cơm cháy gà Lẩu gà thuốc Bắc
11633344440,21.0451841,105.8685022,restaurant,Quán Nam Vịt
11633344441,21.0451498,105.8684163,restaurant,Thanh bún ngan
11633344446,21.0450506,105.8682281,restaurant,Nem lụi Huế
11633344448,21.0455612,105.8685899,cafe,Pink Coffee
11633344449,21.0455539,105.8686187,cafe,Coffee 68 Long Biên
11634557496,21.0393689,105.7990445,cafe,Truc Lam Coffee
11637243469,20.9774156,105.7902558,cafe,A Mó Re Coffe n Cakey
11644509069,21.042005,105.7930668,restaurant,Phương Nguyên Quán
11644514823,21.0342713,105.7892102,cafe,Aventus Coffee Trần Thái Tông
11645156888,20.9985372,105.8732552,cafe,Mixue
11648497269,21.0398272,105.8500366,cafe,
11649543053,21.0153322,105.8505028,cafe,Cafe Bánh Mỳ
11649543054,21.0152791,105.8505089,cafe,Coffee 26
11649543059,21.0152615,105.8508477,restaurant,Miến lươn Tân Tân
11649543061,21.0153899,105.8508537,restaurant,Phở Sướng Cô Mười
11649543062,21.0155605,105.8508485,cafe,Coffee Mặn
11649693308,21.0157817,105.8505547,restaurant,Shinbashi
11649693309,21.0158426,105.850551,restaurant,Bún Ốc Phong
11652045469,21.0296969,105.8489375,restaurant,
11652137695,21.0161882,105.8505424,bank,SHB
11652508597,21.0371257,105.8512903,bank,Sacombank
11652527569,21.0303627,105.856488,restaurant,BANH Mi NHE
11652644710,21.0352691,105.8489144,restaurant,Rajbhog
11652724264,21.0360566,105.8521393,restaurant,Ramkrishna
11652768539,20.9986229,105.8734073,fast_food,Bánh mì Bà Tại - Ăn là nhớ
11652855477,20.9959296,105.8741185,restaurant,Phở Dũng cơ sở 3
11652991633,21.0352621,105.852044,fast_food,Mr. Kebab
11653040776,21.0167367,105.8506815,fast_food,Donar Kebab Antony
11653040784,21.0167125,105.8504238,cafe,O'Coffee
11653040789,21.0165554,105.8504408,cafe,Mành Cà phê
11655061817,21.0449487,105.7842994,community_centre,Tổ dân phố Hoàng 5 & 19
11655061818,21.0414696,105.786802,fast_food,Popeyes
11655341876,21.0376407,105.8519093,fast_food,Bamichao
11655427673,21.038279,105.8474529,restaurant,Hill Top Curry
11655441409,21.038471,105.8483971,bank,ACBBank
11655444080,21.0363265,105.787082,cafe,Laika Café
11655541169,21.0228801,105.8572469,cafe,
11655592469,21.0354292,105.7991243,restaurant,1
11655642769,21.0188392,105.8426296,restaurant,
11655842992,21.0035001,105.842889,atm,
11655877372,21.0004563,105.8443934,fast_food,Căng-tin
11659995709,21.0102936,105.8496384,cafe,The Alley
11659995710,21.0103485,105.8496749,restaurant,Taipei Express
11659995712,21.0100476,105.8499778,cafe,Ah Ma Handmade
11659995714,21.0099265,105.8499857,cafe,Wheel Coffee Adventure
11662128969,21.3093219,105.3859326,restaurant,
11662192866,21.0104764,105.8498429,cafe,Gia Linh Coffee & Juice
11662192867,21.0104947,105.8497903,cafe,Bống Cafe & Juice
11662204172,21.010506,105.8497491,cafe,Coffee Hải Anh
11662204173,21.010507,105.8497193,cafe,Wehome - Ms Tram
11662204174,21.0105031,105.8496904,fast_food,Bảo Vy
11662204175,21.0105069,105.8496521,restaurant,Bún Bung
11662204177,21.0105038,105.8494406,cafe,Kafa Café
11662252388,21.0360208,105.8528316,fast_food,Banhmi Station
11662267270,21.0368784,105.8525922,cafe,Trung Nguyên Coffee
11662619725,21.0366139,105.8520155,cafe,Dream Beans Coffee
11663033697,21.0337897,105.8350287,restaurant,Phở Thìn 1979
11663157215,21.0323254,105.8516135,cafe,Yellow holic
11671732332,21.0366496,105.8518221,bank,GPBank
11671738915,21.0363843,105.8500795,fast_food,Hanoi Bami
11671750165,21.0368005,105.8523553,cafe,Banh Mi Mama
11671757252,21.0365653,105.8518793,fast_food,Chicken Zozo
11671757415,21.0362758,105.8504263,fast_food,Briques
11671779517,21.035035,105.8521155,cafe,Olive
11671779518,21.0348698,105.8521659,restaurant,Bia 23
11671813065,21.03568,105.8513329,cafe,V-cuisine
11671828321,21.034911,105.8521493,restaurant,Hai Yen
11671842647,21.0350998,105.8521,restaurant,Thinh Vuong
11671848849,21.0353303,105.849273,restaurant,Com Nien Viet
11672789769,21.0337055,105.8470228,fast_food,Nga Bánh Chuối Bánh Khoai
11672848991,21.0098397,105.8500823,fast_food,Bánh Mì Giò Chả Dũng Hạnh
11672848992,21.0098004,105.8501165,restaurant,Midori House
11672848994,21.0097723,105.8503157,post_office,Viettel Post
11672848998,21.0094738,105.8504406,cafe,Lynh's Coffee & Tea
11672849014,21.0102216,105.8506706,restaurant,Bún Chả Chan
11675163969,21.0292381,105.848015,restaurant,Xôi Tiến
11675810869,21.0599923,105.8304227,cafe,
11675985402,21.0394264,105.8468451,restaurant,"Bún đậu, giả cày"
11675985403,21.0393809,105.8468352,restaurant,Chả cá lăng Toàn Xuân
11675985404,21.0393258,105.8468245,cafe,
11675985407,21.0391319,105.8467824,restaurant,Nhà hàng Đồng Đội
11675985408,21.0390476,105.8467609,restaurant,Phố nướng xứ Lạng
11675985410,21.0387871,105.846716,restaurant,Nhà hàng Quả Trám
11675985412,21.0387,105.846693,restaurant,Lươn đồng xứ Nghệ
11675985413,21.0385986,105.8466718,cafe,White Coffee
11675985415,21.0394305,105.8470423,restaurant,Bò nầm nướng Puka
11675985416,21.0393511,105.8470342,fast_food,Dung Hoà
11675985417,21.0393181,105.84703,fast_food,Mộng Cook
11675985421,21.0392001,105.8470376,fast_food,Cửa hàng Mai Phương
11675985424,21.0390497,105.8470381,bank,NCB
11675985428,21.0388393,105.8470315,restaurant,Nhà hàng Bít tết Ngọc Hiếu
11676649769,21.039753,105.8467895,cafe,Phê Đây
11676661169,21.034455,105.8301501,restaurant,Quán Bánh Cuốn Nóng Gia Truyền
11680902269,21.0681834,105.8252977,cafe,
11683507069,21.0365868,105.8475526,restaurant,Phở Tư lùn
11683982774,21.0392339,105.8472545,restaurant,Nhà hàng Thanh Thủy
11683982775,21.0391463,105.8472791,restaurant,Lẩu dê Nhất Ly
11683982777,21.039002,105.8472713,restaurant,Long Wang
11683982780,21.0397324,105.8477821,cafe,
11683982786,21.0395747,105.8478477,fast_food,Bò khô Phương Dung
11683982790,21.0394512,105.847899,fast_food,Bò khô Hiệu 22
11683982791,21.0394173,105.8479131,fast_food,Bò khô Mỹ Hương
11683982793,21.0393191,105.8479539,fast_food,Quẩy Tuyết
11683982795,21.0392402,105.8479937,restaurant,Bà Hoa Lẩu nướng
11685045538,21.0094979,105.8508568,restaurant,Bún Ốc Chúc Thúy
11687740669,20.9738685,105.9239223,cafe,Highlands Coffee
11697674105,21.010364,105.8514359,restaurant,Phở Gà Ta
11697674106,21.0104074,105.851454,restaurant,Bò Nhúng Dấm
11697674110,21.0103899,105.8511899,restaurant,Hao Chi - Dimsum Taipei
11697674115,21.0103513,105.8508881,restaurant,Nhà hàng Tuấn Hải
11726901669,21.0410628,105.8483682,restaurant,Bún cá Hương Thủy
11736356053,21.0324075,105.7888379,bank,Techcombank
11745319464,21.0174193,105.8290359,bank,ABBank
11768045210,20.9922521,105.8737005,restaurant,Nhà Hàng Sake
11772843570,21.0292682,105.8464073,cafe,ThirstT
11775084796,20.9073357,105.8478172,community_centre,Nhà văn hóa khu C cụm 591
11777328869,21.0222848,105.8449142,cafe,Skyline Coffee
11782452951,21.0152379,105.8512803,cafe,KOPee coffee
11782452955,21.0152983,105.8510077,cafe,Cafe Lộc
11782452956,21.015401,105.851015,restaurant,Phở Vân Anh
11782452957,21.0154954,105.8510453,restaurant,Nét Huế
11786794969,21.0349267,105.8530083,restaurant,
11793346971,21.0341476,105.8507444,fast_food,
11795384469,21.0336839,105.8472294,restaurant,
11799743443,21.0310128,105.8219357,fast_food,Lotteria
11802021269,21.0361283,105.8465959,restaurant,Tadian
11803994227,21.0231862,105.6179343,restaurant,nhà hàng thịnh lùn
11804234603,21.0383782,105.8486137,restaurant,Weekend Night Market food stalls
11806444769,21.0347303,105.826764,atm,
11806444770,21.034476,105.8273786,bank,VietinBank
11806445371,21.0353156,105.829246,cafe,Tiệm nhà mộc
11806446769,21.0346094,105.8278136,restaurant,Bún bò huể Nhân Khôi
11812477854,21.0377422,105.8268264,cafe,420 Lab
11829544969,21.0405527,105.8455651,fast_food,Bami King
11830396516,21.0054326,105.8464094,restaurant,Nhà ăn sinh viên quốc tế
11830565369,21.0385073,105.8483805,cafe,Mixue
11832114469,21.0434628,105.8457036,cafe,King Coffee
11832115990,21.0404993,105.8455417,restaurant,Bánh Cuôn Gia Truyền
11832117000,21.0424131,105.845195,cafe,La Boong
11832123091,21.041883,105.8453266,cafe,Là Việt Coffee
11832123383,21.0419857,105.8451577,cafe,The Corner Café
11832141669,21.0372015,105.8519799,cafe,Mixue
11832164574,21.1403201,105.8491527,atm,
11832188470,21.0435544,105.8362406,cafe,Mixue
11834016869,21.0316754,105.8508139,cafe,Mixue
11840580772,21.0415935,105.8458366,cafe,DIY Coffee
11843128270,21.0344092,105.8473355,bank,TPBank
11843128371,21.0343968,105.8473574,atm,
11843144169,21.0344826,105.8469908,restaurant,
11846667370,21.0323808,105.7873729,restaurant,Cơm thợ xây
11846922569,21.0323689,105.78739,restaurant,Cơm văn phòng
11846982469,21.0314233,105.7854493,restaurant,Quán bún chả
11847015969,21.0326122,105.7914563,restaurant,Nhậu tự do
11864413311,21.0432955,105.8403087,cafe,With Us
11865412258,21.0579047,105.8354154,cafe,1998 Coffee
11866085369,21.0202038,105.850731,restaurant,Nhà Hàng Chay Me&An Vegetarian
11867796889,21.2149786,105.8041974,fast_food,Burger King
11868094969,21.0241889,105.8447085,fast_food,Vegan Ph
11868107987,21.027728,105.8442442,cafe,Kafa Café
11873275169,21.0204415,105.8573028,fast_food,Quán Chay An Binh
11873418469,21.0393488,105.8481295,cafe,Chè Ngon Quán Nước Ép Trái Cây - Cafe
11878372469,21.0324629,105.847612,restaurant,Green Inn
11882919071,20.922999,105.9003957,bank,Vạn Phúc
11882919470,20.9226466,105.9014964,bank,Vạn Phúc - Thanh Trì
11883399469,21.0489369,105.8384751,cafe,LAIKA Café
11883463169,21.0615198,105.8267217,restaurant,Thích nhất mỳ
11883624469,21.0251811,105.8458317,restaurant,Abracado
11885987569,21.052741,105.8403861,cafe,COC Roastery
11886893369,21.0443398,105.8417477,cafe,M(8)te
11888380369,21.0631814,105.8243292,restaurant,Kiez Vegan – Hanoi
11912084366,21.0105238,105.8465789,cafe,MONO Coffee Lab
11916492669,21.120328,105.9812797,restaurant,XÔI BÁNH MÌ YÊN
11916970127,20.9597204,105.7668832,cafe,Highlands Coffee
11919139469,21.0344506,105.8270888,cafe,
11919147369,21.0342468,105.8272194,restaurant,Lẩu nấm thiên nhiên
11923916098,21.0700866,105.8229309,cafe,SNOW BEACH CAFE
11929860879,21.0592925,105.8087662,fast_food,Lotteria
11936494469,20.9671325,105.8187521,marketplace,
11936598891,21.0185665,105.7953763,restaurant,Wine Garden
11957595860,20.8716305,105.8683676,bank,Vietcombank
11960886745,20.9641714,105.7831492,restaurant,Bún bò Huế O Lộc
11964168571,21.0448428,105.8433812,atm,
11974784240,21.2351212,105.7121661,cafe,TẬP THỂ NGHỆ THUẬT LƯỜI BIẾNG
11985285017,21.0236491,105.809305,restaurant,Haidilao Hot Pot
11985320507,21.0231568,105.8081926,restaurant,Simisi
11989415196,21.0856233,105.9405636,marketplace,Chợ Baza
12000107441,21.0649573,105.7793907,restaurant,Bún chả 309
12002055463,21.0485741,105.7486889,bank,Agribank
12002271435,21.0464718,105.7892478,bank,BIDV
12002271436,21.0464635,105.7891261,bank,VPBank
12017316256,20.9666457,105.7795511,restaurant,Siêu thị bánh tráng TANA (cơ sở Lê Lai - Hà Đông
12022604275,21.034783,105.825652,atm,TPBank LiveBank 24/7
12032601237,21.0106575,105.7883031,atm,MBBank
12033021597,21.0151651,105.7825427,marketplace,Hà Đăng Mart
12035219861,21.0155361,105.782979,bank,VietinBank
12035515265,21.1986075,105.8464351,cafe,BILL THANH
12043027554,21.0842519,105.7850472,cafe,Highlands Coffee
12043046255,21.1131476,105.8282026,cafe,Highlands Coffee
12050526441,21.0605803,105.8786132,cafe,De Lavu cafe
12050985870,21.0414753,105.8482021,restaurant,Bánh Cuốn Gia Truyền
12050985873,21.04398,105.8457481,restaurant,Ding Dimsum
12050985874,21.0442252,105.8458444,cafe,Hẹn Coffee
12050991770,21.044326,105.8458737,cafe,Café Số 2
12050991969,21.0420395,105.8470202,restaurant,Chick Garden
12050992169,21.0420826,105.8467901,bank,BIDV
12050994669,21.0396686,105.8465847,bank,Nam A Bank
12054550970,21.0243159,105.8519904,cafe,Good Day
12055579963,21.0064142,105.7701724,cafe,Aha Coffee
12058745385,21.0332015,105.836427,atm,
12058745386,21.0318603,105.8356451,atm,Techcombank
12063063061,21.0342063,105.8344192,atm,MB
12063757631,21.0340257,105.8535075,restaurant,May de Cuisine
12064276069,21.0367152,105.8487552,cafe,Tocotoco
12067246576,20.9749259,105.8700391,cafe,Đường vào tym em
12067360419,21.0212909,105.8532742,cafe,Eggyolk
12067360424,21.0200886,105.853029,restaurant,Mien with eel
12069918127,21.033553,105.833468,community_centre,Tổ dân phố 7 phường Điện Biên
12076522969,21.0313735,105.85394,cafe,Giao Mua Coffee
12078106227,21.0321609,105.8450575,cafe,1977 Station Cafe
12078106228,21.0321309,105.8450507,cafe,Huyền Coffee
12078106229,21.0320721,105.8450374,cafe,Hanoian
12078106230,21.032012,105.8450237,cafe,Coffee Bình Minh
12078106231,21.0320369,105.8450294,cafe,
12078106232,21.0319744,105.8450152,cafe,Giao’s Coffee
12078106233,21.0319515,105.84501,cafe,Coffee Station 16
12078106234,21.0319265,105.8450043,cafe,mincolin
12078106235,21.0318996,105.8449982,cafe,20 Railway
12078106236,21.0318501,105.844987,cafe,24 The Small Station
12078106237,21.0317955,105.8449746,cafe,Coffee - Cold Beer
12078106238,21.0317445,105.844963,restaurant,
12078106239,21.0316839,105.8449493,cafe,Gold Coffee
12078106240,21.0316301,105.8449371,restaurant,34 Railway
12078106241,21.0315299,105.8449144,restaurant,Coffee Như Ý
12078112267,21.0303668,105.8442566,cafe,May Hanoi Cafe
12078112268,21.0303447,105.8442349,cafe,Railways Tuan Café
12078122269,21.0314864,105.8449045,cafe,Coffee 40
12078122270,21.0314535,105.844897,cafe,Cafe Bắp 42
12078122271,21.0314167,105.8448887,cafe,Ms Hương Ly
12078122273,21.0313012,105.8448568,cafe,Ann Coffee & Tea
12078122274,21.0312755,105.8448511,cafe,Cat Coffee
12078122275,21.0312458,105.8448357,cafe,Coffee 54 - 58
12078122276,21.0311723,105.8448038,cafe,Coffee - Sân Ga
12078122277,21.0311225,105.844784,cafe,Coffee 64
12078122278,21.0310906,105.8447649,cafe,Sixty Six Coffee
12078122279,21.0310496,105.8447475,cafe,The Train Since 1881
12078122280,21.0310127,105.8447314,cafe,Cofee 70
12078122281,21.0309402,105.8446957,cafe,
12078122282,21.0309126,105.8446857,cafe,
12078122283,21.030825,105.8446308,cafe,Coffee Vân 78
12078122284,21.0307886,105.8446075,cafe,Hảo Hảo Coffee
12078122285,21.0307597,105.844589,cafe,
12078122286,21.0307228,105.8445654,cafe,Coffee Bends 84
12078122289,21.0305911,105.8444622,cafe,90 Đường Tàu
12078122291,21.0305249,105.8444122,cafe,Coffee Chill 96
12078122292,21.0304973,105.8443851,cafe,Choo Choo Coffee
12078122293,21.0304528,105.8443413,cafe,An An Coffee
12078134469,21.0302894,105.8441804,restaurant,Ga Đông Dương
12078134470,21.0302301,105.8442768,cafe,Eisenbahn Kaffee
12078134471,21.0302667,105.8443151,cafe,Cà Phê Ga Đông Dương
12078134473,21.0303622,105.8444296,cafe,Railway Tuan Cafe
12078134474,21.0304148,105.8444776,cafe,
12078134475,21.0304543,105.8445156,cafe,Nhà Lê
12078134476,21.0305012,105.8445553,cafe,Choo Choo Coffee
12078134477,21.030535,105.8445852,cafe,Coffee Chill 96
12078134479,21.0306105,105.8446379,cafe,Ga Đông Dương
12078134481,21.0307094,105.8447002,cafe,Ga Đông Dương
12078134482,21.0307662,105.8447321,cafe,Hảo Hảo Coffee
12078134483,21.0308329,105.8447647,cafe,Càfê Vân
12078134484,21.030866,105.8447789,cafe,76 Train Street
12078134485,21.0308949,105.8447914,cafe,74 Train Street
12078134486,21.0309202,105.8448023,cafe,72 Train Street
12078134487,21.0309507,105.8448153,cafe,70 Train Street
12082718342,21.033627,105.8338256,post_office,Bưu điện CP16
12086810588,21.035114,105.8319808,fast_food,Nhà hàng Hoa Lư
12088736973,21.2934908,105.7855704,cafe,Miyo Café
12090162463,20.8080169,105.8533554,marketplace,Chợ quê Nghiêm Xá
12092826928,21.0319363,105.8370555,restaurant,An Nhiên
12092826929,21.0318993,105.8368576,restaurant,Giang Restaurant
12096414253,21.0328495,105.850347,restaurant,
12096628672,21.0128547,105.803441,cafe,Hoàng Gia 03
12097613261,21.0338421,105.8468926,restaurant,
12098955278,21.0101045,105.8506388,restaurant,The Ramen Mafia
12098955280,21.0114032,105.8507164,restaurant,Pizza 4P's
12098955282,21.0112282,105.8493825,restaurant,Dookki
12098955283,21.0112535,105.8496303,restaurant,Kichi-Kichi
12098955284,21.0110994,105.8495785,restaurant,Meiwei
12098955410,21.0158944,105.8513165,bank,BIDV
12101841706,21.0259396,105.8588079,cafe,CAFE & BAR
12104684986,21.0161197,105.8512368,fast_food,Bánh Mì Phố Huế
12105870160,21.0163051,105.8509763,restaurant,Nhà hàng Phương Nam
12105915319,21.0424255,105.8400314,restaurant,Lẩu Cua
12106408165,21.0167316,105.8511645,restaurant,Nem Phùng - Nem Chua
12106756164,21.028975,105.8485177,restaurant,Dream catchers
12109633453,20.9742021,105.8686933,cafe,Mixue
12116589717,21.01856,105.8495547,cafe,Neo Cafe
12116589721,21.0185218,105.8497899,cafe,Cà phê Hai Bốn
12116589723,21.0185096,105.8498791,cafe,Góc Phố Cafe
12117241051,21.012437,105.8487786,restaurant,Bếp Thái Koh Yam
12118199551,21.035716,105.7823807,fast_food,McDonald's
12118199552,21.0363127,105.782485,cafe,Highlands Coffee
12118199553,21.0363218,105.7821873,cafe,Starbucks
12118199554,21.0362237,105.7825964,restaurant,Pizza 4P's
12118199559,21.0357426,105.7828273,restaurant,Som ตำ Thai
12129452075,21.0027135,105.8299435,atm,
12135488901,21.0408081,105.84536,cafe,Cafe Hà
12135516703,21.0420419,105.8438295,cafe,Day Off Coffee
12141480950,21.2934335,105.7849998,restaurant,Quán Lee
12146358168,21.0844537,105.8070652,bank,MB
12149714102,21.032057,105.8521518,restaurant,Cau Go
12150953247,21.0549591,105.7320169,bank,Techcombank
12151030988,20.9725764,105.6757513,community_centre,Nhà văn hóa Thôn 5 xã Cộng Hoà
12151158201,21.0254551,105.8528885,cafe,BREAD FACTORY
12155433304,21.0312868,105.8552544,cafe,Moo Coffee
12164856801,21.0171195,105.8491278,fast_food,Lotteria
12164856802,21.0171042,105.8490057,restaurant,Bún Miến Ngan Phở Bò
12164856901,21.017111,105.8487503,restaurant,Phở bò
12164857001,21.0171081,105.8488996,cafe,Coffee 42
12164910901,21.0167654,105.8502544,cafe,Cafe 54
12164911001,21.0167092,105.8502554,restaurant,Kaede Food Restaurant
12165016301,21.0143166,105.849969,restaurant,Nhà Hàng  Khiêm
12177717116,21.0103485,105.7788194,marketplace,Chợ Mễ Trì
12177718901,21.0414397,105.8447062,cafe,Gasfein
12178416219,21.0062933,105.832697,cafe,Toninni Caffe
12188220611,21.0296258,105.7922418,cafe,Phê La (Thành Thái)
12188220612,21.0296871,105.792065,cafe,The Cafein
12189287501,21.0341491,105.8441363,cafe,JA café
12212544801,21.0229558,105.8014478,atm,TPBank LiveBank 24/7
12213572601,21.0232121,105.801918,fast_food,PHỞ BÒ - CƠM RANG - BÚN BÒ HUẾ
12222444129,21.0207244,105.8308132,atm,
12224003112,21.0360243,105.7603859,bank,Techcombank
12224003113,21.036168,105.7599257,bank,Agribank
12224003114,21.0268874,105.8155981,bank,PG Bank
12230059534,21.0421332,105.8424306,restaurant,Phở Bò Yến
12230139974,21.0191038,105.8015084,restaurant,Ushanka
12230141269,21.0170438,105.7785438,cafe,Joma
12230186584,21.0457143,105.8426193,restaurant,Panzerotti.hn
12232415785,20.975184,105.8119491,cafe,Delícia Coffee & Lounge
12235167371,21.0499723,105.8050425,cafe,Sàn gỗ Nguyễn Kim
12240739575,20.9658076,105.7570507,cafe,Highlands Coffee
12240739576,20.9661164,105.7570937,restaurant,Dookki
12240823471,21.0634648,105.8675912,cafe,Zaocha
12241087810,21.0153818,105.8005144,restaurant,Cơm gà Mạnh Hoa
12243190801,21.042598,105.8369236,cafe,Highlands Coffee
12244336365,21.0159533,105.8012804,cafe,Kafa Cafe
12245679301,21.0152029,105.8012596,bank,SeABank
12245679302,21.0152415,105.801222,bank,BIDV
12245679303,21.0153161,105.8011491,cafe,Joy House
12245679304,21.0153561,105.80111,restaurant,Thai Restaurant Seafood
12245679305,21.0153935,105.8010735,restaurant,Nhà hàng Nhất Linh
12245679306,21.0154327,105.8010353,bank,NCB
12245679308,21.0155041,105.8009655,bank,Indovina Bank
12245679309,21.0155514,105.8009193,restaurant,Le Monde Steak
12245679310,21.0156253,105.8008992,restaurant,Shang Chi
12245679311,21.0156972,105.8009529,cafe,C.O.C Flavor
12252622818,21.0380741,105.8122488,cafe,Chilling - Coffee & Toast
12277048842,21.0166458,105.7838112,cafe,Starbucks
12277048843,21.0168253,105.7839788,fast_food,Lotteria
12277048844,21.0165906,105.7841094,bank,Shinhan Bank
12277048845,21.017037,105.7839985,restaurant,Pizza 4P's
12277048847,21.018024,105.7836978,bank,Techcombank
12277048849,21.017833,105.7836461,restaurant,Big Mama Restaurant
12277048850,21.0178377,105.7832763,restaurant,Hanoi Gwang Hae
12277048851,21.017659,105.7832115,cafe,Caffe Grigio
12279101155,21.0355323,105.7953378,restaurant,
12281937801,21.0236809,105.8507253,restaurant,Giang My
12287492375,21.0760133,105.8126928,restaurant,CoCo Ichibanya
12287492382,21.0765181,105.8133716,fast_food,Marugame Udon
12287492384,21.0756278,105.8124769,fast_food,Lotteria
12289120139,21.033518,105.8538828,restaurant,"Hanoi Corner, Madame Yen"
12289120159,21.0334623,105.8538687,restaurant,
12291667703,21.0362521,105.8288384,restaurant,Chay Nhà An
12293316018,21.0340545,105.7880828,cafe,Second Home
12300636545,21.0352937,105.8308972,cafe,"The Root, Boardgame Cafe"
12313888820,21.0159775,105.8050255,restaurant,Phở hiền
12313923069,21.0117973,105.8174393,restaurant,Phở bò
12313947065,21.0281525,105.8226197,restaurant,Phở Tuấn C8 Giảng Võ
12323851201,21.0555607,105.7304177,bank,MB
12323861042,20.9965723,105.8694166,cafe,Highlands Coffee
12328253201,21.0457193,105.8414582,fast_food,Unique Bread
12328522137,21.0534677,105.8374933,bank,VPBank
12330510201,21.0555569,105.7302899,atm,MB CRM
12331430862,21.007247,105.7936444,fast_food,KFC
12331430863,21.0053804,105.8056588,cafe,Starbucks
12331430864,21.0053411,105.8053639,cafe,Katinat
12343563164,21.0197312,105.8493044,restaurant,Chay vỉa hè
12343630750,21.032434,105.8505782,restaurant,King Roti
12364330149,21.214761,105.7817452,restaurant,Hoang Duong Garden Restaurant
12364714192,21.2154381,105.7801312,cafe,Coffee TTG
12364718085,21.215748,105.7792745,restaurant,Cafe Bonsai
12364719053,21.2155125,105.7798044,restaurant,Tha Hoa Sua
12364730577,21.2142706,105.7814937,restaurant,Hai Nga
12372330757,21.0090051,105.7744707,restaurant,Chickenzip
12372377830,21.0144708,105.776872,cafe,Cộng Cà Phê
12372389429,21.0147137,105.7772099,cafe,Starbucks
12375798343,21.0296837,105.8105812,restaurant,Izakaya Unatoto
12388640281,20.9502001,105.9344827,fast_food,KFC
12388640282,20.9494165,105.9345348,cafe,Highlands Coffee
12389640473,20.9497279,105.9338949,restaurant,Pizza Hut
12389716289,21.077697,105.8202739,restaurant,Dê Ngon Quán By Chef Thái Râu - 439 Âu Cơ (cơ sở 2)
12392686430,21.016312,105.8111559,bank,GP Bank
12393379604,21.0177804,105.8587185,restaurant,Hoa Viên Craft Brewery
12394092001,21.0326621,105.850539,restaurant,Pho Ga 26
12395826102,21.072521,105.8145064,restaurant,Com Chay Vegan Buffet (120k)
12398901745,21.0402405,105.874908,bank,NCB - Ngân hàng Quốc Dân
12401006208,21.0299459,105.7862976,bank,PG Bank
12401010417,21.0302106,105.7859691,bank,VPBank
12402867901,21.0328202,105.8538795,restaurant,Katze
12404466212,21.0292329,105.8435816,restaurant,Trang Nhi
12415047802,21.0673319,105.8076802,restaurant,Phở Lý Quốc Sư
12434838529,21.0297216,105.8417379,cafe,Highlands Coffee
12434838542,21.0285428,105.8437079,restaurant,
12434838561,21.218302,105.7824023,cafe,Coffee QG
12441792908,21.0092561,105.8010697,atm,MB CRM
12441792909,21.0037437,105.7329097,bank,MB
12441792910,21.0037607,105.7329009,atm,MB CRM
12450474772,20.9981269,105.7953361,atm,MB CRM
12450474773,21.0196031,105.8456025,atm,MB CRM
12458965633,20.9670311,105.8261162,atm,MB CRM
12458965634,20.9967129,105.8503734,atm,MB CRM
12458965635,21.0904217,105.9222172,atm,MB CRM
12458965636,21.0180557,105.7813917,atm,MB CRM
12460426420,21.0061839,105.8327223,cafe,San Coffee
12463420847,21.0516413,105.844764,restaurant,SoftWater Restaurant
12484653548,21.078837,105.9405309,atm,MB CRM
12484653549,21.014836,105.8133962,atm,MB CRM
12484653550,21.0221949,105.9087021,atm,MB CRM
12484653551,21.0629013,105.7956899,atm,MB CRM
12492022116,21.0851957,105.7453627,community_centre,Nhà văn hóa tổ dân phố Đại Cát 3
12495717721,21.016033,105.8200804,cafe,Xưởng Cafe Hoàng Cầu
12495759251,21.0171734,105.8002523,fast_food,Canteen
12499902553,21.0278922,105.8331308,bank,LPBank
12500536796,21.0161528,105.8232026,atm,ACB CRM
12508512455,21.0668393,105.7820516,community_centre,Nhà văn hóa tổ dân phố Viên 1
12508554078,21.0556306,105.7410393,community_centre,Nhà văn hóa tổ dân phố Văn Trì 4
12517629542,21.056772,105.8898427,atm,MB CRM
12517629543,21.0347249,105.7698076,atm,MB CRM
12529008404,21.0323104,105.848357,restaurant,190.Bami
12533367105,21.0271126,105.8478818,cafe,aha Cafe
12533869805,21.0315716,105.8405483,atm,MB CRM
12533869806,20.9860475,105.8405945,atm,MB CRM
12533869807,21.0195827,105.80061,atm,MB CRM
12533869808,21.0163707,105.9364881,atm,MB CRM
12533869809,20.9827834,105.9821087,atm,MB CRM
12535620082,21.001505,105.804512,atm,MB CRM
12535622203,21.1228674,105.7445619,community_centre,Trung tâm văn hóa Thôn Mạch Lũng
12538510201,21.017498,105.8409355,cafe,Hà Nội phố coffee
12538794303,21.2189503,105.7905628,cafe,Two Tigers Noodles and Bar
12538794702,21.2193101,105.7892888,fast_food,Bamboo Fast Food
12539089098,21.0303466,105.8474578,restaurant,Thai Dat
12540668406,21.2176341,105.7952235,cafe,Báhn Mì & Café
12540668501,21.2195379,105.788491,cafe,Phó Viêt
12540668601,21.219577,105.7883596,cafe,Phó Hà Nôi
12540668604,21.2178263,105.7945395,fast_food,Popeyes
12540668701,21.2195986,105.7882769,cafe,Hanoi Delicious Foods
12540668703,21.2187685,105.7911759,fast_food,Burger King
12540668712,21.2177564,105.7948236,cafe,Big Bowl
12540669102,21.2181295,105.7935318,bank,Vat Refund Counter
12540669103,21.2175527,105.7955031,cafe,Sky Cafe & Fast Food
12540669201,21.218646,105.7916073,bank,Vat Refund Counter
12548844904,20.7607934,105.3345822,cafe,
12548845101,20.7637307,105.3282696,cafe,
12549262759,21.0054569,105.8220842,bank,SeABank
12549262760,21.0174878,105.8294713,cafe,Highlands Coffee
12552988566,21.0403915,105.8428501,atm,MB CRM
12552988567,21.0348767,105.8140854,atm,MB CRM
12552988568,20.9595932,105.7678019,atm,MB CRM
12552988569,20.9834539,105.8512433,atm,MB CRM
12555926213,21.0295682,105.8492472,fast_food,Quan Gocda
12555926302,21.0582577,105.8378241,cafe,
12559027229,21.0413941,105.8263655,atm,MB CRM
12559027230,20.974103,105.7784711,atm,MB CRM
12559027231,21.0463772,105.7912873,atm,MB CRM
12559027232,21.0321263,105.7887185,atm,MB CRM
12564194858,21.0075125,105.7121404,community_centre,Nhà văn hóa thôn Yên lũng
12568546430,20.9742108,105.758773,atm,MB CRM
12568556231,21.0077213,105.8332927,atm,MB CRM
12568556232,20.9684203,105.8775448,atm,MB CRM
12589868465,21.0373768,105.7863346,cafe,Ding Tea
12589868466,21.036987,105.7862738,fast_food,Texas Chicken
12589868467,21.0375129,105.7866518,restaurant,Kuma Pizza
12589868468,21.0370464,105.7866107,restaurant,Mr. Dakgalbi
12589868470,21.0368948,105.7864722,restaurant,Nét Huế
12595041061,21.110975,105.7889918,community_centre,Nhà văn hóa Khu dân cư Thăng Long - Hải Bối
12598543492,21.1412792,105.8452554,atm,MB CRM
12603545131,21.0305121,105.8186441,restaurant,Quán Kem Xôi
12605563901,21.0301316,105.8503165,restaurant,
12606329348,20.9936565,105.8071266,atm,MB CRM
12606329349,21.0133694,105.8580348,atm,MB CRM
12614290467,21.0241461,105.8557797,restaurant,Benaras Mantra
12615530153,21.0347716,105.8262715,bank,Phòng giao dịch BIDV Ngọc Hà
12615876059,21.1421067,106.0170828,atm,MB CRM
12624716192,21.0160599,105.782754,atm,VP Bank
12628841472,21.0114172,105.8170179,restaurant,Quán Nhau Tu Do
12638763579,21.0509312,105.7497937,restaurant,Nhà hàng Thu Hằng 2
12639849340,21.0416808,105.8473748,restaurant,Kem Caramen Dương Hoa
12639862094,21.0417932,105.8455231,cafe,Aramour Coffee
12639898403,21.0429051,105.8395865,cafe,Fuku Coffee
12644596990,21.0678738,105.8289171,cafe,Ta Cà Phê 2
12644649664,21.0363979,105.8505651,cafe,Ta Cà Phê 4
12644660556,21.0378412,105.8478491,restaurant,Bún riêu Cô Hoàn
12644690080,21.0212183,105.8484936,restaurant,Bánh Tráng Bé My
12644690081,21.021273,105.8485082,restaurant,Chè Nhà Suvy
12644694250,21.0202711,105.8576922,cafe,rand
12644694251,21.0159272,105.8540908,cafe,TOKA COFFEE
12644828218,21.0004461,105.8307164,bank,Vietcombank
12645065895,21.024115,105.8267961,bank,Vietcombank
12645065896,21.0240574,105.8267807,bank,HDBank
12645065897,21.0237055,105.8266621,bank,MSB
12645065900,21.0188442,105.8345682,bank,Vietcombank
12645090604,21.0241868,105.8103658,bank,Vietcombank
12645090606,20.9996742,105.8048827,bank,Vietcombank
12645392096,21.0062811,105.8070377,atm,MBBank
12645448988,21.0145925,105.8175719,atm,MB CRM
12645462057,21.0443741,105.7925632,restaurant,Nem nướng Nha Trang
12645509921,21.0427329,105.7961736,restaurant,Bún cá rô đồng Hải Dương
12645513347,21.0472117,105.793385,cafe,Ka Coffee
12645515452,21.0452542,105.7955234,cafe,Mơ Coffee
12645523372,21.0427765,105.7962279,restaurant,Cơm tấm Út Thắng
12645523678,21.0425622,105.7958901,fast_food,Lim Donuts
12645524101,21.0425205,105.7958318,cafe,Lam Café
12646622201,21.0457957,105.840158,restaurant,Mau Dich 37
12646627101,21.0718415,105.8219277,restaurant,Sawasdee Quan Ngon Thai
12651048262,21.0399976,105.82831,cafe,Simple Kafé
12651070191,21.0349496,105.8148326,cafe,Adrenaline
12651094220,21.0511586,105.8391105,restaurant,Bún chả 29
12651099502,21.0167667,105.8182227,restaurant,
12651100308,21.0106904,105.819097,restaurant,Ăn Vặt Mẹ Sữa
12651108933,21.0170143,105.8186847,cafe,Clover Coffee & Tea
12651116208,21.0149914,105.8154569,cafe,Hub de Tana
12651858498,21.0339953,105.808908,restaurant,Tokyo Tantan Ramen
12651916755,21.03535,105.8089295,cafe,Galbi Roman
12652566901,21.019881,105.8088217,bank,Eximbank
12652567001,21.0200763,105.8087521,bank,VPBank
12652626035,21.0286631,105.8307602,atm,MB CRM
12654222689,21.016643,105.7778321,restaurant,바보아저씨
12654225081,21.0482903,105.8409481,cafe,Weekend Cafe
12654261909,21.0515501,105.8408198,restaurant,Ngan Yến
12654299492,21.05134,105.8387514,restaurant,Bánh cuốn Hồ Tây
12657775781,21.0379721,105.8462195,cafe,Local Bread
12657776443,21.0437437,105.8458763,restaurant,Bún chả que tre
12658029901,21.0510413,105.8401528,fast_food,
12659337379,21.0541021,105.8364016,restaurant,Hương bánh xèo
12659358187,21.0432966,105.8415923,cafe,Ayup
12659367887,21.041391,105.8457429,restaurant,Bún Đậu Mẹt Tuấn Trọc
12661290607,21.0304349,105.834279,restaurant,ISHIDAYA - The 3rd Generation
12666123309,21.070037,105.8108103,atm,MB CRM
12668195026,20.7562318,105.9730085,cafe,Coffe
12668195031,20.7556391,105.9730597,cafe,Trà Sữa
12669604602,21.0779898,105.835666,cafe,
12669656001,21.0832363,105.8271055,cafe,Thơi Garden
12672226520,21.0297626,105.8591637,atm,MB CRM
12672794729,21.0820887,105.8321156,cafe,Coffee apple
12672794823,21.0878606,105.8208508,cafe,
12672821742,21.117406,105.496877,atm,
12679316801,21.0381311,105.8310864,cafe,Cang Tin Minh Nu
12683994801,21.0549163,105.8355012,cafe,Bao Minh
12686254101,21.0623705,105.83699,fast_food,Com Phu Quynh
12686435122,20.9301017,105.7135933,community_centre,Nhà văn hóa tổ dân phố Phúc Tiến
12690384419,21.0016934,105.944397,bank,Kho 01
12692463221,21.0323897,105.8468214,restaurant,Chay Tâm Khối
12692502183,21.0365303,105.840928,cafe,The Imperial Book Cafe
12705123537,20.9058646,105.5782231,restaurant,Seoul Boss
12706601016,21.0510052,105.8402026,restaurant,Local Buffet
12717381058,21.1144527,105.6627411,marketplace,Chợ Định
12732430101,20.7001555,105.9107539,restaurant,
12744754301,21.0320247,105.8521254,restaurant,FU RONG HUA
12747333001,21.0359821,105.8530376,restaurant,
12756565873,21.0177212,105.5521513,cafe,Phê đây
12768414701,21.028433,105.8421648,cafe,An Café
12768765144,21.0628642,105.829488,atm,MB CRM
12769662336,21.0520228,105.7581687,marketplace,Chợ Phú Diễn
12769671938,21.0752464,105.6856103,community_centre,Nhà văn hóa thôn Nội
12769681330,21.0343959,105.7418874,marketplace,Chợ Canh
12770228236,21.2556732,105.8481888,atm,MB CRM
12770598086,21.0688096,105.8259079,cafe,Tapies
12776426969,21.0041383,105.7327657,atm,TPBank LiveBank 24/7
12782249451,21.0111641,105.8594726,atm,TPBank LiveBank 24/7
12782266275,21.0219447,105.8544257,bank,VietinBank
12786335529,21.0512753,105.8410785,atm,TPBank LiveBank 24/7
12786335530,21.0093447,105.8592415,atm,TPBank LiveBank 24/7
12786335531,21.0141601,105.862709,atm,TPBank LiveBank 24/7
12786335532,21.012274,105.8362813,atm,TPBank LiveBank 24/7
12787478564,21.0057903,105.7323254,atm,VietinBank i-Bank 24/7
12787495306,20.984421,105.7747854,atm,MB CRM
12787551257,20.9853243,105.7761324,atm,TPBank LiveBank 24/7
12787551258,20.9850298,105.7862992,atm,TPBank LiveBank 24/7
12787551259,21.0184008,105.7811579,atm,TPBank LiveBank 24/7
12787551260,21.0285162,105.7823186,atm,TPBank LiveBank 24/7
12787551261,20.9773971,105.7879003,atm,TPBank LiveBank 24/7
12791117714,20.9988474,105.7980259,atm,TPBank LiveBank 24/7
12791117715,21.0308702,105.7826822,atm,TPBank LiveBank 24/7
12791117716,21.0197188,105.7847469,atm,TPBank LiveBank 24/7
12791117717,20.9999328,105.8220185,atm,TPBank LiveBank 24/7
12791117718,20.9872521,105.8501114,atm,TPBank LiveBank 24/7
12791117719,20.9917769,105.8442139,atm,TPBank LiveBank 24/7
12791117720,20.9956408,105.8428721,atm,TPBank LiveBank 24/7
12791117721,20.9994657,105.8072903,atm,TPBank LiveBank 24/7
12791539066,20.9839299,105.8475199,atm,TPBank LiveBank 24/7
12791539067,21.0423359,105.8401834,atm,TPBank LiveBank 24/7
12791539068,21.023234,105.7930027,atm,TPBank LiveBank 24/7
12793459694,20.8842964,105.5788403,restaurant,Nhà Hàng Bia Tươi Thanh Hoàng
12794092870,21.059061,105.7828386,atm,TPBank LiveBank 24/7
12794092871,21.0704632,105.8097369,atm,TPBank LiveBank 24/7
12797089860,20.9989691,105.8377617,atm,TPBank LiveBank 24/7
12797089861,20.9975263,105.8650249,atm,TPBank LiveBank 24/7
12800182184,21.0259995,105.8500596,atm,MB CRM
12800195382,21.0074889,105.8073245,atm,MB CRM
12800257388,21.0376382,105.8013198,atm,TPBank LiveBank 24/7
12800257389,21.008466,105.8018236,atm,TPBank LiveBank 24/7
12800257390,21.0492247,105.8834602,atm,TPBank LiveBank 24/7
12800257391,21.0476104,105.8733099,atm,TPBank LiveBank 24/7
12800257392,21.0409506,105.7793248,atm,TPBank LiveBank 24/7
12805994070,21.0324834,105.840707,cafe,Tuka Cafe
12806250985,21.0495328,105.8068366,atm,TPBank LiveBank 24/7
12806250986,21.0170894,105.8111248,atm,TPBank LiveBank 24/7
12806250987,20.9625642,105.7932588,atm,TPBank LiveBank 24/7
12806250988,20.9762092,105.7831585,atm,TPBank LiveBank 24/7
12806250989,20.9785358,105.8361797,atm,TPBank LiveBank 24/7
12806281179,20.9676039,105.7877077,atm,MB CRM
12811063501,20.9989483,105.8007409,atm,TPBank LiveBank 24/7
12811777656,21.0214634,105.7750093,atm,TPBank LiveBank 24/7
12811777657,20.9927114,105.9424143,atm,TPBank LiveBank 24/7
12811777658,21.0185861,105.9370389,atm,TPBank LiveBank 24/7
12811777659,21.0014604,105.9418907,atm,TPBank LiveBank 24/7
12811777660,20.9957859,105.8612753,atm,TPBank LiveBank 24/7
12811777661,21.0462748,105.7882082,atm,TPBank LiveBank 24/7
12811777662,20.9942755,105.7784033,atm,TPBank LiveBank 24/7
12814113704,21.0136877,105.7801751,marketplace,Chợ Cốm Mễ Trì Hạ
12814671577,21.0477264,105.7901048,atm,TPBank LiveBank 24/7
12814671578,21.0427269,105.8426892,atm,TPBank LiveBank 24/7
12814671579,20.9965387,105.8701463,atm,TPBank LiveBank 24/7
12814671580,21.0292284,105.8416651,atm,TPBank LiveBank 24/7
12817215246,21.0339006,105.7654449,atm,TPBank LiveBank 24/7
12817215247,21.0167113,105.7942,atm,TPBank LiveBank 24/7
12817215248,20.9472782,105.8444943,atm,TPBank LiveBank 24/7
12817215249,21.0398057,105.8049989,atm,TPBank LiveBank 24/7
12818327544,21.3373796,105.3817011,restaurant,
12818360119,21.3373386,105.3816748,cafe,
12820363127,21.0785106,105.8746107,atm,TPBank LiveBank 24/7
12821562701,21.033707,105.8473661,restaurant,MẸT Vietnamese restaurant & Vegetarian Food Met 8
12822657772,21.0027077,105.8550306,atm,TPBank LiveBank 24/7
12822657773,21.0055896,105.8512264,atm,TPBank LiveBank 24/7
12823270592,20.8673728,105.8600069,bank,LPBank
12823270593,20.866666,105.8599511,fast_food,Lotteria
12825183749,20.9650587,105.8252151,atm,BIDV CRM
12825235194,20.9948614,105.8307557,atm,MB CRM
12825235195,20.967299,105.8683522,atm,MB CRM
12825270062,21.0387004,105.8765284,atm,TPBank LiveBank 24/7
12825270063,21.0642933,105.7980061,atm,TPBank LiveBank 24/7
12825270064,21.0277427,105.8178495,atm,TPBank LiveBank 24/7
12825270065,20.9724643,105.820583,atm,TPBank LiveBank 24/7
12827774735,21.022774,105.8223978,atm,TPBank LiveBank 24/7
12828541766,21.0261434,105.8535589,cafe,Starbucks
12829714633,20.9595524,105.7669557,atm,TPBank LiveBank 24/7
12830468274,21.0313899,105.7801546,atm,BIDV CRM
12830468275,21.0253966,105.8481454,atm,BIDV CRM
12830501791,21.043862,105.8135109,atm,TPBank LiveBank 24/7
12833589502,21.0118189,105.8360846,bank,HDBank
12833589503,21.0118871,105.8360262,bank,VPBank
12835132301,21.0385401,105.8003288,bank,Ngân hàng liên doanh Việt-Nga
12835132401,21.0384647,105.8003104,atm,
12836269943,20.9563979,105.8468604,atm,VPBank CDM
12836269944,20.9563925,105.8468608,bank,VPBank NEO Express
12836300558,20.9842444,105.8382141,atm,TPBank LiveBank 24/7
12836300559,21.0238292,105.848291,atm,TPBank LiveBank 24/7
12836900460,21.008899,105.8662428,cafe,Cafe Lan
12837185466,21.0387644,105.7926441,atm,TPBank LiveBank 24/7
12837257076,21.0387748,105.7926249,atm,MB CRM
12837261351,21.0013998,105.8065303,atm,VPBank CDM
12837261352,20.9747502,105.787871,atm,VPBank CDM
12840305253,21.0190584,105.83896,atm,TPBank LiveBank 24/7
12841192106,21.0019178,105.8426584,bank,TPBank
12841192107,21.001918,105.8426511,atm,TPBank LiveBank 24/7
12841192833,20.9324781,105.7841034,atm,TPBank LiveBank 24/7
12843481125,21.0819133,105.6767534,atm,TPBank LiveBank 24/7
12843496692,20.9405574,105.8494325,atm,VPBank CDM
12846384980,21.0336157,105.7703195,atm,BIDV CRM
12846420545,21.0235143,105.8163336,atm,TPBank LiveBank 24/7
12846423617,21.0366098,105.7599641,atm,VPBank CDM
12846436515,21.0502417,105.7849519,atm,VPBank CDM
12846436516,21.0502419,105.7849559,bank,VPBank NEO Express
12850138520,21.056464,105.7821338,atm,Techcombank CDM
12850201856,21.0006781,105.8159202,atm,VPBank CDM
12850201857,21.0096184,105.7737643,atm,VPBank CDM
12850201858,21.0161489,105.8227636,atm,VPBank CDM
12850201859,21.0114144,105.7858019,atm,VPBank CDM
12850254224,21.0162609,105.8145056,atm,TPBank
12850254225,20.9940903,105.8313484,atm,TPBank
12850256244,21.0402982,105.7380257,atm,Techcombank CDM
12850256246,21.0073663,105.7311015,atm,Techcombank CDM
12850256247,20.9631976,105.8451476,atm,Techcombank CDM
12850268840,21.0165888,105.8238503,atm,Techcombank CDM
12853640494,21.0495602,105.8839442,atm,VPBank CDM
12853640496,21.0028318,105.8016105,atm,VPBank CDM
12853640497,20.996547,105.7932426,atm,VPBank CDM
12853640498,21.0069082,105.8229067,atm,VPBank CDM
12853640499,20.9905031,105.8138169,bank,VPBank NEO Express
12853640500,20.9905212,105.8138171,atm,VPBank CDM
12857868356,20.98616,105.782584,atm,VPBank CDM
12857868358,20.9796396,105.8445938,bank,VPBank NEO Express
12860550503,20.8725041,105.85934,restaurant,Cơm Thố Anh Nguyễn
12860550504,20.8732742,105.8607201,restaurant,Ngọc Thạch Quán
12860550543,20.8676411,105.857856,restaurant,Bún bò Huế O Hường
12860939569,21.0359485,105.7656068,cafe,X Coffee 11 Huy du
12861962390,20.8660777,105.8659368,restaurant,
12862390801,21.0654036,105.8244539,cafe,Milk & Honey
12862421502,21.0673912,105.8231246,restaurant,An Lạc Chay Quán
12862503457,21.0362799,105.8145358,atm,VPBank CDM
12862503458,21.0161506,105.815209,atm,VPBank CDM
12863945924,21.030796,105.7767611,atm,TPBank LiveBank 24/7
12864500102,21.0614657,105.8315343,restaurant,Phở Mẹ Vợ
12866099482,20.9992607,105.7854081,atm,VPBank CDM
12866099483,20.962846,105.7476232,atm,VPBank CDM
12866099484,20.9628484,105.7476261,bank,VPBank NEO Express
12866983223,21.0009606,105.8454319,atm,TPBank LiveBank 24/7
12866983224,21.0413095,105.7748835,atm,TPBank LiveBank 24/7
12867036195,20.9948897,105.869204,atm,Techcombank CDM
12867036196,21.0466068,105.8784004,atm,Techcombank CDM
12867036197,20.9996971,105.8285353,atm,Techcombank CDM
12867036198,20.9759059,105.8364075,atm,Techcombank CDM
12867038486,21.0093756,105.8513433,bank,VPBank
12867038487,21.0093828,105.8513434,atm,VPBank CDM
12871235926,20.9406226,106.0047713,marketplace,Chợ Gốc si
12871325154,21.0606575,105.7816897,atm,TPBank LiveBank 24/7
12871325155,21.0741743,105.7745213,atm,TPBank LiveBank 24/7
12871325156,20.9635231,105.7488194,atm,TPBank LiveBank 24/7
12871325157,20.9639073,105.7666389,atm,TPBank LiveBank 24/7
12871325158,21.029671,105.8103187,atm,TPBank
12871325159,20.9000139,105.5780667,atm,VPBank CDM
12871325160,20.8998681,105.5778736,atm,MB CRM
12871351524,21.1238735,105.9711027,fast_food,KFC
12873430555,21.0378698,105.7470243,atm,TPBank LiveBank 24/7
12876429166,21.016148,105.8152155,bank,VPBank NEO Express
12876429167,21.0464636,105.7891142,atm,VPBank CDM
12876429168,21.0354716,105.7978415,atm,VPBank CDM
12877131126,20.9586872,105.7677152,atm,VPBank CDM
12878426562,21.0034187,105.8366067,atm,VPBank CDM
12879032919,21.0348859,105.8263686,atm,TPBank LiveBank 24/7
12879036148,20.9838179,105.8446879,atm,VPBank CDM
12880381458,21.0091132,105.7209611,atm,TPBank LiveBank 24/7
12880396140,21.0032278,105.7330569,atm,VPBank CDM
12881131946,21.048139,105.8755455,atm,VPBank CDM
12881131947,20.9949714,105.9439461,atm,VPBank CDM
12881131948,21.0213933,105.8542223,atm,VPBank CDM
12881131949,21.0314454,105.858854,atm,TPBank LiveBank 24/7
12883611198,21.0324859,105.8281639,atm,VPBank CDM
12883611199,20.9970048,105.8683937,atm,VPBank CDM
12883611200,21.0290237,105.8306995,atm,VPBank CDM
12883619901,20.9863916,105.8327517,atm,VPBank CDM
12883619902,21.016188,105.8229618,atm,TPBank
12883619903,21.0162303,105.7758771,atm,TPBank
12883619904,20.9985755,105.8798016,atm,TPBank LiveBank 24/7
12887024790,21.030408,105.8465909,atm,TPBank
12887024791,21.0073969,105.8209065,atm,TPBank LiveBank 24/7
12887024793,21.0158563,105.85528,atm,TPBank LiveBank 24/7
12887024794,20.9650873,105.8256289,atm,VPBank CDM
12894903870,20.9763461,105.7891315,atm,BIDV CRM
12895021294,20.9953163,105.8497881,atm,TPBank LiveBank 24/7
12896037560,21.116155,105.9612909,restaurant,Trâu Ngon Quán
12896037562,21.1157986,105.9622929,restaurant,Ốc Phù Lưu
12896037571,21.1152975,105.9582102,cafe,nhẹ cafe - Kinh Bắc Flagship
12896037572,21.1120341,105.9546895,cafe,Raccoon coffee • Phố Hạ
12896037573,21.1080674,105.9588436,cafe,AN Kinh Bắc – Đền Đô
12896037574,21.1085453,105.957759,cafe,nhẹ cafe - Đền Đô
12896037592,21.113973,105.9545228,cafe,Phê Đi
12896037599,21.1137656,105.952499,bank,MB Kinh Bắc
12896037600,21.1136226,105.9521835,bank,TPBank
12896053101,21.113459,105.9518926,bank,VPBank
12896053102,21.1129319,105.9539567,cafe,hômbrew coffee
12896053103,21.1128892,105.9538364,restaurant,Trọc Quán
12896076905,21.0382388,105.812859,atm,TPBank LiveBank 24/7
12896726152,20.9630668,105.8315754,atm,TPBank LiveBank 24/7
12896726155,20.9804922,105.7951069,atm,TPBank
12899458083,21.0301161,105.8227285,atm,TPBank LiveBank 24/7
12899458084,21.0255541,105.827636,atm,TPBank LiveBank 24/7
12901218642,21.0147145,105.8282067,bank,Ngân Hàng Techcombank
12902083181,20.9829246,105.8007106,atm,TPBank LiveBank 24/7
12905342594,21.0633063,105.7202522,atm,TPBank LiveBank 24/7
12905342595,20.9934939,105.7997243,atm,TPBank LiveBank 24/7
12917314492,21.00102,105.8756852,atm,TPBank LiveBank 24/7
12922572977,21.0319983,105.7696554,atm,VPBank CDM
12922572978,21.0418165,105.9050732,atm,VPBank CDM
12922572979,21.0331464,105.788538,atm,VPBank CDM
12923487013,21.0118772,105.836072,atm,VPBank CDM
12944133240,20.977693,105.7441985,community_centre,Nhà văn hóa Tổ dân phố Quyết Tâm
12944205819,21.0363914,105.8451951,atm,MB CRM
12951123082,21.0518075,105.7810363,atm,VPBank CDM
12951887271,21.030206,105.785989,atm,VPBank CDM
12953145653,21.134521,105.844102,atm,TPBank LiveBank 24/7
12953145654,21.1372909,105.8444931,atm,VPBank CDM
12954195897,21.0193589,105.9645612,atm,TPBank LiveBank 24/7
12959590900,20.9190705,105.8519686,atm,MB CRM
12959646801,20.9190577,105.8519689,bank,MB
12961230429,21.0239484,105.8542638,atm,MB CRM
12961233081,21.0412658,105.7860903,atm,TPBank LiveBank 24/7
12969157885,21.0075025,105.8391538,cafe,Tak Coffee
12980196296,21.034708,105.7373662,marketplace,Chợ Vân Canh
12980196297,21.0348107,105.7360215,atm,TPBank LiveBank 24/7
12980196298,20.9841459,105.824075,atm,TPBank LiveBank 24/7
12980196299,21.0435087,105.7660876,atm,TPBank LiveBank 24/7
12981698362,21.0291462,105.8447922,cafe,Bingxue
12985000050,20.9653946,105.7929584,atm,TPBank
12987888499,21.0341894,105.7992013,atm,TPBank LiveBank 24/7
12995529901,21.0304002,105.8506218,restaurant,The Corner Food
12995557127,20.9801728,105.7827636,marketplace,Chợ Mỗ Lao
13001923688,21.0361075,105.8290699,cafe,Nhà Cafe
13003601101,21.033724,105.7909852,cafe,Cafe Mậu Dịch
13003770803,21.0212957,105.7787616,cafe,Aha cafe
13006646920,20.993632,105.9603874,bank,VPBank NEO Express
13006646921,20.9936382,105.9603788,atm,VPBank CDM
13006646934,20.9470763,105.9420935,atm,MB CRM
13011216863,21.0304512,105.8429988,atm,VPBank CDM
13026691258,20.9730671,105.8089752,atm,TPBank LiveBank 24/7
13027856695,21.0299024,105.8414371,restaurant,Nam Phở Gà
13027900308,21.0257242,105.8452674,restaurant,Phở Thành
13028556665,20.9820399,105.7520953,atm,TPBank LiveBank 24/7
13031060606,20.9407628,105.9584591,bank,Agribank
13033222658,20.9973589,105.9517556,cafe,Chớp Coffee & Tea
13033490185,21.0252065,105.8453605,cafe,Cofeli
13033490186,21.0286373,105.8127311,restaurant,Cơm Thố Anh Nguyễn
13033490187,21.0268223,105.8122569,cafe,Citi Coffee
13033490188,21.0275497,105.8402604,restaurant,Miến Lươn
13033490189,21.0276317,105.8404277,cafe,Ép Station
13037085902,21.0250887,105.854828,atm,
13038657789,20.9323889,105.9518538,marketplace,chợ Sở Đông
13039561897,21.0217314,105.8392157,fast_food,
13039561898,21.0208279,105.8387497,restaurant,Thưc Đơn
13039615001,21.0322891,105.8481728,cafe,Coconut Café
13039615002,21.0270279,105.8512742,cafe,Highlands Coffee
13039615004,21.027824,105.8421535,cafe,Oude Kafe
13039615005,21.0275962,105.8420176,cafe,Aha Café
13039615006,21.0277911,105.8419849,restaurant,Thủy Bún Ốc
13039615007,21.027639,105.8421069,restaurant,Bánh Mỳ 73
13039615009,21.0105053,105.8601451,restaurant,
13039615010,21.0250534,105.8453312,cafe,Katinat
13041298732,21.0379952,105.8275768,cafe,Quán Lạ
13041428470,21.0408126,105.9271976,bank,VPBank NEO Express
13041428471,21.040817,105.9271928,atm,VPBank CDM
13050291743,20.9692944,105.7780787,atm,TPBank LiveBank 24/7
13051340157,20.9453352,106.0003917,community_centre,Nhà văn hóa làng Chiều Đông
13051450054,20.939257,106.0062327,community_centre,Nhà văn hóa làng Hạ Tân
13051519461,21.0069312,105.8513724,atm,TPBank LiveBank 24/7
13077378901,21.0468266,105.8718543,restaurant,BÁNH MỲ Xuân Hội An
13084284747,20.9395519,106.0003629,community_centre,Nhà văn hóa đội 10
13088538332,20.9512002,105.9778436,cafe,TAK Cafe
13088593632,20.9394093,106.0024657,post_office,Bưu điện xã Nghĩa Trụ
13092516850,21.0338196,105.8537494,cafe,Nang Tuong
13094460714,21.0090848,105.5181801,restaurant,
13094500032,21.0171185,105.5197727,restaurant,
13095941718,20.9407844,105.9938574,community_centre,Nhà văn hóa thôn Thủ Pháp
13103173049,20.9252189,106.0116874,community_centre,Nhà văn hóa thôn Giáo Phòng
13110584901,21.0278055,105.7935032,cafe,AHA Cafe
13120433101,21.0598012,105.8641216,restaurant,Bún bò Huế - lẩu đuôi bò
13134380908,21.0391756,105.8511589,atm,TPBank LiveBank 24/7
13152229493,21.0624418,105.8077979,atm,MB CRM
13159559698,21.1122044,105.9486181,cafe,AN café – Kinh Bắc Signature
13159559699,21.112458,105.9484633,cafe,Café L'Amour
13159559700,21.1123717,105.9483105,cafe,Luôn Vui Tươi
13161516088,20.9661817,105.9809599,community_centre,Nhà văn hóa Đại Tài
13162029176,20.9493593,105.9950975,community_centre,Nhà văn hóa Đồng Tỉnh
13164780805,21.0325921,105.8492447,restaurant,Bep Chai Hue Nhien
13169500606,21.0343303,105.8478204,fast_food,Bonbagu vegan
13173649203,21.0339021,105.8489206,cafe,
13173649302,21.0352954,105.8496882,restaurant,
13176661285,21.1094311,105.958513,cafe,Tiệm của Bin
13180229801,21.0277936,105.8499233,restaurant,
13185337284,20.9631083,105.9861914,cafe,Lối Xưa Coffee
13188700558,20.9440897,106.0065727,community_centre,Nhà văn hóa làng Du Tràng
13197011226,21.0288655,105.8133556,restaurant,
13197034196,20.9557048,105.9889774,marketplace,Chợ Nghĩa Trụ
13200056812,20.932574,106.0068982,community_centre,Nhà văn hóa  làng Cầu
13200056910,20.9295853,106.0072391,community_centre,Nhà văn hóa thôn Lương
13200355902,21.0808307,105.8161037,cafe,Ngọc Coffee and Tea
13200430976,20.941558,105.9796792,community_centre,Nhà văn hóa làng  14
13202102169,20.9324011,106.0043122,community_centre,Nhà văn hóa làng Thịnh
13230939183,21.1226782,105.9652309,marketplace,Chợ đầu mối thủy hải sản đêm khu phố Nguyễn Giáo - phường Đồng Nguyên
13238767062,21.1501595,105.757239,bank,TECHCOMBANK
13239873983,21.0202987,105.7814646,atm,VPBank CDM
13240089390,21.020312,105.7814553,bank,VPBank NEO Express
13240089541,21.0086418,105.8339421,cafe,
13240113920,21.0126555,105.8323499,cafe,Cafe Phương Việt
13242756040,21.0092603,105.850281,bank,ACB
13242756044,21.0211164,105.844014,bank,ACB
13242770152,20.9978171,105.8032878,atm,TPBank LiveBank 24/7
13246164818,21.084458,105.807033,atm,MB CRM
13261890146,21.040774,105.7607079,restaurant,Nhà hàng Hoàng Việt
13264236601,21.0783695,105.8145409,cafe,Bina coffee
13264733255,21.0050018,105.7942481,restaurant,Pho Bay
13264733257,21.0043719,105.7939194,fast_food,Kimbap Cafe
13264767785,21.0058262,105.7948701,bank,Techcombank
13266291242,20.9369439,105.9533409,community_centre,Nhà văn hóa thôn Nhân Vực
13266709071,20.9435604,105.99621,community_centre,
13266767124,21.0321215,105.8532376,fast_food,Long Vi Dung - Gia Truyen
13266909348,21.0184691,105.8119135,fast_food,The Ramen Mafia
13267116901,21.0347551,105.8524892,fast_food,Bia 10000d.
13271495391,21.0041513,105.7946006,cafe,Everything Coffee 'N Bagel
13271879878,21.0247308,105.8591454,cafe,Highlands Coffee
13271879880,21.0250132,105.8589369,cafe,K5 Coffee
13272057352,21.0302354,105.8441114,cafe,A Ga Đông Dương
13273415410,21.0368645,105.8390559,cafe,Za Café
13273639874,21.0428606,105.8427507,cafe,Lê's Path
13274843742,21.0063413,105.7956134,cafe,E-Paso Coffee
13275142601,21.054639,105.8361069,restaurant,Nhung Phở gà Bún thang
13275142701,21.0535834,105.8361185,cafe,DoubleB’s Specialty Coffee & Brunch
13275273171,21.0284305,105.8572398,cafe,Đây Đi
13276630905,21.0283688,105.857251,restaurant,Lam Diên
13277832132,21.119139,105.9619809,atm,TP Bank - Live Bank 24/7
13282510263,20.9305372,105.9591473,community_centre,Nhà văn hóa thôn Ngọc Bộ
13284285485,21.2138773,105.8037581,fast_food,Lucky Café & Fastfood
13284285486,21.2139623,105.8038982,cafe,Zano Café
13284316425,21.2140828,105.8040572,cafe,Star Café
13284316426,21.2139299,105.8040664,fast_food,Big Bowl
13284316427,21.2141442,105.8042319,fast_food,Louis
13284316428,21.213797,105.8040679,cafe,Starbucks
13284316430,21.2137973,105.8042978,fast_food,Memos
13284316431,21.2136237,105.8040922,fast_food,Hoa Anh
13284330528,21.215465,105.8048462,cafe,Starbucks
13284616815,20.9408136,105.9584875,atm,
13284616828,20.9413793,105.958249,post_office,Bưu Cục Nghĩa Trụ
13284616875,20.941018,105.9585101,restaurant,Gia Phú
13284616889,20.9422669,105.9578643,marketplace,Chợ xã Nghĩa Trụ
13286931344,20.9322326,105.9504777,community_centre,Nhà văn hóa thôn Sở Đông
13287231420,20.9318623,105.9521264,community_centre,
13288458666,20.9377289,105.9591825,community_centre,Nhà Văn Hóa Như Phượng Hạ
13289050126,21.0495715,105.8044662,restaurant,Bún Ốc Chả Nem Bà Bảy Đang
13290679526,21.009162,105.7957179,cafe,Đây Coffee
13290679531,21.0094184,105.7950452,cafe,
13294582700,21.0055717,105.77829,restaurant,Kem Trà Huyền Linh
13299696894,21.3398747,105.935121,restaurant,nhà hàng Anh Em Quán dốc Bách Nhẫn
13305861266,20.9478335,105.7567745,atm,TPBank LiveBank 24/7
13305914302,21.0736149,105.8151252,cafe,Eland Coffee
13310357659,20.944033,105.9528434,community_centre,Nhà văn hóa thôn Lai Ốc
13310757631,21.0000773,105.7842937,cafe,Infinitea
13310844679,20.9500437,105.95357,community_centre,Nhà Văn Hóa Thôn Như Lân
13310960312,21.0059243,105.7824686,cafe,Kohi Coffee
13313754816,21.0036642,105.7795854,restaurant,
13313754818,21.0037254,105.7795313,cafe,The Gate Café
13313754819,21.0037822,105.779488,restaurant,Cốm Thu Huệ
13313754821,21.004472,105.7789682,restaurant,Bún chả - Phở Gà Ta
13318767667,20.9437931,105.9514148,restaurant,Cồ Luật
13321407676,20.9436323,105.957323,cafe,Quyên Caffé!
13321407681,20.9437356,105.9572992,restaurant,Cơm Phương Thảo
13323296092,20.7343207,105.8722179,cafe,Cafe Cát Tường
13323325360,20.9460893,105.9562428,restaurant,NHÀ HÀNG CAO BỜM
13323570731,20.9477892,105.9559025,restaurant,
13323570784,20.9484706,105.9555102,restaurant,NHÀ HÀNG 35
13323570833,20.9489726,105.9549859,restaurant,Phi Long Quán
13323664905,20.991089,105.8452366,marketplace,Chợ cóc Nguyễn An Ninh
13325635551,20.952546,105.9521927,marketplace,
13325662584,20.9533852,105.94986,cafe,Chất
13325715427,20.953944,105.9488364,restaurant,
13328276406,20.9744801,105.7839704,cafe,Cá Studio - Phòng Thu Âm Hà Đông
13329827901,21.0287171,105.8394459,cafe,Fuku Coffee & Matcha
13330611448,21.0235466,105.80609,atm,MB CRM
13336702955,20.9846479,105.8467458,marketplace,Chợ Trương Định
13337435201,21.0293009,105.8492599,atm,
13337463602,21.0168528,105.8557774,atm,
13337472401,21.0164886,105.8560966,atm,
13337612701,21.0380803,105.8462266,atm,
13337877301,21.0305466,105.8362489,atm,
13338530701,21.032009,105.8532395,restaurant,Nem Nướng Nha Trang Quế Hoa
13340597206,21.0054196,105.778291,restaurant,Nem nướng quế hoa
13340608690,21.0050424,105.7769351,cafe,Feday Coffee
13340636131,21.0064027,105.7772711,restaurant,Quán ăn
13340704387,21.003806,105.7794075,restaurant,Bún chả
13340704388,21.0038667,105.7793774,restaurant,Bún chả
13341549135,20.9428234,105.9801706,bank,Techcombank
13341549136,20.9428572,105.9800266,atm,ATM Techcombank (ATM & CDM)
13342409262,21.0441553,105.8174197,cafe,Camy Café
13342927155,21.116881,105.957891,bank,BAC A BANK
13347246723,20.9464031,105.9952312,community_centre,Nhà văn hóa làng Nhân Vực
13350706831,20.9501942,105.9827165,restaurant,Nhà hàng Maris
13350706913,20.9518785,105.983512,restaurant,Nhà hàng Pacific
13351377859,21.0296615,105.8440744,restaurant,Mexican Fusion Bites
13363066022,20.9548228,105.9866567,community_centre,Nhà truyền thống xã Nghĩa Trụ
13368668824,20.955537,105.9919404,cafe,Mixue
13380511301,21.0268114,105.8357284,cafe,
13388606715,20.9415003,105.9767915,marketplace,
13388917214,20.9714932,105.8295474,atm,TPBank LiveBank 24/7
13389926201,21.0333358,105.846001,cafe,Cafe Dô
13390301201,21.0379497,105.8471806,fast_food,
13390624579,20.836677,105.9801292,cafe,Việt Tiến Cafe
13390624582,20.8365441,105.9828144,restaurant,"Thuỷ Lợi Chuyên Xôi, Bánh mì Pate"
13390919015,21.0265606,105.8396378,cafe,Amoring café
13390938833,21.0337871,105.8528975,restaurant,Hanoï Corner
13391091702,21.0337114,105.8464835,fast_food,Mom's
13392231001,21.0337538,105.8383254,restaurant,
13392687201,21.0466847,105.8420344,restaurant,
13392766014,21.0409846,105.8409959,restaurant,Com Tam Suon
13392766185,21.0292008,105.8379683,cafe,La Do Mi
13393068155,20.9829486,105.809174,atm,VPBank CDM
13393068156,20.9856816,105.7766013,atm,VPBank
13393068157,20.955134,105.7887863,atm,VPBank
13394421701,21.0349961,105.8540729,fast_food,
13394898157,20.8660978,105.8660136,cafe,
13395186255,21.0345926,105.8547013,atm,TPBank LiveBank 24/7
13397007783,21.3246012,105.3820208,restaurant,Quán Quê
13403785958,20.9545633,105.9791814,cafe,Osen coffee
13403785968,20.9560089,105.9810503,restaurant,D'AMI
13403785974,20.9559734,105.9809742,cafe,TATINA
13403881616,20.9466952,106.0043271,post_office,Viettel Post Minh Huy
13408172097,21.0072846,105.8333542,restaurant,Bánh mì Dân Tổ
13408720219,20.872072,105.859223,restaurant,Sogogi Buffet Lẩu Nướng
13410156348,21.0577175,105.8326445,cafe,Philo Garden
13412701101,21.0808559,105.8190341,marketplace,Nhật Tân
13413376902,21.0324243,105.8518421,fast_food,Bánh mì 33
13414965000,20.9514673,105.9752469,cafe,Mixue
13414965001,20.9518657,105.9750343,cafe,SINCE TEA
13414965003,20.9517607,105.9749964,cafe,Eggyolk Ocean City
13414965004,20.9520211,105.9751898,cafe,Foremost
13414965006,20.9514691,105.973672,restaurant,Hankki Deli 한끼델리
13414965007,20.9515739,105.9736058,restaurant,Byblos Crepe and Cheese
13414965008,20.9519035,105.9737532,cafe,Ding Tea
13414965012,20.9512339,105.9742923,restaurant,RAMEN BUTA SHAMOJI
13414965013,20.9511121,105.9747573,restaurant,Buffet BBQ by VinPalace
13414965014,20.9510217,105.9750771,restaurant,De Baekje
13414965016,20.9513703,105.9748641,cafe,Highlands Coffee
13414965017,20.9512545,105.9751449,cafe,Bingxue
13414965018,20.9509155,105.9755316,fast_food,Jollibee
13414965019,20.9509924,105.975923,restaurant,Dookki
13414965020,20.9513367,105.9758125,cafe,Wau Haus Burger & Drinks
13414965021,20.9512491,105.9756106,restaurant,SSAL BOBBY Ocean City
13415150801,21.0349713,105.8470865,fast_food,Bánh mì
13415731290,21.3290423,105.3717797,marketplace,Chợ Minh Phương
13415823956,20.9738375,105.8526733,atm,TPBank LiveBank 24/7
13416032029,20.8676302,105.860448,restaurant,
13418020202,20.8676779,105.8608487,restaurant,
13418020243,20.8677391,105.8612822,cafe,
13418020257,20.8674595,105.8609324,restaurant,
13418020264,20.8675209,105.8610152,cafe,Mixue
13418020273,20.86752,105.8611389,cafe,
13418020276,20.8675144,105.8611878,restaurant,
13418198515,21.0291666,105.842302,atm,VPBank CDM
13434534374,21.0159436,105.846684,cafe,Culture Station Thong nhat Park
13435369775,21.0029192,105.8666054,atm,VPBank CDM
13436982185,20.9567227,105.9902807,community_centre,Nhà văn hóa thôn Xuân Cầu
13438953067,20.9888064,105.9452699,restaurant,Canteen VinUni Tòa E
13439120889,21.0513584,105.6131747,atm,MB CRM
13439120890,21.0473397,105.7037625,atm,MB CRM
13439745601,21.0323468,105.8534128,restaurant,Hẻm Vegan
13439951302,21.0613987,105.8219005,restaurant,LẨU & NƯỚNG NGÓI MINSU
13441682910,20.997549,105.8615116,atm,VPBank CDM
13449369686,21.0133829,105.8502723,atm,MB CRM
13449384383,20.9358446,105.8379739,marketplace,Chợ Quỳnh Đô
13456830173,21.0348594,105.784973,cafe,The Orange Project
13458049743,21.0030685,105.8666669,atm,TPBank LiveBank 24/7
13459658479,21.0658566,105.8309185,marketplace,Chợ Tứ Liên
13459713601,21.0360266,105.852437,fast_food,Bánh Mì 17
13461733901,21.035831,105.8517512,restaurant,
13463453103,21.0343109,105.8319937,cafe,
13463502611,21.1936245,105.7805063,atm,MB CRM
13463740401,21.0281081,105.8395645,restaurant,Loving Vegetarian Restaurant
13464169251,20.928016,105.7894126,marketplace,Chợ tạm Thanh Hà
13464428202,21.217665,105.791873,atm,
13464440402,21.2175957,105.7919506,atm,
13464440501,21.2177028,105.7918798,atm,
13464440601,21.2175834,105.791992,atm,
13464440701,21.2174326,105.7925224,atm,
13464440801,21.2174254,105.7925532,atm,
13464440901,21.217415,105.792583,atm,
13464442201,21.2174144,105.7926591,atm,
13465428653,20.9228833,105.7026842,atm,MB CRM
13468602799,21.0558705,105.8916347,restaurant,Nhà Hàng Phong Thủy
13469690467,21.0106387,105.8514385,bank,Timo Hangout
13469882001,21.0453844,105.8662791,atm,
13473985979,21.0435925,105.8646603,restaurant,Bún chả Việt Khiêm
13475283215,21.0475013,105.8657489,restaurant,Nhà Của Ngoại
13475283216,21.048228,105.8655957,restaurant,Phở Gà 46
13475569447,21.0015408,105.8620151,atm,MB CRM
13479188547,21.0465963,105.8661271,fast_food,Bánh Rán Cô Huế
13479469750,21.0620472,105.8964257,atm,TPBank LiveBank 24/7
13481164701,21.0429136,105.842648,bank,VPBank
13481843818,21.0684514,105.8259215,atm,TPBank LiveBank 24/7
13485169201,21.0326897,105.8468793,restaurant,iVegan
13495268256,21.0304095,105.8432368,bank,Vietcombank
13505891901,21.0762275,105.8145718,bank,BIDV
13506365296,21.0477994,105.8651937,cafe,Laylow Space
13506385429,21.0515064,105.8626588,restaurant,Bếp Ngư ông
13508201012,20.9793226,105.7961728,atm,TPBank LiveBank 24/7
13508941681,21.0477321,105.8652033,restaurant,Phở Bò 63
13509629439,21.0536245,105.8365795,atm,TPBank LiveBank 24/7
13511150201,21.0466082,105.8411995,restaurant,Pho Cuon Chinh Thang
13511259901,21.0323351,105.8309925,restaurant,
13511404701,21.0302602,105.8243667,cafe,
13512166801,21.0198736,105.8483781,restaurant,
13513730201,21.0244577,105.836276,restaurant,Bún Ziu Gánh
13516278101,21.0281356,105.8391307,fast_food,
13516584409,21.0322557,105.8532716,restaurant,The Banh Mi Station
13523346684,20.9647056,105.8270992,atm,MB CRM
13530641701,21.0345489,105.8172953,cafe,Là Việt Coffee
13531364501,21.0342579,105.8479828,fast_food,Bánh Mì ơi
13531432207,21.0343773,105.8477891,cafe,Nosan
13533531976,21.0326938,105.8463541,cafe,Soul specialty coffee
13533791795,21.0428347,105.8431584,cafe,Off street fine coffee
13535945401,21.0401383,105.8514043,cafe,Bridge Coffee
13539338201,21.0196339,105.8474576,cafe,Umami Coffee
13539765901,21.0189473,105.8438237,restaurant,Pho Lanh
13540835998,20.9822488,105.9822717,marketplace,Chợ Như Quỳnh
13541195127,20.9935878,105.8431608,bank,Saigonbank
13545216767,21.0841488,105.6702157,atm,MB CRM
13551027440,21.0385289,105.9044217,atm,TPBank LiveBank 24/7
13551353801,21.1981014,105.8292089,restaurant,
13551353802,21.1979567,105.8327998,restaurant,
13551354401,21.1982599,105.8340119,restaurant,
13551354402,21.1794828,105.8471393,bank,Agribank
13551354601,21.19823,105.8347861,restaurant,Bun Cha Ha Noi
13551354801,21.1984633,105.8364686,cafe,
13551355101,21.1982156,105.8373082,restaurant,
13551355202,21.1373701,105.8444976,restaurant,
13551355401,21.1986931,105.8403958,restaurant,
13551355403,21.1400239,105.8449906,bank,
13551355501,21.1989272,105.8418829,cafe,
13551355601,21.1994981,105.8447499,atm,
13551355702,21.1888579,105.8486807,cafe,
13551355703,21.1630158,105.8466569,cafe,
13551357301,21.1279881,105.8440113,bank,Vietcombank
13563681602,21.0057774,105.8310755,cafe,
13563681801,21.0050907,105.8307992,restaurant,
13563841369,21.0541118,105.8495264,cafe,Red River Birdgarden Café
13571869272,20.9560807,105.9226034,cafe,Wan Bao Chá
13580421901,21.0626967,105.8292798,fast_food,Chops
13583637284,20.919864,105.9616231,bank,Ngân hàng Chính sách xã hội
13584160701,21.0679511,105.8253809,cafe,Coffee Roaster 60
13584161501,21.070424,105.8230698,cafe,Sweet As Coffee
13584217602,21.0402022,105.8453984,cafe,
13584225101,21.0407705,105.845187,cafe,
13584225102,21.0443337,105.8421932,restaurant,
13586088101,21.0195462,105.8564684,cafe,Tranquil Coffee
13586534601,21.039147,105.8457199,cafe,Room 501
13587665341,20.9907939,105.8381753,atm,
13589719321,21.0144073,105.7665432,atm,TPBank LiveBank 24/7
13589733534,21.0931466,105.9410961,post_office,Viettel Post Bưu cục Long Vỹ - BNH
13589733535,21.1133009,105.951647,post_office,Viettel Post Bưu cục Đồng Nguyên - BNH
13589733536,21.1006482,105.9631717,post_office,Viettel Post Bưu cục Từ Sơn - BNH
13589733537,21.1009447,105.9624088,post_office,Viettel Post Bưu cục Kho vùng BNH1
13592363601,21.0457732,105.8426269,restaurant,Chay Vỉa Hè
13597200502,21.0418508,105.8436954,cafe,Viết Space
13597200503,21.0432513,105.8417733,cafe,xiu café
13598228506,21.0012379,105.8070007,atm,TPBank LiveBank 24/7
13598459901,21.0421302,105.8471478,atm,
13605453002,21.0125616,105.846383,cafe,
13605453003,21.0172883,105.8416714,fast_food,Banh doner
13605453102,21.0120188,105.8481877,atm,
13605453701,21.0151169,105.8490728,cafe,
13605534101,21.0180591,105.8412408,fast_food,Bami king
13605534501,21.0204835,105.8415343,cafe,
13605534603,21.0324572,105.8480141,atm,
13605535001,21.0241203,105.8411951,atm,
13607254748,20.974621,105.8346721,restaurant,Hội quán thực dưỡng
13608814601,21.0323294,105.8444985,fast_food,Pizza via he
13608814801,21.0310447,105.8442231,cafe,
13608814802,21.0305734,105.8441201,cafe,
13608814803,21.0293611,105.8401034,restaurant,Bun ca
13608815101,21.0300959,105.8436369,restaurant,
13608966340,21.1160071,105.953487,restaurant,Nem lụi Tú Nhung
13609089059,20.9981366,105.7404387,restaurant,nhà của Chung Tuyết
13610849401,21.0292562,105.839687,restaurant,Bun Cha 40k
13610849501,21.0291206,105.8395886,restaurant,Tux-tax
13610945002,20.9890903,105.9447167,cafe,Highland Coffee Tòa I Building
13611295802,21.0267374,105.8500875,cafe,XLIII Coffee
13611774001,21.034929,105.847756,restaurant,Local restaurant
13611818004,21.3367087,105.6622678,restaurant,
13611818006,21.0610666,105.8946658,fast_food,"FIVE STAR (Fried chicken, Ga Ran)"
13611906802,21.053325,105.9022869,restaurant,Bamboo snakes garden
13614010248,21.3292521,105.7857782,cafe,Homie Garden
13614010303,21.0620218,105.8285508,cafe,Oriberry
13617030701,21.0016875,105.8449428,cafe,Katinat
13617118603,21.0290866,105.8497465,cafe,Refined
13617875701,21.0043896,105.8102735,cafe,Bac Cafe
13619374553,21.1698847,105.8441158,restaurant,Quán Chè Bác Chinh
13619626204,21.0534399,105.8776546,fast_food,Fried chicken
13619633802,21.0536691,105.8771497,fast_food,Banh mi & Tea
13619648801,21.0538272,105.8791276,restaurant,
13619843501,21.0508012,105.8776262,fast_food,Fried chicken
13624907801,21.0304288,105.8486949,restaurant,Miến Lươn Chân Cầm
13629236501,21.0363156,105.8471347,cafe,Cà Phê Sinh
13630080601,21.0208818,105.84904,restaurant,Hà Thành Mansion
13631246005,21.0478327,105.8798868,bank,
13631246007,21.0474926,105.8790934,restaurant,Pho ga
13631246203,21.0492551,105.8775987,cafe,1985
13631246205,21.0484091,105.880502,cafe,Cafe gom
13631250202,21.0492627,105.882519,bank,Bidv
13632874202,21.0429418,105.8715452,restaurant,Pho
13632874204,21.0885961,105.9022628,cafe,
13632874206,21.2004778,105.8469957,marketplace,
13632874302,21.044025,105.8729502,restaurant,Lotteria
13632874304,21.1065668,105.8521003,restaurant,
13632874305,21.1367995,105.8444155,bank,
13632874306,21.1428055,105.845309,post_office,Viettel post
13632874402,21.0852533,105.9038478,restaurant,Bun
13632874403,21.1554405,105.8464468,restaurant,Bun
13632874404,21.1988633,105.8486693,restaurant,
13632874413,21.1983763,105.8233771,restaurant,
13632874415,21.1984275,105.821429,restaurant,Pho
13632874502,21.1387101,105.8446965,bank,Pgbank
13632874602,21.0927644,105.8943486,bank,Pgbank
13632874604,21.1976797,105.8484927,restaurant,Bun cha
13632874611,21.1985139,105.8174527,cafe,
13632874613,21.1989897,105.815501,restaurant,Pho
13632874616,21.1999077,105.8112807,cafe,Garden
13632874701,21.1183279,105.8458287,restaurant,Bun
13632875001,21.1415764,105.8451875,bank,Nam a bank
13632947701,21.036074,105.8483042,cafe,Cà Bóp - Eggcoffee & Art Corner
13633101424,21.033282,105.8502628,cafe,Vie Coffee and Tea
13633362515,21.0454698,105.8432297,bank,Techcom Bank
13633371975,21.0450387,105.8431399,cafe,Odin Coffee
13633395589,21.0553838,105.8363999,bank,Vietin Bank
13633560801,21.2018296,105.8325395,restaurant,Rice
13633561601,21.2019511,105.8325489,cafe,
13633561602,21.2019194,105.8331672,cafe,Soc
13633561701,21.2017461,105.8327272,cafe,
13635808289,21.0276262,105.8229998,cafe,Friday Milonga Hanoi
13635826401,21.0143576,105.8019661,fast_food,Bánh mì chè sầu Cô Xuân
13637408709,21.205535,105.8260659,restaurant,
13637673904,21.014618,105.8037297,atm,
13637673905,21.0147509,105.8047557,restaurant,Bún Bò Huế Hiền Hạnh
13637702702,21.0112984,105.8046213,cafe,T Cup Coffee Tea
13638561208,21.0147806,105.8047173,cafe,9.0cafe
13640024701,21.0162986,105.8033308,fast_food,Bánh MÌ Sài Gòn
13640055905,21.343849,105.6457898,restaurant,
13640062002,21.0188047,105.7999374,cafe,Lava Coffee
13640117265,20.9385117,106.002463,marketplace,Chợ Báu
13640426501,21.0188929,105.7999101,cafe,Mơ Cà Phê
13640707701,21.0190445,105.7999399,restaurant,Bún Chả Hạnh Béo
13641363901,21.0304396,105.8488587,restaurant,Cơm Phở
13644445201,21.0191201,105.7998414,restaurant,Bánh Cuốn Nóng Gia Truyền
13644475702,21.0179958,105.8010418,cafe,Thơm Cậu Coffee
13644532801,21.0338214,105.8382479,cafe,Trang Cafe
13645114301,21.0151277,105.8013287,fast_food,Jollibee
13646102301,21.1988068,105.8422211,restaurant,
13647041501,21.0201505,105.857626,cafe,Quán Cà phê Habakuk
13647364502,21.033134,105.8524813,restaurant,Met Vietnamese Restaurant
13647798301,21.0330825,105.8544321,fast_food,Bánh Mì Như Hoa
13648760218,21.3088637,105.3902089,marketplace,Chợ Truyền Thống
13649041301,21.01789,105.7983324,atm,
13649628501,21.0143834,105.8132176,restaurant,Xới Cơm - Tiệm ăn gia đình
13651572501,21.0189274,105.7999723,restaurant,Cơm gà xử quảng
13651630601,21.0166715,105.799463,cafe,L'amant Cafe
13651666401,21.0244521,105.8415046,fast_food,"Chã - Coffee, Banh Mi, Juice, Beer, Vegetarian Food"
13652468901,21.014591,105.8015305,restaurant,Ngonya Ramen Trung Hòa
13654187301,21.0313065,105.796451,cafe,Joy Lab - Work n Cafe
13654191001,21.032184,105.7977704,fast_food,Ban Xeo
13655168099,21.1206817,105.964264,atm,Agribank - ATM 28 Minh Khai
13655168100,21.1054299,105.93839,atm,"Agribank - ATM Thửa dất số 1, Tờ bản đồ số 15, Đường Trần Phú"
13655197801,21.1230875,105.9986494,atm,Agribank - ATM KCN Tiên Sơn
13658260801,21.016469,105.801741,fast_food,Bánh Mì Hải Phòng
13658264501,21.0174276,105.8023631,cafe,ULA Workspace Cafe
13658645902,21.0163663,105.8002219,restaurant,Bonchon Vietnam -
13664368901,21.0173077,105.7986215,fast_food,Banh Mi Vendor
13665137143,21.0205059,105.7915067,atm,VPBank CDM
13666228501,21.0271448,105.8541192,cafe,Highlands Coffee
13666448201,21.0336274,105.854527,cafe,Vi Anh Coffee
13666531601,21.03456,105.8458793,restaurant,Bún chả 41
13667047329,21.1947685,105.9542023,bank,MB - PGD Yên Phong
13667047330,21.1947477,105.9541797,atm,MB - CRM PGD Yên Phong
13667047332,21.1946471,105.9543109,bank,LPBank
13667047347,21.1138061,105.9525383,atm,MB - CRM CN Kinh Bắc
13668872401,21.0307345,105.7878281,restaurant,Maison Sen Buffet
13670497210,20.9889745,105.8458889,bank,VietinBank
13670641308,21.1127522,105.8481999,restaurant,
13671676601,21.0158996,105.7979683,restaurant,Bún chả Sinh Từ
13674882971,21.113807,105.9546459,restaurant,Cơm thố Anh Nguyễn
13674882973,21.1980946,105.9540343,restaurant,Cơm thố Anh Nguyễn
13686437298,21.0196265,105.8110019,fast_food,
13686504537,21.01936,105.8109829,fast_food,
13686529891,21.0199553,105.8102585,fast_food,
13686532312,21.0254356,105.8098266,fast_food,
13687660701,21.0230442,105.8554502,cafe,Nyna Cafe 24/7
13688584883,21.0342339,105.8472844,fast_food,Phi hong
13688591630,21.035555,105.8273958,cafe,Moc
13688607828,21.0417818,105.8260542,fast_food,
13690375426,21.0347076,105.8471022,cafe,Egg coffee & more
13691370398,21.0375416,105.8460187,cafe,Kafa
13698932992,21.1186066,105.9644853,restaurant,Ốc Nhà Miu
13702979501,21.0763584,105.8146506,restaurant,Cơm Ann
13703831902,21.0737186,105.8271613,restaurant,Hông Loan Quán
13703838001,21.0521512,105.8371867,atm,
13703841401,21.0626218,105.8291964,restaurant,Izakaya Matsuki
13708168601,21.0434069,105.8427479,restaurant,Mái Lá - Cơm Việt từ trái tim
13709870140,21.0330519,105.8164422,restaurant,
13710452830,20.9422493,105.9965014,community_centre,Nhà văn hóa đội 6 thôn Vĩnh An
13711350786,21.0735087,105.7018947,atm,MB CRM
13712858876,20.9847142,105.8567309,marketplace,Chợ đồ cũ hồ Đền Lừ
13715694275,21.0498824,105.8402653,atm,
13719090625,21.0434981,105.8347561,cafe,
13723286601,20.9950654,105.8175133,atm,TPBank LiveBank 24/7
13727509255,20.9586339,105.9987157,bank,ABBank
13727509256,20.9585751,105.9986781,atm,
13731592801,21.0765007,105.8147679,restaurant,I am chicken
13733845901,21.034971,105.8262231,cafe,
13736923657,20.977245,106.0091183,atm,
13740290548,21.1164168,105.9561036,atm,
13740290549,21.1164418,105.9561594,bank,BIDV
13743071480,21.018235,105.8334182,restaurant,FamiCháo - 52 Ngõ Thổ Quan
13748039442,21.0156164,105.7830746,atm,VietinBank i-Bank 24/7
13786685745,20.8681789,105.8600122,restaurant,
13794298537,21.0664036,105.8266743,restaurant,The Moose & Roo Pub & Grill
13796566164,21.0329532,105.8392092,cafe,Artination
13806229567,21.0312569,105.8309252,cafe,Starbucks
13806229568,21.031198,105.8304332,fast_food,McDonald's
13806229569,21.0315054,105.8304922,fast_food,Jollibee
13806229577,21.0313479,105.83048,fast_food,KFC
13806229589,21.0314656,105.8307788,cafe,Gong Cha
13806229590,21.0312967,105.8305125,cafe,Highlands Coffee
13806229591,21.0304778,105.8302048,restaurant,Pizza 4P's
13806229592,21.0312777,105.8305837,fast_food,Pepper Lunch
13835171643,21.085514,105.7850289,atm,TPBank LiveBank 24/7
13836157612,21.0039215,105.7406316,cafe,Highlands Coffee
13838082336,20.9842368,105.7773,cafe,Trung Nguyên E-Coffee - Galaxy Tố Hữu
13852091302,21.0320455,105.7937272,cafe,Tam Hoa Trá
13852137401,21.0320661,105.7937786,cafe,Zamia Coffe
13860996033,21.0209312,105.6366171,cafe,Tuần Châu Beach Coffee & Beer Chill
13876689984,21.0618059,105.8499619,restaurant,Thảo Viên Gió Sông Hồng
13884420696,21.0731971,105.8160077,cafe,Highlands Coffee
13888717612,21.0258099,105.7911368,cafe,Mixue
13888717614,21.0370993,105.7863433,cafe,Highlands Coffee
13893998684,20.9906827,105.8140157,atm,MB CRM
13895997882,21.0720867,105.8169933,restaurant,Yatai Ramen
13895997883,21.0745759,105.8154669,cafe,Highlands Coffee
13897989559,21.1234812,105.9985438,atm,
13897989560,21.1235282,105.9985332,atm,
13897989565,21.1239416,105.9984914,atm,
13898773058,20.9850308,105.8807298,restaurant,Nhà hàng đảo bên hồ
13898953317,20.981276,105.8818189,marketplace,Chợ Lòng Thuyền
13907404701,21.028535,105.8483937,cafe,Miên Man Cafe
13907404801,21.028801,105.845737,restaurant,Madam Tư Hồng
13912256777,20.9102837,105.5772635,atm,
13912681351,20.9847717,105.8465269,bank,ACB
13912681352,20.9848489,105.8465432,bank,MSB
13912681353,20.9853158,105.8466536,restaurant,Pizza Hut
13912681354,20.9849893,105.8465773,fast_food,KFC
13912681355,20.983943,105.8471447,fast_food,Lotteria
13912681356,20.9851573,105.8466171,cafe,Highlands Coffee
13916784573,20.9839814,105.8742897,marketplace,Chợ đêm Lĩnh Nam
13944634946,20.9835092,105.8647952,bank,VietinBank
13944634947,20.9834949,105.8650544,bank,Agribank
13944634964,20.9834901,105.8666244,bank,SeABank
13944634965,20.9834926,105.8653329,cafe,Highlands Coffee
13944634978,20.9835044,105.8695925,bank,VPBank
13945910808,20.989453,105.859104,cafe,Highlands Coffee
13947176204,21.0455725,105.8425939,cafe,Umoya.liquid
13947450701,21.0352215,105.8542019,restaurant,Family Ramen
13949063201,21.0308153,105.8501408,restaurant,Em Café
13949089701,21.1417123,105.845346,bank,Vietin bank
13949089801,21.1456143,105.8457691,cafe,
13949090703,21.164194,105.8466507,restaurant,Pho van cu
13949090804,21.165764,105.8467472,cafe,
13949091202,21.1698057,105.8469111,restaurant,
13949092201,21.1557436,105.8464915,restaurant,
13950235501,21.2111941,105.8100892,atm,
13955136101,21.0352022,105.8499643,restaurant,Movitas
13972188701,21.0335254,105.8543237,atm,
13981899117,21.0243367,105.8430004,restaurant,Chay Tâm Khởi
13981943861,21.0273806,105.8414361,restaurant,Bánh Mì Chay SQ
13982143275,21.0170585,105.8556336,restaurant,Nhà Hàng Chay Rasa
13982886474,21.0260183,105.8272912,restaurant,Nhà Chay Tara
13986170474,21.0358791,105.8514802,fast_food,Kepp.
13986170475,21.0359052,105.8515554,restaurant,Bo Beo
14005747112,20.9643683,105.864097,marketplace,Chợ cá Yên Sở
14019117023,21.0597488,105.8301906,restaurant,"TOTAM - Kitchen, Wine & Coffee Bar"
14021381656,20.9806711,105.9282498,fast_food,Bánh Khúc Hoàng Thường
14021780106,21.1236245,105.971328,restaurant,Dookki
14023705276,21.1917443,105.9862047,post_office,Bưu điện VHX Long Châu
14026852447,21.0402035,105.7380608,atm,MB CRM
14027946104,20.9915585,105.7545837,restaurant,Nhà hàng Bia Sành
14033302445,21.0226911,105.8594732,cafe,An An
14033302446,21.0230007,105.8592691,cafe,
14049103101,21.016715,105.8551375,restaurant,Banh Duc
14049103201,21.0460439,105.8412575,restaurant,Huong Mai
14049103301,21.0321448,105.8469184,restaurant,Bun Bo Nam Bo
14054774703,21.0255586,105.8522206,restaurant,Bun Dau
14054791601,21.0340523,105.8517001,cafe,C.O.C Legacy
14056041723,21.0311551,105.8307547,restaurant,RAMEN ICHIBANKEN
14064444702,21.0451505,105.8418952,restaurant,Công Ca Phê
14072358101,21.0219356,105.853295,cafe,Là Việt Vọng Đức
14074419959,21.0179247,105.7921797,cafe,Moc
14074419962,21.0178223,105.7924687,cafe,
14074419963,21.0184596,105.7927061,cafe,Aha
14074419965,21.0180091,105.7923667,restaurant,Bun
14074419966,21.0180388,105.7924312,restaurant,Banh Bao
14086172301,21.2191219,105.7830652,restaurant,"Bao Nguyen Bolero (Pho, Bun, Mien)"
14086684701,21.2059925,105.8173299,restaurant,Bun Rieu; Com
14086736701,21.126846,105.8442333,restaurant,Bun
14087058901,20.9816585,105.8456245,restaurant,Pho
14102825948,21.0299025,105.8447635,atm,ACB
14105175273,21.029501,105.8446412,atm,ACB
14105180177,21.0295311,105.8444986,atm,ACB
14111820441,21.0287592,105.8555304,atm,ACB
14119231102,21.0201752,105.8471575,cafe,186 Coffee Roasters
14127577101,21.0264578,105.8437801,cafe,Alhoa café
14137358101,21.0567618,105.8225201,cafe,DOM
14137358201,21.056609,105.8223571,cafe,Cafe Kim Dùa
14137447501,21.0554364,105.8211331,cafe,ểnh ương
14137451402,21.0543326,105.8207207,cafe,Coffee Nhi
14141324701,21.015162,105.8472957,fast_food,Bamibread - Bánh Mì Hội An - Nguyễn Đình Chiểu.
14143592101,21.0547455,105.8206343,cafe,Auspice
14144385001,21.0516663,105.8385548,restaurant,Phở Gà - Hủ Tíu Gà
14144414701,21.0517535,105.838391,restaurant,Bà Loan
14144414801,21.0516803,105.8383867,restaurant,Cô Lan
14144432502,21.05659,105.8350355,cafe,Timeless
14148128101,21.0354013,105.8490602,restaurant,Lan Ong
14152831901,21.067517,105.8261929,restaurant,Phương Bẻo (amazing phở gà)
14152839302,21.0659311,105.8235349,cafe,Thu Garden Cafe
14154035003,21.1056478,105.9991695,bank,Vietcombank
14154035004,21.1056771,105.9991214,atm,
14155930001,21.0182697,105.8551799,cafe,Ly Quoc Su
14156570901,21.0563506,105.8220218,restaurant,MR BEER
14156598403,21.0611639,105.8271683,cafe,Ka Specialty Coffee
14156600501,21.0568154,105.8226208,cafe,Na Na
14157700401,21.0638307,105.8241329,restaurant,NYC Pizza
14162347202,21.068338,105.8230475,cafe,Hai Cafe & Coworking Space
14166542609,21.1165112,105.9573486,fast_food,Jollibee
14169542101,21.0684205,105.823518,cafe,LOW BATTERY NEED COFFEE
14169580001,21.0675939,105.8261808,restaurant,King Bao Dumpling (Dim Sum)
14172720032,21.1988047,105.9847988,atm,
14173236801,21.0561838,105.8208473,cafe,Lơ Fleur
14174721301,21.0682697,105.8239922,restaurant,Cơm Gà Mìn
14182195402,21.0228498,105.843095,restaurant,Tiệm Chay Nhà Mình
14183047001,21.0521858,105.8384671,restaurant,Lẩu nướng Tây Bắc
14183056101,21.0684046,105.8234701,cafe,Capella Coffee Roaster
14184068001,21.0745668,105.8234055,post_office,Viettel Post
14196225101,20.9798492,105.5287609,restaurant,Cua Đồng Không Tên
14196226001,21.0687377,105.8241328,restaurant,Taipei Express
14208348901,21.0666301,105.8265136,restaurant,
14210747501,21.1289556,105.7798106,bank,Nam Bank
14210783301,21.1285278,105.7797146,cafe,Tiktak view coffee
14210791902,21.1947016,105.7804488,restaurant,
14213748801,20.9722694,105.8473003,restaurant,
14213762601,20.9723485,105.8513485,restaurant,"Pho, Com"
14213762602,20.9735086,105.8523009,restaurant,Pho bo
14213766501,20.9740522,105.8527981,bank,Bidv
14214216902,21.0592143,105.8295664,restaurant,BAO WOW
14214378001,21.0568911,105.8228051,cafe,Cà phê Hải Yến
14216544701,20.9798704,105.845891,restaurant,Pho cuong
14216545001,20.9812849,105.8461945,cafe,2a tea & coffee
14219030101,21.0466617,105.8414368,post_office,Viettel Post
14219070301,21.0470164,105.8412591,restaurant,Phở Cuốn Chinh Thắng
14219188201,21.0411263,105.8444641,cafe,Highlands Coffee
14221144701,21.0519912,105.8382284,restaurant,Yên Béo - Cửa Hàng Nem Nướng Yên Phụ
14221146101,21.0519669,105.8382547,restaurant,Bún Riêu Ổc Vy
14221220801,21.0615981,105.8313477,restaurant,Cơm tấm Đức Linh
14221260601,21.061609,105.8202187,cafe,Tây An Trà
14225544590,21.0278873,105.7935008,cafe,AHA CaFe
14226660301,21.0300664,105.850309,fast_food,Kim Huong: Xôi - Bánh Mì - Nuoc Ep
14227299309,20.9894813,105.8405989,cafe,Tiny Cafe - Revolution
14229934501,21.0203541,105.8460456,restaurant,Cha ça lang48
14234785401,21.0362632,105.8461485,restaurant,
14234785501,21.0343567,105.8458604,restaurant,
14234785701,21.0335087,105.845771,restaurant,
14234921381,21.026612,105.8412429,restaurant,d'Lions
14235165702,21.0264483,105.8416082,cafe,
28847036,21.0314567,105.8463475,marketplace,Chợ Hàng Da
199297705,21.0355275,105.8150701,bank,MBV
199299468,21.0225813,105.8188132,bank,Agribank
228075195,21.0222159,105.8442347,community_centre,Cung Văn hóa Lao động Hữu nghị Việt Xô
234564706,21.0362177,105.8200024,restaurant,
243115931,20.9581434,105.9998101,marketplace,Chợ Cái
244102704,21.0364197,105.8266546,marketplace,
244377898,20.9853782,105.9288916,marketplace,Chợ Bún
251612236,20.9611682,105.821799,marketplace,Chợ Bằng A
301441357,21.3090026,105.5987098,marketplace,Chợ Vĩnh Yên
323366294,21.0327342,105.8552149,bank,BIDV
334062036,21.0404193,105.8251684,bank,Techcombank
344262457,20.9827283,105.8622346,marketplace,Chợ đầu mối phía Nam
384671217,21.0284391,105.9124089,restaurant,
410145935,21.1158365,105.9564637,post_office,Bưu điện Thành phố Từ Sơn
410145936,21.1950901,105.9522681,post_office,Bưu điện Yên Phong
416500571,21.1237607,105.9988211,post_office,BD Bưu cục KCN Tiên Sơn
416630521,21.1144422,105.9291498,bank,Agribank
416630526,21.147525,105.9766109,post_office,Bưu điện phường Tam Sơn
419402268,21.1998966,105.9182905,post_office,Bưu điện văn hóa xã Hòa Tiến
421716837,20.9254472,105.8396224,cafe,Bla Bla
430134015,20.9786284,105.8029482,community_centre,Nhà văn hóa Xóm Án
456868078,21.0242944,105.8420026,bank,VietinBank
461873099,21.0387553,105.8314886,restaurant,
479832688,21.0170588,105.9456344,marketplace,Viglacera Community Market
487142233,21.0913579,105.7782495,marketplace,Chợ Vẽ
487922133,21.0330366,105.8160309,community_centre,Trung tâm Thông tin Văn hóa Nhật
498550264,21.04733,105.7087175,community_centre,Nhà văn hoá thôn Yên Bệ
500861127,21.0706894,105.915617,restaurant,Kim Long
503329943,21.0784834,105.7850883,marketplace,
524889036,21.0684656,105.823774,community_centre,Quang Ba community center
527710969,21.0666777,105.8034487,post_office,
550534421,21.013176,105.5248091,fast_food,Căng tin 1
568394248,21.0517615,105.8875135,marketplace,Chợ Gia Thụy
570571437,21.0207714,105.7911515,marketplace,Chợ Hợp Nhất
570587788,21.0427159,105.7744891,marketplace,Chợ Đồng Xa
570595075,21.0370793,105.7907225,community_centre,Nhà văn hóa quận Cầu Giấy
573038806,21.0855009,105.8105261,marketplace,Chợ Phú Gia
576742560,21.1083318,105.952312,community_centre,Nhà văn hóa Khu phố Đình
576742681,21.1167611,105.9612733,marketplace,Chợ Từ Sơn
577155080,21.1235281,105.9701634,cafe,Highlands Coffee
577155241,21.1110945,105.9509403,community_centre,Hội trường Đa Năng Phường Đình Bảng
577155262,21.1081783,105.9471499,community_centre,Nhà văn hóa Tổ dân phố Xuân Đài
577203462,21.1120247,105.9588653,bank,SHB
577608624,21.0466356,105.7966666,restaurant,Nhà hàng Vạn Hoa
582757798,21.0643414,105.8902752,cafe,
588536052,21.3204114,105.3866825,bank,MB
589565576,21.3286168,105.3886058,cafe,Caffe kimis
590020181,21.0093818,105.9343373,bank,Phòng giao dịch ngân hàng Agribank
590020182,21.009556,105.9343965,bank,Phòng giao dịch ngân hàng viettinbank
590020183,21.0096553,105.9344353,bank,VietinBank
591706501,20.8336977,105.3463525,restaurant,Thất tình Quán
592139706,20.8162806,105.3425055,post_office,Bưu điện tỉnh Hoà Bình
593653791,21.0552094,105.8386385,community_centre,Nhà văn hóa phường Yên Phụ
596222866,21.0220214,105.805687,restaurant,Canteen
596222868,21.0218118,105.8056891,cafe,
624201558,21.0198,105.8551807,bank,SeABank
633559431,20.7328191,105.913993,marketplace,Chợi Lịm
645296158,21.0476717,105.7035727,marketplace,Chợ Sơn Đồng
646860252,21.1467514,105.9320416,marketplace,Chợ Phù Khê Thượng
647253453,21.154346,105.9441491,community_centre,Nhà văn hóa khu phố Mai Động
647253455,21.1542366,105.9450916,marketplace,Chợ Mai Động
647396968,21.1289171,105.980146,marketplace,Chợ Viềng
650062700,21.1352191,105.9446041,community_centre,Nhà văn hóa Tổ dân phố Thanh Bình
650062730,21.1386754,105.9481956,community_centre,Nhà văn hóa Khu phố Tư
650440567,20.9675631,105.8710239,marketplace,Chợ Yên Duyên
651503568,21.1355768,105.9826166,community_centre,Nhà văn hóa Khu phố Tiêu Thượng
659837203,21.0838042,105.9163726,bank,VietinBank
659860791,21.0753063,105.9300751,community_centre,Nhà văn hóa Thôn Thượng
659860830,21.079245,105.9242951,community_centre,Nhà văn hóa Đê Ca
659860833,21.0867681,105.919518,marketplace,Chợ Vân
659909931,21.074553,105.937061,community_centre,Nhà văn hóa Thôn Công Đình
659909991,21.0620496,105.9338814,community_centre,Nhà văn hóa Thôn Hạ
659915520,21.0788666,105.9475208,marketplace,Chợ Nành
660703573,21.0850112,105.9043874,community_centre,Nhà văn hóa Thôn Du Ngoại
660703578,21.086215,105.9060828,community_centre,Nhà Văn hóa thôn Ái Mộ
660703617,21.0975157,105.9201939,marketplace,Chợ Lã Côi
660703679,21.0960443,105.9289634,marketplace,Chợ Dốc Lã
660703726,21.098461,105.931252,marketplace,Chợ Đầu Mối Quy Mông
661138415,21.0985124,105.9175627,marketplace,Chợ Yên Thường
661138432,21.1065008,105.9222654,community_centre,Nhà văn hóa thôn Đỗ Xá
661161556,21.1465009,105.9323476,community_centre,Nhà văn hóa khu phố Phù Khê
661161579,21.1550983,105.9286885,marketplace,Chợ Me
661161580,21.1553754,105.9289406,community_centre,Nhà văn hóa Tổ dân phố Me
661161636,21.1224102,105.9204199,marketplace,Chợ Đa Hội
661161687,21.1168359,105.9284806,community_centre,Nhà văn hóa Tổ dân phố Song Tháp
661165874,21.0017529,105.7973032,community_centre,Nhà văn hóa Thanh Xuân
661451800,21.0891177,105.9899699,post_office,Bưu điện VHX Đại Đồng
661451818,21.0962282,105.9835169,marketplace,
662917177,21.2784455,105.729327,bank,"Ngân hàng BIDV, Phúc Yên"
675364233,21.0241709,105.8539602,restaurant,
675842233,20.9799687,105.8047593,restaurant,Tạp Hóa Tuấn Nhung
675940105,20.9449178,105.873711,marketplace,Chợ Ngõ Chùa
685172229,21.1153481,105.9726116,marketplace,Chợ mới Yên Lã
687926302,21.1204611,105.9700228,community_centre,Nhà văn hóa Tổ dân phố Xuân Thụ
691424466,20.9899421,105.7948665,restaurant,Căng tin
697572020,21.0353434,105.8317758,cafe,Phê La
697791110,21.0377142,105.8291328,community_centre,Nhà văn hóa phường Ngọc Hà
698018254,21.0424691,105.8402973,bank,Royal Gate Hotel
698273221,21.037261,105.8144196,marketplace,Chợ Cống Vị
699055686,21.058791,105.7803967,community_centre,Trung tâm Văn hóa - Thông tin và Thể thao phường Đông Ngạc
699065704,21.0607478,105.7809068,marketplace,Chợ Cổ Nhuế
699065705,21.0608403,105.7813496,bank,Quỹ tín dụng Nhân dân xã Cổ Nhuế
699079319,21.0619834,105.7808926,community_centre,Nhà văn hóa TDP Trù I
699218395,21.0656934,105.7798463,marketplace,Chợ Thôn Trù
699218396,21.0656405,105.7796016,community_centre,Nhà văn hóa Thôn Viên
699218397,21.0657055,105.7798403,marketplace,
699905182,21.0430985,105.8189366,marketplace,Chợ Tam Đa
700620993,21.0377334,105.8468971,restaurant,Trong Dong Palace
700627459,21.0379258,105.8503815,marketplace,Chợ Cầu Đông
700627473,21.0384018,105.8490391,restaurant,
700671941,21.0439455,105.8418833,marketplace,Chợ Châu Long
700671961,21.0414275,105.8445969,bank,PVcomBank
701544807,21.0560928,105.8693994,community_centre,nhà văn hóa tổ 16
701882953,21.0286502,105.8510985,community_centre,Không gian Văn hóa Việt
702456227,21.0270923,105.8392143,marketplace,Chợ Ngô Sĩ Liên
702790716,21.0325252,105.8346104,restaurant,Nhà hàng 37A Hùng Vương
702889626,20.9828782,105.8498674,restaurant,Corner Pizza
702933226,20.9903067,105.8413482,cafe,River Coffee
704134610,21.0270812,105.8441597,bank,Indovina Bank
704147273,21.0216821,105.8553469,bank,VietinBank
704147368,21.0234887,105.8474566,bank,BIDV
704159175,21.0477559,105.8769026,community_centre,Nhà văn hóa phường Ngọc Lâm
704159180,21.0469542,105.8754879,marketplace,Chợ Gia Lâm
704159193,21.0435767,105.8649236,marketplace,Chợ Ngọc Lâm
704250708,21.0338268,105.8701895,marketplace,Chợ Bồ Đề
704250750,21.0397013,105.8720223,community_centre,Trụ sở TDP số 5+30
704250767,21.0383604,105.8718369,community_centre,Nhà văn hóa Thể thao phường Bồ Đề
704292524,21.0556313,105.867257,marketplace,Chợ Ngọc Thuỵ
704292579,21.0536735,105.8784702,marketplace,Chợ Gia Quất
708521401,21.0048706,105.8458791,cafe,Highlands Coffee
708550660,21.0021897,105.8446163,restaurant,Kombo
747941662,21.2394703,105.7044753,marketplace,Chợ Phúc Yên
755090162,20.9929607,105.754981,community_centre,Nhà văn hóa Tổ dân phố Tháp
755113658,20.9848281,105.8338254,marketplace,"Chợ Xanh, Định Công"
755123064,20.9626358,105.7596214,community_centre,
755123065,20.9624105,105.7594146,cafe,
755362114,21.0506814,105.7497182,restaurant,
755377951,20.9827126,105.8151671,marketplace,Chợ Kim Giang
762125888,20.8020995,105.6735885,community_centre,Nhà văn hóa Thôn Hoành
762456403,20.7727049,105.6843141,community_centre,Nhà văn hóa Thôn Bèn
762456415,20.7792446,105.6834802,community_centre,Nhà văn hóa Thôn Cầu
762785874,20.7541757,105.6978241,marketplace,Chợ Kênh Đào
763107746,20.7877698,105.7036824,community_centre,Trung tâm văn hóa thôn Vĩnh Xương Trung
763352541,20.8235262,105.6768958,community_centre,Nhà văn hóa thôn Hội Triều
763352559,20.8167657,105.6794359,community_centre,
763352584,20.8264848,105.6724477,community_centre,Nhà văn hóa thôn Dương Kệ
763352687,20.8135493,105.6453714,post_office,Bưu điện Miếu Môn
764169925,20.7707434,105.7019057,community_centre,Nhà văn hóa Thôn Vĩnh Lạc
765136216,20.7716943,105.7216149,community_centre,Nhà văn hóa Thôn Hoà Phong
766223292,20.7977616,105.6821017,community_centre,
766661866,20.7278841,105.7068825,marketplace,Chợ Hồng Sơn
766661913,20.7260094,105.7108468,community_centre,Nhà văn hóa thôn Cống Đặng
766661970,20.7263232,105.7286668,marketplace,Chợ Lai
766662002,20.7212325,105.7341358,marketplace,Chợ Xuy Xá
767859398,20.7100066,105.759394,community_centre,Nhà văn hóa Thôn Hạ
768420549,20.613771,105.786491,marketplace,Chợ Hương Sơn
768420576,20.611476,105.7769838,community_centre,Nhà văn hóa Thôn Yến Vỹ
768696755,20.6851423,105.7414878,marketplace,Chợ Tế Tiêu
768696793,20.685943,105.7442506,post_office,Bưu điện huyện Mỹ Đức
769918654,20.8469095,105.6293384,marketplace,Chợ Văn Phú
784380228,21.0372572,105.7936724,bank,Agribank
792406384,21.0147291,105.7966664,cafe,Gugi
792416732,20.9489781,105.7060491,marketplace,Chợ Phượng
792416737,20.9503335,105.709846,community_centre,Nhà văn hóa Phụng Châu
824889327,21.0043867,105.8476002,restaurant,Nhà ăn A1-5
825567108,21.0062361,105.8461438,community_centre,Hội trường B6
826025418,21.0103939,105.8286985,restaurant,Nhà Ăn HVNH
826041747,21.0093911,105.8274606,restaurant,Nhà ăn sinh viên
826421975,21.037357,105.782291,community_centre,Sunwah
840066514,21.0129892,105.8283554,community_centre,
840074805,21.013895,105.8276377,bank,VietinBank
840249312,21.0157752,105.8322005,bank,Agribank
840803809,21.0026637,105.8183919,marketplace,Chợ Ngã Tư Sở
840867180,21.0060492,105.8355452,marketplace,Chợ Kim Liên
841374795,21.0208929,105.8184715,bank,SHB
841374806,21.0223439,105.8194265,restaurant,Món Huế
841374807,21.0222918,105.8193874,bank,Dong A Bank
841374808,21.0222252,105.8193563,bank,PVcomBank
841374810,21.021987,105.8191183,bank,Ngân hàng Kiên Long
842611509,20.9236833,105.6912836,marketplace,Chợ Cống
842611515,20.941345,105.708131,community_centre,Nhà Văn Hóa Phượng Đồng
847053724,21.0303647,105.7850777,bank,BIDV
856836407,20.9966163,105.5729977,marketplace,Chợ Đồng Trúc
856836414,20.998797,105.5761788,community_centre,Nhà văn hóa Thôn Xóm Đông
856836435,20.9939995,105.5748655,community_centre,Nhà văn hóa Thôn Đồng Kho
858242837,21.0078716,105.8336313,restaurant,Ohlala Beer Garden
858242838,21.0073161,105.832932,bank,Agribank
861103427,21.0326376,105.9381579,community_centre,Nhà văn hóa thôn Vàng
861103430,21.0280484,105.9229418,community_centre,Nhà văn hóa Tổ dân phố số 27 + 28 + 29
861296607,21.0240594,105.854581,bank,PVcomBank
863472428,21.0075946,105.8334469,bank,MB
863472429,21.007701,105.8334883,restaurant,Cơm gà Hải Nam
863793823,21.022359,105.8503481,cafe,The Coffee House
865855240,21.018077,105.8444145,community_centre,Cung Thanh niên Hà Nội (cơ sở 2)
866521399,21.00052,105.5374351,cafe,Twitter Beans Coffee
874039745,21.0341156,105.7955816,bank,BIDV
880260998,21.0451778,105.7942037,marketplace,Chợ Nghĩa Tân
885744701,20.9982371,105.8122776,marketplace,Chợ Thượng Đình
888367936,21.0055499,105.8313907,marketplace,Chợ Khương Thượng
892230829,21.0033969,105.8513489,community_centre,Trung tâm Văn hóa - Thông tin và Thể thao phường Bạch Mai
892560481,20.9604596,105.748579,fast_food,Căn tin 3 Sao
892577121,21.0030987,105.815248,fast_food,KOI Thé
892577129,21.0030655,105.8158897,restaurant,Gogi
892577131,21.0014376,105.8164699,restaurant,Nét Huế
892577134,21.0033772,105.8156464,fast_food,KFC
892577135,21.0031399,105.8152803,restaurant,Cơm gà Hải Nam
892577138,21.0029794,105.8161891,restaurant,Hotto
892577146,21.0016145,105.8164958,restaurant,Shabu Shabu
892577148,21.0029982,105.8159401,restaurant,Thai Express
892577159,21.0028342,105.8153741,fast_food,Skyline
892577165,21.0016813,105.8167781,restaurant,Meat Plus
892577166,21.0029673,105.8152743,cafe,Highlands Coffee
892577169,21.0034451,105.8149851,fast_food,The Pizza Company
892577186,21.0026358,105.8165083,restaurant,Buffet lẩu nướng không khói
892577192,21.0028947,105.8153275,fast_food,Bread Talk
892577193,21.0030116,105.8162672,restaurant,Viet Street
892577199,21.0027013,105.8156939,restaurant,Mr.Dakgalbi
892577204,21.0017856,105.816797,restaurant,Deli Deli BBQ
892577210,21.0031651,105.8158231,restaurant,Gogi
892577219,21.0015165,105.8168483,restaurant,Hải sản Biển Đông
892577224,21.0026226,105.8162691,cafe,Ding Tea
892577246,21.0014124,105.816667,restaurant,3 Cá Bống
892577259,21.0012721,105.8166422,restaurant,Pizza - Pasta
892577261,21.0018788,105.8165392,restaurant,Hotpot Story
892577273,21.0028742,105.8162495,food_court,Si Soc
892577281,21.0020477,105.8168203,restaurant,Pizza Hut
892577282,21.002352,105.8167536,restaurant,Quán ăn ngon
892577283,21.0019025,105.8167892,restaurant,Love Thai
892577299,21.0033188,105.8155013,restaurant,Dookki
892577307,21.0028175,105.8161256,restaurant,King BBQ
892577308,21.003118,105.8163909,fast_food,Toco Toco
892577314,21.0031668,105.8160573,restaurant,Sắc Huế
892577330,21.0021949,105.816526,restaurant,Kichi - Kichi
892577332,21.0035404,105.8151474,fast_food,Pepper Lunch
892577336,21.0027719,105.8154191,fast_food,Hokaido Bake Cheese Tart
892577337,21.0027428,105.8156147,fast_food,Surf 'N' Fries
892577339,21.0022999,105.8164495,fast_food,Asia Snacks
892577356,21.0035909,105.8155107,restaurant,Kpup
892577357,21.0012093,105.8163497,fast_food,Yo-Tea
892577365,21.0031797,105.815347,fast_food,Dairy Queen
892577374,21.001264,105.8165033,fast_food,Soya Garden
892577376,21.0034907,105.8155995,fast_food,Lotteria
892577379,21.0032588,105.8159876,fast_food,Bread Papa's
892577387,21.002679,105.8162269,fast_food,YoYo
892577388,21.0032579,105.8157535,restaurant,King BBQ
892577392,21.0026978,105.8154717,fast_food,Pozaa
892577396,21.002065,105.8165892,restaurant,Sumo BBQ
892577409,21.0036062,105.8152526,restaurant,Don Chicken
892577415,21.0037061,105.8154301,restaurant,Hutong
892577421,21.0031134,105.8161202,fast_food,Limone
892577430,21.0038869,105.8153609,restaurant,Meiwei
892577439,21.0037799,105.8151865,restaurant,Cheong Hak Gol
895402919,21.0719595,105.7730669,restaurant,
895586819,21.0315114,105.7820639,bank,Agribank
897568869,21.0809554,105.7728812,marketplace,Chợ
898226383,21.0759491,105.7721894,cafe,N06-6 trà chanh hoa lộc
898226385,21.0756813,105.7719085,restaurant,Bún hải sản An Nhiên
898226393,21.0760373,105.7721991,restaurant,N06-5 bún Duy lượng
898226398,21.075621,105.772135,restaurant,Bún mẹt hương giang
898226408,21.0762632,105.7722052,restaurant,N06-1-Bún đậu cô én
898229180,21.0682626,105.7787223,restaurant,
898540573,21.0180399,105.8586742,restaurant,Nhà hàng Lan Chín
899088406,21.0717516,105.7728795,restaurant,Cơm Lân Hà
899168696,21.0677002,105.7782971,cafe,
899169391,21.0676207,105.7788778,cafe,
899169581,21.0677916,105.7787991,restaurant,
899221538,21.0274095,105.898811,restaurant,MANWAH
899221539,21.0273051,105.8989678,restaurant,Buk Buk
899221540,21.0272755,105.8992259,restaurant,SumoBBQ
899221543,21.0271181,105.8995568,fast_food,Domino's
899221544,21.0269711,105.8996942,fast_food,Lotteria
899221545,21.0269626,105.8998446,cafe,Highlands Coffee
899221549,21.0273928,105.8998984,bank,Liên Việt Post Bank
899332859,21.0688188,105.7784527,restaurant,
899332860,21.0686929,105.7784144,restaurant,
899387339,21.0272493,105.8998774,fast_food,Dairy Queen
899388714,20.9991155,105.8612738,marketplace,Chợ Quỳnh Mai
899395268,21.0671631,105.7765894,cafe,
899459050,21.0763209,105.7721325,restaurant,N06-40 bún đậu 123
899514888,21.0279214,105.8988328,restaurant,Gyu-Kaku
899514939,21.0276281,105.898688,restaurant,Yoogane Chicken Galbi
899514940,21.0275563,105.8988694,restaurant,GangNam Bulgogi
899514942,21.0274625,105.8990563,restaurant,Wrap&Roll
899514943,21.0278169,105.8989651,restaurant,Le Monde Steak
899514944,21.0277535,105.8990776,restaurant,Kichi-Kichi
899514947,21.0276881,105.8992056,restaurant,King BBQ
899514948,21.0277122,105.8988674,restaurant,Le Monde Steak
899514949,21.0276515,105.8989081,restaurant,GangNam Bulgogi
899514951,21.0275749,105.8990586,restaurant,Wrap&Roll
899514953,21.0276372,105.8993376,restaurant,Dookki
899514954,21.0276173,105.8994248,restaurant,Hongkong Cuisine
899514955,21.0275899,105.8995061,fast_food,Jollibee
899514956,21.0275581,105.8996358,restaurant,Al Fresco's
899514957,21.0275686,105.8997541,restaurant,Sushi Kei
899514958,21.0275496,105.8998355,restaurant,Hotpot Story
899514959,21.0275104,105.8992571,restaurant,Dookki
899514960,21.0274217,105.8991827,restaurant,ThaiExpress
899514961,21.0273439,105.8993059,restaurant,Cowboy Jack's
899514962,21.0272631,105.8993902,restaurant,Octopus King
899514963,21.0274269,105.8993518,restaurant,Cowboy Jack's
899514985,21.0272357,105.8994746,fast_food,Pepper Lunch
899514987,21.0271685,105.8995791,restaurant,GoGi House
899514988,21.0268103,105.9000372,restaurant,Quán Ăn Ngon - Ngon Phố - LyS
899514992,21.0271327,105.9004673,restaurant,Fuji Sakura
899514993,21.0270262,105.9006167,fast_food,The Pizza Company
899514994,21.0268141,105.9005072,fast_food,The Pizza Company
899679880,21.0272397,105.8985879,fast_food,KFC
899679881,21.0270151,105.8990189,cafe,The Coffee House
899679882,21.0268122,105.8994974,fast_food,McDonald's
901510761,21.0740265,105.776289,marketplace,
902641917,21.1010664,105.9616941,restaurant,Đông Phương Palace
902641919,21.0979464,105.9470779,community_centre,Nhà văn hóa Khu phố Trầm
904135121,21.0126665,105.8322829,cafe,Aha Cafe
904428687,21.367073,105.314087,marketplace,Chợ quê Đền Hùng
904729840,21.0116805,105.848718,bank,Saigonbank
904729843,21.0117396,105.8485154,restaurant,The Pot House
904729844,21.0117511,105.8484759,restaurant,Bò Nhúng Zấm
904729846,21.011758,105.8483936,restaurant,Cơm tấm Ốc Sài Gòn
904729849,21.0117679,105.8482127,cafe,Cheese Coffee
904729850,21.0118047,105.8482696,cafe,Cà phê 25
904729857,21.0116505,105.8483222,restaurant,Bít Tết Thuần Việt
905348807,20.9623643,105.8313497,cafe,
905348808,20.9625322,105.8312672,restaurant,
905348833,20.9625277,105.8257545,restaurant,
905348834,20.9623488,105.825699,restaurant,
914040089,21.0272589,105.9412264,community_centre,Nhà văn hóa thôn Cam
914126564,21.0322379,105.9192801,community_centre,Nhà văn hóa Tổ dân phố số 7
914894811,20.9445744,105.8466545,community_centre,Nhà văn hóa huyện Thanh Trì
916528072,20.7259057,105.7721922,marketplace,Chợ Vân Đình
921987261,21.1372462,105.5063075,marketplace,Chợ Nghệ
923758556,21.030944,105.9414754,post_office,Bưu điện Việt Nam
930229621,21.0414282,105.8510404,marketplace,Chợ Long Biên
932758885,21.0252432,105.7807792,community_centre,Cung Thiếu nhi Hà Nội
933395340,21.0743115,105.7771916,cafe,
933680036,21.0742159,105.77419,fast_food,
933680039,21.0741452,105.7742042,cafe,
933680043,21.0741542,105.7744223,bank,
933680059,21.0741693,105.7757243,restaurant,
933680070,21.0741598,105.7748514,cafe,
933968171,21.074263,105.775156,cafe,
933968184,21.0742409,105.7745527,cafe,
934115731,21.0742794,105.776043,restaurant,
934115738,21.0742831,105.7761397,fast_food,
934948236,21.0834871,105.7716824,restaurant,Quán cơm rang phở bò Nam Đinh
934950868,21.0833709,105.7719594,restaurant,Bia hơi lâm Sung quán
934950869,21.0833729,105.7720297,restaurant,Quán ăn
935011368,21.0863753,105.7714589,fast_food,Cửa hàng vịt quay
938765473,20.9633506,105.9163362,community_centre,
939812622,20.9698536,105.7797034,marketplace,Chợ Hà Đông
940307978,21.0158372,105.8556855,community_centre,AgoHub
941188189,21.0237389,105.8553406,bank,Ngân hàng Đầu tư và Phát triển Campuchia
942415516,21.0354248,105.7793387,community_centre,Nhà văn hóa phường Mai Dịch
943911446,21.0139879,105.8227268,marketplace,Chợ Thái Hà
943911447,21.0143947,105.8223531,community_centre,Trung tâm Văn hóa - Thông tin & Thể thao Đống Đa
944825022,21.0280379,105.8363381,cafe,Refined
947089984,21.140465,105.5021468,community_centre,Nhà Thiếu nhi thị xã Sơn Tây
947778232,21.058198,105.8902513,post_office,Bưu điện Trung tâm 5
951945610,21.0816473,105.3294075,post_office,Bưu điện Văn hóa xã Ba Vì
954924142,21.0429245,105.776167,community_centre,Nhà văn hóa Bắc Mai Dịch
956996490,20.9728547,105.7833134,community_centre,Trung tâm Văn hóa thành phố Hà Nội
957452577,20.9838997,105.8144684,marketplace,Chợ Kim Giang
957527737,21.0479209,105.7508607,community_centre,Nhà Văn hóa quận Bắc Từ Liêm
958560268,20.9813872,105.7866943,restaurant,PTIT Canteen
958652608,21.0088092,105.8313013,community_centre,Trung tâm Văn hóa - Thông tin và Thể thao phường Kim Liên
958652616,21.0075605,105.8290798,bank,Agribank
962831140,21.0367227,105.7974383,cafe,XU Kafe
964908480,21.0887133,105.8090687,community_centre,Trung tâm Văn hóa - Thông tin và Thể thao phường Phú Thượng
965690839,21.0502668,105.8382837,restaurant,Bay Buffet
965816709,21.0113926,105.7986059,marketplace,Chợ Trung Hoà
965945328,21.0132259,105.7992969,marketplace,Chợ Trung Kính
965945333,21.0149128,105.7995466,post_office,Bưu điện Trung tâm Cầu Giấy
966146652,21.0115878,105.7962031,marketplace,Vitalmart
966204369,20.9244855,105.7388833,community_centre,Nhà văn hóa tổ 11 phường Đồng Mai
966381879,21.0147999,105.7999873,restaurant,Đại Mạch Beer
966677777,21.0164959,105.8114667,cafe,"O Zone - Films, Art & Coffee"
966677798,21.0134873,105.8012485,community_centre,
967022598,21.0156765,105.7377647,marketplace,Chợ làng Miêu Nha
968944408,21.0039121,105.8049714,bank,VietinBank
974063116,21.0730295,105.804575,post_office,Bưu điện Ciputra
974596731,21.0785813,105.8152844,community_centre,Trung tâm Văn hóa - Thông tin và Thể thao phường Tây Hồ
974596758,20.9901287,105.8126127,community_centre,Nhà văn hóa phường Hạ Đình
975967862,21.0897235,105.7320974,community_centre,Trung tâm Văn hóa - Thông tin và Thể thao phường Thượng Cát
975967870,21.09687,105.7320828,community_centre,
976255170,21.0063264,105.7435431,community_centre,Trung tâm Văn hóa Thế thao phường Tây Mỗ
976255176,21.0185473,105.7387736,community_centre,
977795576,20.9999141,105.8303358,restaurant,Nhà hàng Cảnh Hồ
987523665,20.9463539,105.9110234,community_centre,
1007516847,21.0457947,105.7860875,bank,VietinBank
1007899330,21.0439892,105.7852137,community_centre,Nhà tổ dân phố 1 Dịch Vọng Hậu
1008406414,20.9659847,105.9219296,community_centre,
1008406415,20.9659201,105.9218089,community_centre,
1009721987,20.9007712,105.7175372,marketplace,
1010822773,20.9191335,105.7030128,marketplace,
1010822774,20.9189587,105.7029027,marketplace,
1010822775,20.919016,105.7030047,marketplace,
1015725828,21.068495,105.8240049,cafe,Joma Bakery Cafe
1021332437,21.005597,105.8355475,bank,VietinBank
1021332445,21.0066571,105.8369398,community_centre,Nhà Sinh hoạt cộng đồng
1021370764,21.0288411,105.8407582,post_office,Bưu điện Nguyễn Thái Học
1021404967,21.0440396,105.8366116,post_office,Bưu điện Thanh Niên
1024232159,21.2568129,105.8527148,marketplace,Chợ Sóc Sơn
1030050836,21.3077341,105.5936054,post_office,Bưu điện tỉnh Vĩnh Phúc
1030860270,21.0198117,105.771222,community_centre,Nhà văn hóa phường Mỹ Đình 1
1034772150,20.7832996,105.9168575,community_centre,Nhà văn hóa tiểu khu Giấy
1034792373,20.7782067,105.9143753,community_centre,Nhà văn hóa tiểu khu Phú Gia
1040467292,20.9895454,105.807634,post_office,Bưu Cục Hạ Đình
1040484285,21.007562,105.8056429,restaurant,banca  jsha·win
1040730527,21.0125062,105.8033292,cafe,Hoàng Gia 03
1040765169,21.0077255,105.8392499,restaurant,Nhà hàng Hoa Sen 3
1040770336,21.0108431,105.8325005,cafe,Trang Cafe Sầu Bá Đạo
1040794885,21.034833,105.8014627,community_centre,Nhà văn hóa số 36
1040806925,21.0327495,105.828993,restaurant,Quán Nướng Abéo
1044297775,20.9780868,105.8207887,marketplace,Chợ Kim Lũ
1046114099,21.0253429,105.8226268,cafe,The Ivy House
1046126563,21.0287119,105.8304636,bank,VDB
1046542443,21.0004079,105.7342627,cafe,Trung Nguyên Coffee
1046742812,21.0082536,105.796042,bank,Ngân hàng Á Châu (ACB)
1046744997,21.0628612,105.8270533,community_centre,
1051495392,21.1066017,105.8434366,restaurant,Lan Hạ Garden Đông Anh
1062567248,21.102179,105.5475882,community_centre,Nhà văn hóa huyện Phúc Thọ
1062770982,21.0565358,105.5806757,community_centre,Trung tâm Văn hóa - Thông tin và Thể thao huyện Thạch Thất
1062770990,20.9888887,105.6402178,community_centre,
1062770997,20.99262,105.6423256,marketplace,Chợ Phủ Quốc Oai
1063191459,21.0342446,105.8103342,marketplace,Chợ Linh Lang
1067819613,21.0357244,105.9152959,community_centre,Trung tâm văn hóa phường Sài Đồng
1074490447,21.0309369,105.9154165,marketplace,Chợ Vũ Xuân Thiều
1077513600,20.9465169,105.927172,bank,Agribank
1079204737,20.9015567,105.698493,community_centre,Nhà văn hóa trung tâm xã Đại Yên
1087647927,21.021655,105.8550319,bank,Ngân hàng Nhà nước Việt Nam
1089001007,21.0110792,105.8322276,restaurant,Bún cá chấm 101
1089984776,21.1618804,105.4684307,marketplace,Chợ Mía
1090377184,21.0516313,105.7581463,marketplace,Chợ Phú Diễn
1097438439,21.0361458,105.7294729,community_centre,Nhà văn hóa trung tâm xã Vân Canh
1100742941,20.9746041,105.8826505,restaurant,Nha hang Ngan Thanh
1102485874,20.974628,105.8820971,restaurant,Quan an Nam Nhu 1
1102560208,21.0220033,105.8479533,bank,Ngân hàng liên doanh Việt - Nga
1104873479,20.963887,105.835176,community_centre,Nhà văn hóa Linh Đàm
1114925845,21.0611998,105.872203,marketplace,Chợ Ngọc Thụy 2
1114927597,21.0696863,105.8906461,marketplace,Chợ Thượng Thanh
1115091181,21.0174124,105.8310956,restaurant,Cơm tấm Huy
1115106428,20.9825684,105.7712184,restaurant,Nhà hàng Trâu Mai Hương
1116156201,21.0179872,105.7912375,fast_food,Tiệm Bánh Mì Thành Luân
1116246887,21.0378825,105.786057,marketplace,Chợ Nhà Xanh
1116995206,21.0716789,105.7712458,restaurant,Phệ Nướng
1117030068,21.015143,105.8136071,bank,Vietcombank
1117240270,21.0311626,105.8511494,restaurant,Nhà hàng Thủy Tạ
1117395471,20.9120393,105.6174702,marketplace,
1117758768,21.0168007,105.7221448,marketplace,
1117758769,21.0161631,105.7221119,marketplace,
1117758826,21.0138458,105.7240972,community_centre,
1117765506,21.015905,105.7240782,restaurant,Ẩm thực Cung Đình
1118082762,21.0729981,105.7738446,restaurant,
1119231788,21.0144474,105.9459966,community_centre,Nhà văn hóa xã Gia Lâm
1119581547,21.044823,105.7882841,restaurant,Nhà ăn
1120284602,21.0283937,105.9395647,community_centre,Nhà văn hóa Tổ dân phố Cơ Khí
1121136902,21.0719638,105.7731676,restaurant,HM sneaker
1121172771,21.0744135,105.7735619,restaurant,Fin BBQ
1121237745,21.0726153,105.7730131,restaurant,Tàu vũ trụ
1121390716,21.0753017,105.773664,restaurant,Quán cỏ restaurant
1121625791,21.0793855,105.7734806,restaurant,gà xù
1121646388,21.1188125,105.9648126,cafe,NGUYÊN Coffee
1122930513,21.0317097,105.9421053,marketplace,Chợ Vàng
1123282982,21.0400182,105.787695,community_centre,
1124152119,21.0340504,105.9175814,community_centre,Nhà văn hóa Tổ dân phố số 12
1124152131,21.0319946,105.9456574,community_centre,Nhà văn hóa thôn Hội
1137567851,21.0149135,105.895476,community_centre,Nhà văn hóa Tổ dân phố số 1
1141562512,21.0328268,105.9492644,community_centre,
1142005105,21.0311626,105.952929,community_centre,Nhà văn hóa thôn Đặng
1143860955,21.0131589,105.522606,fast_food,Căng tin 2
1147083167,21.034144,105.9534393,community_centre,Nhà văn hóa thôn Lở
1151213255,20.9597908,105.8364756,bank,Ngân hàng Chính sách xã hội
1153416084,20.947302,105.852495,community_centre,Trung tâm Văn hóa - Thể thao xã Tứ Hiệp
1153847221,21.0057106,105.9352442,marketplace,Chợ sinh viên
1155357391,20.9523195,105.8048085,community_centre,Nhà văn hóa thôn Hữu Từ
1155357394,20.9555978,105.8029036,community_centre,Nhà văn hóa thôn Hữu Lê
1155857414,21.01247,105.9112164,community_centre,
1157172106,20.9458437,105.8429143,community_centre,Nhà văn hóa Pin Văn Điển
1157172110,20.941077,105.8458677,community_centre,Nhà văn hóa Tổ dân phố Ga
1157172127,20.9463256,105.8534461,community_centre,Nhà văn hóa thôn Cổ Điển B
1157172129,20.9445464,105.8496289,community_centre,Nhà văn hóa thôn Cương Ngô
1157172132,20.9484939,105.8480162,community_centre,Nhà văn hóa thôn Văn Điển
1157172134,20.9413849,105.8519232,community_centre,Nhà văn hóa thôn Cổ Điển A
1157172138,20.9423066,105.8508382,marketplace,Chợ Tứ Hiệp
1157172144,20.9406293,105.8628682,community_centre,Nhà văn hóa thôn Đồng Trì
1157172153,20.9286278,105.8457309,community_centre,Nhà văn hóa thôn 4
1163015446,21.0420651,105.8297273,restaurant,Nhà hàng Sakura
1163316773,20.9516458,105.8434707,community_centre,
1163872123,21.0412388,105.8271968,restaurant,Nhà Chay Achi
1163872125,21.0412,105.827285,cafe,Trà sữa Đô Đô
1164347901,21.0415721,105.8265891,restaurant,Phở Gà Ta Phương Linh
1164408249,21.0416841,105.8264102,bank,Sacombank
1164592874,21.0485616,105.8076762,community_centre,Nhà sinh hoạt Tổ dân phố số 10
1165288517,21.0428045,105.8336245,restaurant,
1165909740,21.3043245,105.8044346,restaurant,
1166150906,21.0468949,105.8117749,bank,HDBank
1168580666,20.9877374,105.83176,post_office,Bưu điện Định Công
1171597390,21.0096839,105.8085258,community_centre,Ban Chỉ Huy Quân Sự Phường Yên Hoà
1171597400,21.0511255,105.8072943,community_centre,Nhà văn hóa phường Nghĩa Đô
1178261607,21.0558237,105.8196745,marketplace,
1178261620,21.0566204,105.8200582,marketplace,
1179985316,21.0163525,105.938315,community_centre,Nhà văn hóa Tổ dân phố Chính Trung
1181726342,21.01481,105.9071904,community_centre,Thach Ban Residential Group 8 Community Center
1181726343,21.0209224,105.9092032,community_centre,Thach Ban Residential Group 7 Community Center
1181726344,21.0177859,105.9093792,community_centre,Thach Ban Residential Group 9 Community Center
1182143679,20.9401534,105.9030554,community_centre,Nhà văn hóa thôn Chử Xá
1183409645,21.1364077,105.5059455,marketplace,
1183409649,21.1354765,105.5055616,marketplace,
1183713524,20.9626712,105.7487657,restaurant,Toà D6
1185629560,21.1169897,105.8961356,marketplace,Chợ Dục Tú
1185727096,21.1419211,105.8508699,community_centre,Nhà văn hóa huyện Đông Anh
1185901823,21.1376976,105.8478388,community_centre,Nhà văn hóa tổ dân phố số 2-3-4
1185901824,21.1384612,105.8456087,marketplace,Chợ Trung tâm Đông Anh
1185901861,21.1419087,105.8543268,community_centre,Nhà văn hóa thôn Đản Dị
1185911647,21.1412628,105.8437075,community_centre,Nhà văn hóa tổ dân phố số 5
1185911650,21.1484242,105.8501454,community_centre,Nhà văn hóa tổ dân phố số 6
1187339538,21.0430171,105.9258521,marketplace,Chợ Phúc Lợi
1187339550,21.0417916,105.9268513,community_centre,Trung tâm văn hóa thể thao phường Phúc Lợi
1187726806,21.0585331,105.9003576,community_centre,Nhà văn hóa Kim Quan
1189163510,21.1270057,105.6809137,community_centre,Nhà văn hóa làng Tiên Tân
1189163522,21.0006318,105.9701942,community_centre,Nhà văn hóa thôn Thuận Tiến
1190573692,20.8700348,105.862918,community_centre,Nhà Văn hóa Thường Tín
1190742510,20.9444345,105.8477319,bank,Ngân hàng Chính sách xã hội
1192808464,20.8656291,105.8673704,marketplace,Chợ Vồi
1193770226,21.1387697,105.5070269,bank,BIDV
1194656081,21.0149468,105.9260177,community_centre,Nhà văn hóa Tổ dân phố An Lạc
1195179611,21.2267494,105.3769501,marketplace,Chợ Nhông
1196688055,21.0298254,105.7946652,cafe,Cafe Cây Khế
1196690243,21.0337654,105.7939374,restaurant,bánh mì
1197077281,21.295497,105.9590645,marketplace,Chợ Phố Hoa
1197139583,20.9971142,105.9158403,community_centre,Nhà văn hóa Thôn 3
1197414130,20.9699259,105.9078497,community_centre,Nhà văn hóa thôn 1
1197414132,20.9583557,105.9010238,community_centre,Nhà văn hóa thôn 5
1197414133,20.9600026,105.9027208,community_centre,Nhà văn hóa thôn 4
1197414134,20.9999273,105.9119057,community_centre,Nhà văn hóa thôn 1
1198955176,21.1154994,105.954302,bank,Agribank
1199769966,21.2888829,105.4022343,post_office,Vietnam Post
1199796076,21.2900072,105.396868,marketplace,Chợ Phú Thịnh xã Phú Cường
1200042988,21.287235,105.3943971,community_centre,Đình Đương
1201133035,21.0021384,105.9026066,community_centre,Nhà văn hóa Tổ dân phố số 4
1202447567,21.0691063,105.7876037,marketplace,Chợ Xuân Đỉnh 2
1203093570,21.0682708,105.7769079,restaurant,ẩm thực ăn uống
1205258217,21.0073539,105.9083771,community_centre,Nhà văn hóa Tổ dấn phố số 5
1205935082,21.0697716,105.7084572,post_office,Bưu điện Hoài Đức
1206047791,21.0309136,105.7779682,marketplace,Chợ Mỹ Đình
1207347218,21.0162213,105.8317409,bank,VietinBank
1209822362,21.014038,105.7813701,community_centre,
1209822363,21.0139453,105.7819832,cafe,Garden Coffee
1210228263,21.013534,105.8315319,restaurant,Giang Dung 2
1210228284,21.0128516,105.832171,cafe,The Nammin House
1210271468,21.0473517,105.7833276,community_centre,Nhà tổ dân phố Hoàng 18
1211287036,21.0032166,105.8445024,cafe,Mixue
1211613046,21.049371,105.7842893,community_centre,Nhà tổ dân phố Hoàng 16
1212230635,21.0382416,105.8496735,marketplace,Chợ Đồng Xuân
1212720895,21.0121178,105.9385273,marketplace,Chợ Trâu Quỳ
1213059860,21.039422,105.7950186,community_centre,Nhà văn hóa phường Dịch Vọng
1213225185,21.0428366,105.7938505,community_centre,Nhà văn hóa phường Nghĩa Tân
1213238763,21.0346768,105.7999961,marketplace,Chợ Quan Hoa
1213245431,21.0348149,105.7984218,community_centre,Nhà văn hóa phường Quan Hoa
1213878331,21.0497877,105.8067437,bank,Agribank
1213883582,21.0519642,105.8076723,marketplace,Chợ Nghĩa Đô
1213885334,21.0287727,105.797111,community_centre,
1213885337,21.0302053,105.8006321,marketplace,Chợ Cầu Giấy
1214031949,21.0323614,105.9606701,community_centre,Nhà văn hóa thôn Hoàng Long
1214358075,21.0101809,105.84767,restaurant,Bò tơ quán Mộc
1216770939,21.0159048,105.8319639,restaurant,Bao Bao Quán
1216789414,21.0200001,105.9409918,community_centre,Nhà văn hóa Tổ dân phố Bình Minh
1216804034,21.0153312,105.8315462,fast_food,Mr. Eco Salad Healthy
1217251793,21.01594,105.8318757,cafe,
1217817532,21.0251581,105.8412776,restaurant,Mango Restaurant & Wine
1217825601,21.0084812,105.9391629,community_centre,Nhà văn hóa Tổ dân phố Cửu Việt
1218063068,20.9574038,105.9274921,restaurant,
1219036302,21.0166134,105.8322541,restaurant,Miền Tây Tửu Quán
1219438153,21.0155971,105.8332584,restaurant,Ba Ba Sơn Đông
1219506439,21.00624,105.8471202,restaurant,Căng tin B5-9
1220299340,21.0264473,105.8518016,cafe,Conifer Bốn Mùa – Four Seasons
1220475763,21.0083074,105.9512292,community_centre,Nhà văn hóa Tổ dân phố Kiên Thành
1220667775,21.0173743,105.9323077,post_office,Bưu điện Việt Nam
1221316628,21.0328059,105.949269,community_centre,Nhà văn hóa KTT Cầu 12
1221715766,21.0052588,105.9386048,community_centre,Nhà văn hóa Tổ dân phố Đào Nguyên
1222284710,21.027366,105.9572756,community_centre,Nhà văn hóa thôn Cự Đà
1222783979,21.025963,105.9599093,community_centre,Nhà văn hóa thôn An Đà
1222783989,21.0258144,105.9583287,community_centre,Nhà văn hóa thôn An Đà
1222872998,20.7832225,105.9185896,community_centre,Nhà văn hóa thôn Đường
1223159245,20.9660937,105.9610991,community_centre,Nhà văn hóa thôn Hoàng Xá
1223159259,20.9694035,105.9547589,community_centre,Nhà văn hóa thôn Chu Xá
1223159274,20.9684593,105.9492629,community_centre,Nhà văn hóa thôn Báo Đáp
1223814218,21.0302101,105.967292,community_centre,Nhà văn hóa thôn Tô Khê
1224542087,21.0234566,105.9588419,community_centre,Nhà văn hóa thôn Kim Âu
1224796548,21.0299732,105.9705283,community_centre,Nhà văn hóa thôn Hàn Lạc
1226550884,21.0362338,105.9157014,community_centre,Nhà văn hóa Tổ dân phố số 14
1227308451,21.0219729,105.9369038,bank,Agribank
1227308458,21.0217262,105.9374893,post_office,Bưu cục Gia Lâm
1227308465,21.0243665,105.9309691,community_centre,Nhà văn hóa Tổ dân phố số 17
1227397539,20.9500993,105.9826718,restaurant,
1227397542,20.9519862,105.9833286,restaurant,
1227564856,21.0330006,105.9119822,community_centre,Nhà văn hóa Tổ dân phố số 11 + 12 + 21
1228248336,21.0096112,105.7313915,restaurant,Gà Ngon Bảo Sơn
1228401016,20.969759,105.7809414,bank,Agribank
1228585404,21.0045057,105.84163,community_centre,Nhà sinh hoạt cộng đồng Địa bàn dân cư số 1
1228626098,21.0377772,105.7666876,bank,Agribank
1229058060,21.0354161,105.7896937,community_centre,Tổ 21 phường Dịch Vọng
1229058063,21.0315784,105.7851931,marketplace,
1229058093,21.0325499,105.7924739,marketplace,Chợ 337 Dịch Vọng
1229267964,21.0608589,105.8958952,community_centre,
1229451581,21.0103164,105.7703489,cafe,Four Seasons Coffee
1230360616,21.0629641,105.8014795,community_centre,Nhà văn hóa Tổ dân phố số 8
1230360650,21.0700922,105.8108311,bank,MB
1230610840,21.0305939,105.8373179,restaurant,Lê Art
1231318498,21.0318243,105.9194845,community_centre,
1231318501,21.0293947,105.9220603,community_centre,Nhà văn hóa Tổ dân phố số 2
1231318502,21.029237,105.9221936,community_centre,Khởi nghiệp
1231344672,21.0398071,105.9028028,marketplace,
1231374575,21.0194634,105.8087167,restaurant,Món Ngon Sài Thành
1231374576,21.0194958,105.8086484,restaurant,Bánh cuốn Gia An
1231374578,21.019534,105.8085677,cafe,Teapress
1231374579,21.0194511,105.8084689,fast_food,Lotteria
1231585479,20.9803294,105.7857259,bank,Agribank
1231599957,21.0431653,105.8392715,community_centre,Trung tâm Văn hóa - Thông tin và Thể thao phường Ba Đình
1231794774,21.0374125,105.7665554,post_office,Bưu điện Trung tâm Từ Liêm
1231843295,21.064042,105.7444483,bank,Ngân hàng Chính sách xã hội
1232642188,21.0531392,105.8991097,cafe,Cafe Hợp tác xã Làng nghề Lệ Mật
1233838148,21.0272637,105.8572373,restaurant,Bay Seafood Buffet
1233838152,21.02744,105.8573016,cafe,Cafe Muối
1234095160,21.0288701,105.856118,restaurant,Cơm Văn Phòng
1234095161,21.0289162,105.8561788,cafe,Café Mai Hương
1234095163,21.0289241,105.8562895,cafe,Kafebean
1234867600,21.012102,105.8502587,restaurant,Ashima
1234867603,21.0119702,105.8502592,restaurant,Đệ Nhất Bò Tơ
1234867618,21.0121708,105.8499961,restaurant,1919 Cuisine
1234867619,21.0122499,105.8502239,fast_food,Pepper Lunch
1234955610,21.0127381,105.8502402,cafe,Hisakawa
1234955616,21.0130849,105.8502462,restaurant,iSushi
1234955626,21.0131702,105.8500372,restaurant,Hadu Sushi
1234955627,21.0131127,105.8500279,restaurant,Gogi House
1235442351,21.0122114,105.8505805,restaurant,F-Plaza
1235442357,21.0118707,105.8508839,cafe,Simin Coffee
1235442383,21.0125352,105.850857,restaurant,Umemi Ramen
1235566715,21.0126094,105.8508227,restaurant,Takumi
1235566725,21.0128112,105.8506074,restaurant,Le Garden
1235566735,21.0128892,105.8505449,cafe,Home Việt Coffee
1235777135,21.0327387,105.8073457,bank,Vietcombank
1235777136,21.0404355,105.8470411,post_office,Bưu điện Quán Thánh
1235785349,21.0377888,105.8149334,bank,Vietcombank
1235868915,21.0079172,105.9353915,community_centre,Nhà văn hóa Tổ dân phố Vườn Dâu
1236046190,21.0120146,105.8494714,fast_food,The Pizza Company
1236192820,20.9979239,105.8092415,post_office,Bưu điện Thanh Xuân
1236192822,20.9734088,105.7783508,post_office,Bưu điện Hà Đông
1236491877,21.0151861,105.8349485,post_office,Bưu điện Xã Đàn
1236553908,21.0128754,105.8497459,cafe,Chốn
1237224661,21.0138668,105.8503209,restaurant,L'amour Steak Wine
1237724752,21.2099744,105.8080176,bank,Agribank
1237950754,20.9787507,105.7911618,cafe,Hà Thủy Cafe
1238050543,21.0148542,105.8505535,community_centre,Nhà sinh hoạt cộng đồng phường Nguyễn Du
1238050544,21.0147828,105.8506103,restaurant,Dúng
1238258432,21.1172071,105.3265519,restaurant,Nhà hàng K
1238550132,21.0143771,105.8505985,restaurant,Nhan Sushi Ha Noi
1239043552,21.0150098,105.8497639,bank,Bac A Bank
1241284768,20.987832,105.9360233,community_centre,Nhà văn hóa thôn Lê Xá
1243455283,21.0429129,105.7867744,community_centre,Nhà tổ dân phố 1 Dịch Vọng Hậu
1243476210,21.0422229,105.7881974,community_centre,Trung tâm Văn hóa - Thông tin & Thể thao Nghĩa Đô
1244647218,21.0365483,105.9031855,community_centre,Nhà văn hóa Tổ dân phố số 8
1246805135,21.0131066,105.8478962,restaurant,Sumo BBQ
1246866121,21.0153632,105.8494781,restaurant,Tiệm cơm Tháng Năm
1246953688,20.9810392,105.9430276,community_centre,Nhà văn hóa thôn Ngọc Động
1247335541,21.0155089,105.8496855,restaurant,Kiều Quán
1247540221,21.0161302,105.8496887,restaurant,UnicB Eatery
1247565027,21.0408948,105.7823492,food_court,Kiốt món bình dân
1248007872,21.0164873,105.8496794,restaurant,Garden Kitchen
1248885731,21.0155585,105.8500057,restaurant,Gent Steak+
1249531151,21.0732126,105.8863615,community_centre,Nhà văn hóa Tổ dân phố số 19
1249531165,21.0741884,105.8871948,community_centre,Điểm sinh hoạt cộng đồng Tổ dân phố số 19
1249564975,21.0163429,105.850207,restaurant,Shogun
1249564999,21.0164275,105.8499749,restaurant,Thai Street Food
1249565003,21.016249,105.8499972,restaurant,Nagomi
1250198525,21.0438032,105.8989186,community_centre,Nhà văn hóa Tổ dân phố số 1
1250198542,21.0426271,105.8992113,community_centre,Nhà văn hóa Tổ dân phố số 2
1251028882,21.0349713,105.791943,community_centre,Nhà tổ 22 phường Dịch Vọng
1251537898,21.0642481,105.9164887,community_centre,Nhà văn hóa Tổ dân phố số 18
1251537938,21.0624538,105.9166642,marketplace,Chợ Giang Biên
1251537951,21.0623305,105.9175327,community_centre,Nhà văn hóa Tổ dân phố số 5
1251887340,21.058808,105.9175238,community_centre,
1251887344,21.0603362,105.9150492,community_centre,
1253312189,21.015471,105.8508015,restaurant,"Gia Thành - Hủ Tiếu, Bánh Canh, Cơm Tấm"
1253325096,21.0159711,105.8504913,restaurant,Sanmaru Ramen
1253517141,21.0162597,105.8505355,restaurant,Kasa Sushi
1253526774,20.9724146,105.7627278,restaurant,Lẩu nướng Đài Bắc
1253526776,20.9721582,105.7623914,restaurant,Ẩm thực ven hồ
1253565814,21.0018938,105.871544,marketplace,Chợ Vĩnh Tuy
1253898522,21.0028414,105.843248,fast_food,Căng-tin
1254526558,21.0104312,105.8499519,cafe,Cộng Cà Phê
1255503501,21.0094302,105.8505312,restaurant,Quán Nhậu Tự Do
1257127598,21.017701,105.9293919,restaurant,Sen phương đông
1263969673,21.313696,105.8674252,bank,Agribank
1263969683,21.3172275,105.8547773,community_centre,Nhà văn hóa thôn 4
1264582880,21.0359039,105.8036072,restaurant,Nhà hàng Tam Vị Chân Hỏa 三味珍火
1265527325,21.1274048,105.7743444,community_centre,Trung tâm Văn hóa thể thao - Khu nhà ở công nhân Kim Chung
1267912606,20.9454432,105.8452026,post_office,Bưu điện huyện Thanh Trì
1267912610,20.9177718,105.8667536,post_office,Bưu điện Đông Mỹ
1267912611,20.8695933,105.865362,post_office,Bưu điện huyện Thường Tín
1267913616,20.9240304,105.7051649,post_office,Bưu điện huyện Chương Mỹ
1269068039,21.2262024,105.7626616,post_office,
1271977348,21.186242,105.7214049,post_office,Bưu diện Trung tâm Mê Linh
1271977364,21.1824036,105.7225146,bank,Ngân hàng Chính sách xã hội
1271977366,21.1827756,105.7228956,bank,Agribank
1272771553,21.1413942,105.8462513,post_office,Bưu cục Đông Anh
1272791317,21.1410495,105.8473451,bank,ABBank
1272791326,21.1406801,105.847227,bank,Ngân hàng Chính sách xã hội
1274311721,21.1404602,105.8478194,bank,BIDV
1274311731,21.1403631,105.8485624,bank,LPBank
1280492810,21.0084516,105.7802133,cafe,Đòng hồ hiệu Trang nemo
1284402189,21.1978918,105.4255457,bank,Ngân hàng Chính sách xã hội
1284402191,21.1981618,105.42519,bank,Agribank
1286768581,20.9262842,105.7609852,marketplace,Chợ đầu mối Nam Hà Nội
1290426235,21.0362442,105.8339144,cafe,Helio Coffee
1292765536,21.1152515,105.485669,fast_food,Nhà dịch vụ
1301715443,21.0340056,105.8341511,cafe,Vinacafe
1301719963,21.0337197,105.831597,marketplace,Chợ Ngọc Hà
1302250723,21.0323108,105.839782,cafe,Highlands Coffee
1303713404,20.9958723,105.8073387,restaurant,Căng tin
1305518594,21.0314637,105.8346396,fast_food,G
1305753875,21.0357478,105.8326589,fast_food,
1308477360,21.0119661,105.8487163,bank,VietinBank
1308578267,21.0642081,105.7434573,cafe,Quận Cafe
1311970757,20.9887891,105.9279025,community_centre,Nhà văn hóa thôn Thuận Tốn
1315054629,21.0337182,105.9161452,community_centre,Nhà văn hóa Tổ dân phố số 13
1315451332,21.0356943,105.9114584,marketplace,
1316345716,21.0249796,105.7898839,cafe,Cà Phê Vui Vẻ
1316901418,21.0566809,105.8949555,community_centre,
1318588365,21.0319294,105.7653878,post_office,Bưu điện Mỹ Đình 2
1318588884,21.0326581,105.773848,community_centre,Trung tâm Văn hóa - Thể thao phường Mỹ Đình 2
1320937043,21.0070507,105.8385638,restaurant,Nhà hàng Hoa Sen
1320937044,21.0070301,105.8379228,restaurant,Nhà hàng Hoa Sen 2
1321540588,21.0106515,105.8307722,bank,VietinBank
1321543816,20.9934573,105.8405944,bank,Agribank
1322156153,21.0009579,105.9405428,community_centre,Nhà văn hóa An Đào
1322868441,21.0153777,105.8006273,bank,LPBank
1322925384,21.0157798,105.8011474,cafe,Connect Coffee
1323343936,21.01519,105.8013916,bank,Techcombank
1327061635,21.0172867,105.7847301,restaurant,Landmark72 Garden Restaurant
1329845833,21.0063211,105.7533654,fast_food,McDonald's
1329845834,21.0061987,105.7532869,fast_food,Lotteria
1329845837,21.0058242,105.753698,cafe,Aha Coffee
1329845838,21.0058429,105.7536151,cafe,Highlands Coffee
1329845893,21.0052738,105.7551615,cafe,The Coffee House
1329845909,21.0060554,105.753894,cafe,KOI Thé
1329845910,21.006187,105.7535601,cafe,TocoToco
1329845911,21.0059505,105.7538509,cafe,Raimu
1329845915,21.0059941,105.75404,cafe,Bingxue
1330098155,21.0062844,105.7537492,restaurant,Nét Huế
1330098160,21.0062573,105.7538611,restaurant,Guigui BBQ
1330098161,21.0061749,105.7539837,restaurant,Trâu Kiến Minh
1330098163,21.00603,105.7540883,restaurant,Thai Express
1330098164,21.0059822,105.7542069,restaurant,Yakihouse BBQ
1330098165,21.0059264,105.7543462,restaurant,King BBQ
1330098167,21.0058207,105.7549073,restaurant,Phở Cuốn Hương Mai
1330098168,21.005813,105.7550198,restaurant,Hachidori
1330098170,21.0054224,105.7550597,restaurant,D'Maris
1330108344,21.0058353,105.753654,restaurant,Dooki
1330108345,21.0058196,105.7537912,restaurant,Mr Dakgalbi
1330108346,21.005794,105.7538697,restaurant,Roll House
1330108347,21.0057724,105.7539821,restaurant,Lẩu Bò 888
1330108348,21.00568,105.7541624,restaurant,Mikado Sushi
1330108349,21.0056396,105.7542532,restaurant,Kombo
1330108350,21.0055568,105.754426,restaurant,Jeonbok
1330108351,21.005681,105.7546739,restaurant,Omely
1331638432,20.9937184,105.8683022,restaurant,Pizza Hut
1331658926,20.9964386,105.8683434,restaurant,Manwah
1331658927,20.9964388,105.8684744,restaurant,Gogi House
1331658928,20.9963872,105.8685931,fast_food,KFC
1331658929,20.9965284,105.8687296,restaurant,Hadilao
1331658935,20.9963966,105.8689298,fast_food,The Pizza Company
1331658937,20.9963894,105.8690562,restaurant,Kichi Kichi
1331658938,20.9963896,105.8691758,restaurant,Hotpot Story
1331658942,20.9963919,105.8693181,restaurant,KPub
1331658944,20.9961334,105.8695128,restaurant,King BBQ
1331658950,20.9959331,105.8695216,restaurant,Nét Huế
1331658951,20.9957839,105.8695209,restaurant,Roll House
1331658960,20.9949381,105.8697839,restaurant,Poseidon
1331658968,20.9942924,105.8692191,fast_food,Dairy Queen
1331658969,20.9942311,105.8692189,cafe,Mixue
1331658970,20.9942084,105.8692188,cafe,TocoToco
1331658978,20.9948001,105.8692301,cafe,KOI Thé
1331658992,20.9948589,105.8694759,restaurant,Dookki
1331668337,20.9961895,105.8688959,cafe,Yutang
1331668338,20.9961894,105.869043,restaurant,Alfresco's
1331668343,20.9960861,105.8690429,restaurant,Gri & Gri
1331668355,20.9960954,105.8693404,fast_food,Popeyes
1331668357,20.9959544,105.8693399,restaurant,Le Monde Steak
1331668359,20.9957821,105.8693086,restaurant,Yakimono
1331668369,20.9953302,105.869308,restaurant,Shogun
1331668370,20.9955126,105.8693629,restaurant,Shang Chi
1331668373,20.9951413,105.8693629,restaurant,King BBQ Buffet
1331668374,20.9951414,105.8695034,restaurant,Thai Express
1331951049,20.996189,105.8685988,fast_food,Lotteria
1350647805,21.0173249,105.800814,food_court,Nhà Ăn
1350649834,21.0171793,105.8002621,fast_food,
1356650251,21.0133135,105.8512276,bank,MBV
1360095271,20.696898,105.9490045,community_centre,Nhà văn hóa thôn Thuỷ Trú
1360095280,20.6962124,105.9415359,community_centre,Nhà văn hóa thôn Giáp Tư
1360095281,20.6907138,105.9408566,community_centre,Nhà văn hóa thôn Giáp Ba
1365472868,21.0151695,105.8137562,restaurant,Phở gà Lâm
1365938692,21.0412252,105.9299487,community_centre,
1366539303,21.0371194,105.9336661,community_centre,Nhà văn hóa Tổ dân phố số 9 - 10 - 11
1367884281,20.75387,105.9733602,restaurant,Phú Khê Restaurant
1374389130,21.1208697,105.6633677,community_centre,Nhà văn hóa Thôn Định Trọng
1382705134,20.8824294,105.5483761,post_office,Bưu điện Khu công nghiệp Lương Sơn
1386019885,21.1406279,106.0163753,bank,Agribank
1388268086,21.1358798,105.9463097,community_centre,Nhà văn hóa Khu phố Thanh Nhàn
1390484971,21.1105843,105.9598841,restaurant,Nhà hàng Chợ Quê Buffet
1395755660,21.1361519,105.9956906,community_centre,Nhà văn hóa Tổ dân phố Tạ Xá
1408786497,21.0379637,105.916726,marketplace,Chợ May 10
1410835992,20.9907725,105.8380734,cafe,Cafe sách- Tòa C4 HVQLGD
1412518402,21.0024442,105.750825,community_centre,Nhà khách Đình Phú Thứ
1413039667,20.9923147,105.8359109,community_centre,Nhà hội họp Khu dân cư 13 & 14
1415191319,21.0260266,105.6124603,marketplace,Chợ Hữu Bằng
1415874152,21.0021051,105.7451843,community_centre,Nhà văn hóa Tổ dân phố Lò
1416106099,20.9972941,105.7556249,community_centre,Nhà văn hóa Tổ dân phố 1 Đình
1416106100,20.9972065,105.7559911,community_centre,Nhà văn hóa Tổ dân phố 2 Đình
1416257146,21.2944976,105.784174,cafe,Pit Stop Forest Station
1418817193,20.9370587,105.9532576,community_centre,
1418833807,20.931884,105.9521033,community_centre,
1419540869,20.9303885,105.9592302,community_centre,
1422856212,21.12097,105.9505937,community_centre,Trung tâm Văn hóa Khu phố Trang Liệt
1422856228,21.140289,105.9442604,community_centre,Nhà văn hóa Khu phố Nghè
1423063990,21.1160932,105.9524117,community_centre,Nhà văn hóa Khu phố Bính Hạ
1423066180,21.1153799,105.9582113,cafe,nhẹ cafe - Kinh Bắc Flagship
1423072724,21.1146891,105.9561547,bank,VietinBank
1423334525,21.1421556,106.0170162,bank,MB
1423491862,20.9561041,105.9887288,restaurant,
1423491877,20.9563296,105.9881206,restaurant,
1423491878,20.9564366,105.9881169,restaurant,
1424048513,20.9393873,106.0024724,post_office,
1424745680,20.9406676,105.9938833,community_centre,
1424745681,20.9404744,105.9939363,community_centre,
1424958541,21.122637,105.9784887,community_centre,Trung tâm Văn hóa Khu phố Tam Lư
1424958544,21.1278982,105.9808828,community_centre,
1425520321,20.9250973,106.0118672,community_centre,
1425907445,20.9766177,105.9465872,community_centre,Nhà văn hóa thôn Xuân Thụy
1427024602,21.0369378,105.7670964,bank,Ngân hàng Chính sách xã hội
1427503847,20.9574554,105.8130366,community_centre,Trung tâm Dịch vụ tổng hợp phường Thanh Liệt
1431081734,20.9422723,105.9965019,community_centre,
1431216239,21.1268345,105.921932,community_centre,Nhà văn hóa Tổ dân phố Đa Hội
1431216248,21.1129157,105.9314622,community_centre,Nhà văn hóa Tổ dân phố Trịnh Xá
1431967843,20.9494646,105.994888,community_centre,
1431971953,20.9412304,105.9791808,community_centre,
1433521176,20.9423133,105.9589718,community_centre,
1433521177,20.9424676,105.9590797,community_centre,
1433740835,21.1087136,105.9583641,community_centre,Nhà văn hóa Tổ dân phố Thượng
1433740848,21.1360277,105.934851,community_centre,Nhà văn hóa Khu phố Tiến Bào
1433740849,21.1357303,105.9349688,marketplace,Chợ Tiến Bào
1433954405,21.1909393,105.9549641,community_centre,
1435144875,21.1990599,105.9473329,community_centre,Hội trường Trung tâm phường Yên Phong
1435347649,21.196502,105.9535116,bank,Ngân hàng Chính sách xã hội
1435808414,20.9558895,105.9884738,marketplace,
1435843146,21.2260677,105.9379578,community_centre,Nhà văn hóa thôn Đông
1435843147,21.2261234,105.9386645,marketplace,Chợ thôn Đông
1436104142,20.9297888,106.0071895,community_centre,
1436104144,20.9296989,106.0070867,community_centre,
1436104145,20.9297531,106.0070692,community_centre,
1436145064,20.9414591,105.9796276,community_centre,
1436145065,20.9413523,105.9791726,community_centre,
1441817478,21.006322,105.8643343,community_centre,Trung tâm Văn hóa - Thông tin và Thể thao phường Vĩnh Tuy
1441931918,21.1288478,105.971248,community_centre,Nhà văn hóa Tổ dân phố 1 Cẩm Giang
1444628969,20.9221579,105.9665557,community_centre,Nhà văn hóa thôn Vĩnh Lộc
1444629299,21.0222308,105.9703957,community_centre,Trung tâm Văn hóa - Thông tin và Thể thao xã Thuận An
1445048124,21.1988525,105.4224072,bank,Quỹ Tín dụng Nhân dân Tây Đằng
1446571351,20.989145,105.8526567,community_centre,Trung tâm Văn hóa Thể thao phường Tương Mai
1447145284,21.144866,105.9935353,community_centre,
1447156805,21.1169568,105.963998,community_centre,Nhà văn hóa Tổ dân phố Hoàng Quốc Việt
1447348318,20.9370201,105.9531108,community_centre,
1447626069,20.9322217,105.950401,community_centre,
1447883202,20.9407436,105.9583588,bank,Agribank
1447883203,20.9407482,105.9582726,bank,Agribank
1447883204,20.9406992,105.9582908,bank,Agribank
1447883206,20.940805,105.9584332,bank,Agribank
1447891820,20.9414043,105.9582317,post_office,
1447891828,20.9410036,105.9583583,restaurant,
1447896108,20.9418155,105.9580309,marketplace,
1448340253,20.9377102,105.959069,community_centre,
1448606798,21.0101769,105.7943675,cafe,Café - Nước Ép
1448606799,21.0095642,105.7948618,cafe,Boka
1448606800,21.0094031,105.7950246,restaurant,Bún sườn chua
1449590607,21.2061043,105.9749022,community_centre,Nhà văn hóa thôn Ô Cách
1450696923,21.1263446,105.9828744,community_centre,Nhà văn hóa Tổ dân phố Vĩnh Kiều 1
1450696927,21.1312817,105.9791713,community_centre,Trụ sở bảo vệ khu phố 3 Vĩnh Kiều
1450696929,21.1317148,105.9793285,community_centre,Trung tâm văn hóa công cộng khu phố Vĩnh Kiều 3
1450794213,21.3146619,105.3949518,bank,Vietcombank
1450809993,21.311822,105.3967851,community_centre,Nhà Văn hóa Lao động tỉnh Phú Thọ
1451285690,20.9442002,105.9530031,community_centre,
1451335678,20.950179,105.9535284,community_centre,
1451374616,20.9781677,105.7784992,community_centre,Nhà văn hóa Tổ dân phố 9
1451653571,21.1611747,106.0036792,community_centre,Trung tâm văn hóa thôn Tam Tảo
1451711146,20.9951044,105.8461885,marketplace,Chợ Đồng Tâm
1451988286,20.9906431,105.8001976,community_centre,Trung tâm Thanh thiếu niên Trung ương
1452281584,20.9437406,105.9514039,restaurant,
1452555939,20.9436062,105.9573096,cafe,
1452555940,20.9437004,105.957264,restaurant,
1452766634,20.9455514,105.9563414,restaurant,
1452766647,20.9460566,105.9561932,restaurant,
1452792210,20.9477817,105.9558816,restaurant,
1452792221,20.9484488,105.9554829,restaurant,
1452792231,20.9489261,105.9549465,restaurant,
1452792239,20.9491231,105.9547164,restaurant,
1452792253,20.9502587,105.9533421,community_centre,
1452915867,21.1084895,105.955789,community_centre,Nhà văn hóa Tổ dân phố Bà La
1453028467,20.9525838,105.9520166,marketplace,
1453030977,21.0391318,105.7773591,community_centre,
1453031181,20.9533733,105.9498239,cafe,
1453036882,20.9539011,105.9488181,restaurant,
1453112338,21.2089443,105.9956191,community_centre,Nhà văn hóa thôn Yên Lãng
1453263736,21.0517908,105.7153838,community_centre,Nhà văn hóa thôn Dậu 1
1453263737,21.0512691,105.7185378,community_centre,Nhà văn hóa thôn Dậu 2
1453703077,20.9927856,105.8459227,community_centre,Nhà văn hóa Tương Mai
1454563862,21.125922,105.640643,marketplace,chợ Cầu
1454584033,21.0051433,105.7516897,community_centre,Nhà văn hóa Tổ dân phố Phú Thứ
1454584034,21.0009116,105.7528527,community_centre,Nhà văn hóa Tổ dân phố Phú Hà
1454693639,21.0041926,105.7792013,cafe,Mixue
1454929071,21.3169759,105.4057676,cafe,
1454929072,21.3594186,105.3514708,cafe,Trạm Coffee
1454932170,21.0939122,105.9579612,community_centre,Nhà văn hóa khu phố Ao Sen
1454951615,21.1346829,105.9409165,community_centre,Nhà văn hóa khu phố Tân Thành
1454953470,21.1158401,105.9582399,community_centre,Nhà văn hóa khu phố Lê Hồng Phong
1455198294,21.1365541,105.9498382,community_centre,Nhà văn hóa Tổ dân phố Đông Tiến
1455198303,21.1201683,105.9274445,community_centre,Nhà văn hóa khu phố Đa Vạn
1455198324,21.1212697,105.9673468,community_centre,Nhà văn hóa Tổ dân phố Minh Khai
1455198326,21.1087412,105.9423465,community_centre,Nhà văn hóa Tổ dân phố Chùa Dận
1455377469,20.946368,105.9951752,community_centre,
1455377472,20.9462362,105.9951917,community_centre,
1455393100,21.0967532,105.8567919,restaurant,Bình Minh Quán - Cơm Văn Phòng
1455495078,21.1189412,105.9760247,community_centre,Nhà văn hóa khu dân cư đô thị Bắc Từ Sơn
1455495080,21.1140124,105.9738551,community_centre,Nhà văn hóa thể thao Tổ dân phố Dương Lôi
1455495081,21.1123511,105.970131,community_centre,Nhà văn hóa Tổ dân phố Yên Lã 1
1455495084,21.1106823,105.9509525,community_centre,Nhà văn hóa khu phố Thọ Môn
1455610524,21.1476311,105.9764655,marketplace,Chợ Tam Sơn
1455610527,21.1487276,105.9759212,community_centre,Nhà văn hóa khu phố Tây
1455610530,21.1472898,105.9836266,community_centre,Nhà văn hóa khu phố Phúc Tinh
1456012849,20.9909898,105.8451041,bank,AEON Financial Service
1456705487,21.1463832,105.9613633,community_centre,Nhà văn hóa khu phố Tự
1456705497,21.1601652,105.9608151,community_centre,
1456705509,21.1217553,105.9692283,community_centre,
1457071719,20.955194,105.9867047,community_centre,
1457071721,20.9492968,105.9949428,community_centre,
1457071722,20.9495575,105.9952396,community_centre,
1457390581,21.0435651,105.7208378,community_centre,Nhà văn hóa thôn Vực
1457660436,20.9555006,105.9919474,cafe,Mixue
1458418411,21.0032598,105.749522,community_centre,Nhà văn hóa Tổ dân phố Phượng
1459211215,21.0107786,105.7772709,community_centre,Nhà văn hóa Tổ dân phố 5 Mễ Trì Hạ
1459806286,20.9410674,105.9768495,marketplace,
1460205125,20.9662555,105.9809525,community_centre,
1460270427,20.9845868,105.8623428,bank,Ngân hàng Chính sách xã hội
1460409370,20.9452513,106.000456,community_centre,
1460925876,21.000178,105.7575227,community_centre,Nhà văn hóa Tổ dân phố An Thái
1460950310,20.990429,105.8449623,bank,PVcomBank
1461315310,20.9925882,105.8516158,community_centre,Nhà Văn hóa Khu dân cư số 1
1461455673,20.9545612,105.9791509,cafe,
1461455675,20.9560025,105.9810335,restaurant,
1461455676,20.9559537,105.9809494,cafe,
1461459946,20.9466982,106.0043091,post_office,
1461464089,20.9923106,105.8538827,community_centre,"Nhà Văn hóa Khu dân cư số 2,3"
1461703161,21.3104785,105.3911916,marketplace,Chợ TT TP. Việt Trì (Mới)
1461756900,20.9545069,105.9768188,restaurant,
1461843411,21.0224323,105.7932843,community_centre,Nhà sinh hoạt cộng đồng tổ 15
1462019435,20.9899745,105.8561185,community_centre,
1462058357,20.9669529,105.7297075,community_centre,Nhà khách Đình La Tinh
1462201894,21.104178,106.0022105,community_centre,Nhà văn hóa thôn Đoài
1462201897,21.107221,105.9975281,community_centre,Nhà văn hóa thôn Đại Sơn
1462591698,20.8643096,105.8517774,community_centre,
1462796650,21.0954911,105.8672254,community_centre,Nhà Văn hóa thôn Trung Thôn
1462804113,21.1121776,105.8450731,marketplace,Chợ Dâu Mới
1462823686,20.8557174,105.8529731,community_centre,Nhà Văn hóa Thôn Mễ Sơn
1462823688,20.853966,105.8569308,community_centre,Nhà Văn hóa Thôn Đình Tổ
1462854561,21.1022014,106.0066979,community_centre,Nhà văn hóa thôn Đông
1462920029,21.0814624,105.8543808,marketplace,
1463445471,20.9745216,105.7443155,community_centre,Nhà văn hóa Tổ dân phố Trung Kiên
1463941899,21.1193503,105.963051,community_centre,Nhà văn hóa Tổ dân phố Trần Phú
1463941918,21.1086731,105.955291,marketplace,Chợ Bờ Ngang
1463941921,21.1119099,105.9597117,bank,Ngân hàng Chính sách xã hội
1463954728,21.0393396,105.8132695,community_centre,Nhà sinh hoạt cộng đồng địa bàn dân cư số 2
1464442035,21.0934476,105.8596218,cafe,T'’Bri Coffee Cổ Loa
1464442036,21.0933921,105.8595394,cafe,Mèo Ú
1464442037,21.0936582,105.85961,cafe,La Boong
1464442038,21.0937101,105.8595466,cafe,Nấm Lửng
1464442052,21.0924382,105.8583987,cafe,Xứ Sở Kẹo Ngọt
1464442053,21.0924851,105.8584519,cafe,Chạm Trà
1464442054,21.0923937,105.8583471,cafe,Cha Tra Thai
1464442942,21.0922049,105.8580879,cafe,Codomy Tiệm Trà
1464442943,21.0921763,105.8580364,cafe,Paradiso Trà và Cà Phê
1464442944,21.0922992,105.8581366,cafe,Ẩm Thực Bên Hồ
1464442945,21.0931788,105.8592948,cafe,Bunny Tea
1464442947,21.0931162,105.8591818,cafe,Dear Sea Coffee & Tea
1465001300,20.9569049,105.9903369,community_centre,
1465001301,20.9566328,105.9901332,community_centre,
1465001302,20.956859,105.9904776,community_centre,
1465122022,21.0792491,105.6940396,community_centre,Nhà văn hóa khu tập thể thú y
1466037191,21.0856969,105.9404629,marketplace,Chợ Baza
1466555491,21.0770097,105.8767361,marketplace,Chợ Đông Trù
1467088155,21.1390424,105.9418425,community_centre,Nhà văn hóa khu phố Đại Đình
1467996348,20.9283547,105.7895068,community_centre,Nhà văn hóa Thanh Hà
1468718944,21.047495,105.8426355,cafe,Phê La - Yên Phụ
1469033564,20.9840381,105.8667946,restaurant,Nhà hàng Anh Dũng
1471947695,21.0697507,105.8783824,cafe,Lãng Garden
1472572642,20.9442143,106.0064534,community_centre,
1473300995,20.9986296,105.8284546,restaurant,Bia hơi Hải Xồm
1474141781,21.072085,105.876188,cafe,Đông Trù Riverside
1475181234,21.1945775,106.0181188,community_centre,Khu văn hóa thể thao Phong Xá
1475181250,21.1942274,106.0171084,post_office,Bưu điện VHX Đông Phong
1475182471,21.2207836,106.0060988,community_centre,Nhà văn hóa thôn Trung Lạc
1475182473,21.2191764,106.0171893,community_centre,Nhà văn hóa thôn Thiểm Xuyên
1475483532,21.0561629,105.8694113,community_centre,
1476183929,20.9822442,105.9826011,marketplace,
1476203004,21.1662038,106.0000851,post_office,Bưu điện VHX Phú Lâm
1476211976,21.1682277,105.9787269,community_centre,Nhà văn hóa thôn Ân Phú
1476908971,21.0288854,105.9114829,restaurant,Tai Yang Thạch Bàn
1477395653,21.1922944,105.9272918,community_centre,Nhà văn hóa thôn Đức Lân
1477399104,21.1990695,105.9237911,post_office,Bưu điện VHX Yên Phụ
1477812253,21.1751872,105.9693951,community_centre,Nhà văn hóa thôn Đông Mai
1477812255,21.174607,105.9578348,community_centre,Nhà văn hóa thôn Phú Đức
1477812278,21.16597,105.9538553,community_centre,Nhà văn hóa thôn Thọ Khê
1477812281,21.1687941,105.9521951,community_centre,Nhà văn hóa thôn Thọ Vuông
1477812294,21.1692112,105.945818,community_centre,Nhà văn hóa thôn Đông Xuất
1478526803,21.0767721,105.8665726,community_centre,Nhà Văn Hóa Thôn Lại Đà
1478526806,21.0806448,105.8482894,community_centre,Nhà văn hóa thôn Xuân Canh
1478877767,21.1483281,105.9325618,community_centre,Nhà văn hóa khu phố Phù Khê Thượng
1478877769,21.1431525,105.9354489,community_centre,Nhà văn hóa Khu phố Phù Khê Đông
1478877779,21.1345482,105.9299731,community_centre,Nhà văn hóa Khu phố Nghĩa Lập
1478877787,21.1526062,105.9293621,post_office,Bưu điện phường Hương Mạc
1479765290,21.124804,105.9487352,community_centre,Nhà văn hóa khu phố Mới - phường Trang Hạ
1479800366,21.1221308,105.9386858,community_centre,Nhà văn hóa khu phố Đồng Phúc
1479833531,20.9237869,105.9591748,community_centre,Nhà văn hóa thôn Kim Ngưu
1480749968,20.9225554,105.963654,post_office,Bưu điện Tân Tiến
1480749969,20.9264945,105.9646664,community_centre,Nhà văn hóa Hòa Bình Hạ
1480749975,20.9314922,105.9653471,community_centre,Nhà văn hóa Hòa Bình Thượng
1480749979,20.9197875,105.9622411,marketplace,Chợ Châu
1480991325,20.9180534,105.9588357,community_centre,Nhà văn hóa thôn Đa Ngưu
1481077749,21.1702965,106.0010022,community_centre,Nhà văn hóa thôn Đông Phù
1481173165,20.992574,105.8400055,community_centre,Nhà Hội họp Khu dân cư số 7
1481281909,21.1381035,105.2999807,restaurant,Nhà hàng Quyết Còi
1481487712,20.9898961,105.8382989,fast_food,Nhà ăn HVQLGD
1481770885,20.995888,105.7438474,community_centre,Nhà văn hóa Tổ dân phố Tó
1481770886,20.9987404,105.7430525,marketplace,Chợ Tây Mỗ
1481770887,20.999973,105.7454696,community_centre,Nhà văn hóa Tổ dân phố Hạnh
1482440118,20.9710808,105.8349178,community_centre,Nhà văn hóa Đại Từ
1482440123,20.9704706,105.8326831,marketplace,Chợ Đại Từ
1482787841,20.9751367,105.8231366,community_centre,Nhà văn hóa Kim Văn
1482908223,20.9769046,105.8221453,community_centre,Nhà văn hóa Đại Kim
1482914844,21.1693581,105.9289836,marketplace,Chợ Văn Môn
1482914845,21.1669171,105.9261685,community_centre,Nhà văn hóa - Hội trường thôn Quan Độ
1482914849,21.1756476,105.9302234,community_centre,Nhà văn hóa thôn Phù Xá
1484793128,20.9770697,105.8505462,community_centre,Nhà hội họp tổ dân phố 28
1486254277,21.0136858,105.9357968,community_centre,Nhà văn hóa Tổ dân phố Thành Trung
1486542408,21.0038796,105.9665923,community_centre,Nhà văn hóa thôn Dương Đình
1486542409,21.0021695,105.9666725,post_office,Bưu điện Việt Nam
1486542428,21.0025223,105.9652519,community_centre,Nhà văn hóa Tổ dân phố Đường 5
1487538042,20.9521488,105.9951168,marketplace,
1487868530,20.93902,106.0023556,marketplace,
1488891317,20.9678555,105.8436687,community_centre,Nhà văn hóa làng Pháp Vân
1489079983,21.0817021,106.0065391,post_office,Bưu điện VHX Tri Phương
1489086987,21.23992,105.9952433,community_centre,Nhà văn hóa thôn Lạc Trung
1489086999,21.2460082,105.9980973,community_centre,Nhà văn hóa thôn Chân Lạc
1489087030,21.2265444,105.9458729,community_centre,Nhà văn hóa thôn Nguyệt Cầu
1489093273,21.1961254,105.9520994,bank,Agribank
1489328680,20.9748457,105.8828254,cafe,Beany Tea & Coffee
1489328681,20.9749463,105.8823865,fast_food,Cafe Ban Me
1489635531,20.9705482,105.8417959,bank,BIDV
1489635598,20.9758975,105.8460343,community_centre,Nhà văn hóa Giáp Nhị
1489799355,21.1208096,105.9642937,bank,Agribank
1491155167,20.9872626,105.8458202,community_centre,Nhà Hội họp Khu dân cư 8
1491569295,21.1434223,106.0190906,post_office,Bưu điện huyện Tiên Du
1491569297,21.1426032,106.0201917,bank,Ngân hàng Chính sách xã hội
1492235998,20.974752,105.8493953,community_centre,Nhà văn hóa Thịnh Liệt
1493877590,21.052557,105.8705906,community_centre,
1493915077,21.1142269,105.9294443,post_office,Bưu điện phường Châu Khê
1494626329,21.117066,105.9317665,community_centre,Nhà văn hóa Tổ dân phố Trịnh Nguyễn
1496794910,21.0489775,105.8412637,community_centre,
1497353878,21.0135017,105.8078413,marketplace,Chợ Láng Hạ
1497495682,21.0470535,105.8404551,cafe,Hermanos
1498073029,21.0443927,105.8383053,restaurant,Nhà hàng Nam Long
1499025659,20.9586886,105.9987153,bank,ABBank
1501058521,21.0717962,105.9178177,community_centre,
1501132441,21.1756392,105.9401596,community_centre,Trung tâm Thể thao Văn hóa thôn Bình An
1502920403,21.137088,106.0153716,community_centre,Nhà văn hóa thôn Duệ Đông
1502920406,21.1376505,106.0151465,marketplace,Chợ Duệ Đông
1507532536,21.0337344,105.7855567,community_centre,Tổ 26 phường Dịch Vọng
1507575311,21.0342491,105.7847713,community_centre,Tổ 20 phường Dịch Vọng
1507593278,21.0348917,105.7854851,community_centre,Tổ 21 phường Dịch Vọng
1507593296,21.0344741,105.7848732,marketplace,
1507593455,21.0326097,105.7867339,community_centre,Tổ 27 phường Dịch Vọng
1508726333,21.050461,105.7371245,marketplace,Chợ đầu mối Minh Khai
1508853244,20.8454083,105.8485877,community_centre,
1509740859,20.9779255,105.8183882,community_centre,Nhà văn hóa Kim Lũ
1509740863,20.978508,105.8158125,community_centre,Nhà văn hóa Kim Giang
1510220376,20.9687397,105.8713227,community_centre,Nhà văn chỉ Yên Duyên
1512139599,20.9949119,105.8748815,community_centre,Nhà văn hóa thể thao và sinh hoạt cộng đồng phường Vĩnh Hưng
1513537678,20.9971508,105.8741632,community_centre,
1514343043,20.8924391,105.9850635,bank,Agribank
1514343045,20.8892674,105.9851999,cafe,Mixue
1516389781,21.0109729,105.762939,marketplace,Chợ dân sinh Phú Đô
1517651030,21.0412628,105.9300228,community_centre,Nhà văn hóa Tổ dân phố số 7 + 8
1521190136,21.0349052,105.8203503,restaurant,Bia Đây 218 Đội Cấn
1524792867,21.1233692,105.9989149,bank,Agribank - Chi nhánh KCN Tiên Sơn - Bắc Ninh II
1524792876,21.1241735,105.998707,bank,VietinBank - Chi nhánh KCN Tiên Sơn
1524880490,20.9770341,105.8838562,community_centre,Nhà văn hóa Nam Dư Hạ
1524902076,20.980238,105.886703,marketplace,Chợ Cầu Nghè
1527121724,20.9839403,105.8754554,marketplace,Chợ Vĩnh Tuy
1527583717,21.0399117,105.9999536,community_centre,
1527583724,21.0273176,105.9933609,community_centre,Nhà văn hóa Tổ dân phố Đường 181
1528143733,20.7422296,105.9148452,bank,Quỹ Tín dụng nhân dân Phú Xuyên
1528441406,20.9871471,105.8798633,community_centre,Trung tâm Văn hóa Thể thao Đông Thiên
1528523828,21.0060658,105.9349998,community_centre,Nhà văn hóa Tổ dân phố Nông Lâm
1528523838,20.9719042,105.953707,community_centre,Nhà văn hóa Tổ dân phố Liên Cơ
1529746177,20.9910937,105.8532715,marketplace,Chợ Hoàng Mai
1531555829,20.7382527,105.913482,bank,GPBank
1531555833,20.7386688,105.9136396,post_office,
1531834673,21.0569542,105.8469456,cafe,
1533859382,20.966491,105.8360107,community_centre,Nhà văn hóa Thịnh Liệt
1536412232,21.061905,106.0159754,community_centre,Nhà văn hóa Tổ dân phố Đình Tổ
1537065073,21.0850035,105.9883555,marketplace,Chợ Đại Thượng
1537065074,21.086633,105.9875876,community_centre,Nhà văn hóa thôn Đại Thượng
1537065077,21.0865876,105.9992711,community_centre,Nhà văn hóa thôn Đại Vi
1537065079,21.0882753,105.9948244,community_centre,Nhà văn hóa Xóm Nổi
1537065081,21.0847982,105.9892507,community_centre,Nhà văn hóa Xóm Tiểu
1537065082,21.0896343,105.9840293,community_centre,Nhà văn hóa Xóm Giai
1537065084,21.0946938,105.9858981,community_centre,Nhà văn hóa Xóm Phan
1537065085,21.0969114,105.9851367,community_centre,Nhà văn hóa thôn Dương Húc
1537065087,21.0945875,105.9910197,community_centre,Nhà văn hóa Xóm Đa
1537065089,21.0961085,105.9888442,community_centre,Nhà văn hóa Xóm Giữa
1537065092,21.1025176,105.9804939,community_centre,Nhà văn hóa Tổ dân phố Trung Hòa Tân Hồng
1537065094,21.0970945,105.9806301,community_centre,Nhà văn hóa Xóm Tờ
1537470845,20.954456,105.8115799,marketplace,Chợ Cầu Bươu
1539776128,21.0033089,106.0166055,community_centre,Nhà văn hóa Tổ dân phố Liễu Khê
1540390036,21.2160779,105.9239804,marketplace,Chợ Yên Vĩ
1540390049,21.2202386,105.9735725,community_centre,Nhà văn hóa thôn Đông Thái
1540390051,21.2214615,105.9677254,community_centre,Nhà văn hóa thôn Đông Xuyên
1540390053,21.2157682,105.9746096,community_centre,Nhà văn hóa thôn Đông Thôn
1540390066,21.2327425,105.9330753,community_centre,Nhà văn hóa thôn Đoài
1540390070,21.2331251,105.9328883,marketplace,Chợ thôn Đoài
1540390071,21.2313483,105.9439805,community_centre,Nhà văn hóa thôn Như Nguyệt
1540935889,21.0882271,105.967617,community_centre,
1540935890,21.0858961,105.9701165,community_centre,Nhà văn hóa Tổ dân phố Rích Gạo
1541314407,21.0224609,105.8150901,marketplace,Chợ Thành Công B
1545925617,21.065504,105.7072127,bank,Ngân hàng Chính sách xã hội
1545925619,21.0659294,105.7072998,bank,Agribank
1545933449,21.2211384,105.9878858,community_centre,Nhà văn hóa thôn Chính Trung
1545933476,21.2003105,105.9770709,community_centre,
1546761141,20.9301869,105.8511223,marketplace,Chợ Lưu Phái
1547595460,21.1718782,105.9943847,community_centre,Nhà văn hóa thôn Giới Tế
1547599174,21.1395649,106.0066543,community_centre,Nhà văn hóa thôn Duệ Khánh
1549020131,21.1912814,105.9902947,community_centre,Khu Văn hóa - Thể thao Long Châu
1551235098,21.0216123,105.8989785,community_centre,
1551235101,21.017617,105.9173654,community_centre,
1551235104,21.0220424,105.9131147,community_centre,
1551323608,20.9819501,105.7998103,community_centre,Nhà văn hóa Xóm Chùa
1551903911,21.2551591,106.0116079,community_centre,Nhà văn hóa thôn Phú Cầm
1553343147,21.0434192,105.8414046,restaurant,Bò Tơ Quán Mộc
1555086499,21.0200122,105.8441975,bank,Vietcombank
1555124608,21.0419541,105.8399165,bank,SCB
1555370721,21.0240961,105.8543427,bank,MB
1560427350,21.0573896,105.8979629,community_centre,Trung tâm văn hóa thể thao Việt Hưng
1560427363,21.0569897,105.9019392,marketplace,Chợ Kim Quan
1560427368,21.0587225,105.9001321,community_centre,
1560442252,21.0555425,105.8899813,community_centre,
7112202,21.0345923,105.8503955,marketplace,Chợ đêm
11623141,21.0171532,105.8517902,marketplace,Chợ Hôm
16437918,21.0447858,105.7949172,marketplace,Trung tâm thương mại dịch vụ Nghĩa Đô
16712382,20.814965,105.3351612,community_centre,Cung Văn hóa tỉnh Hoà Bình
17292370,21.0312584,105.8175267,community_centre,Trung tâm Văn hóa Trung Quốc tại Hà Nội
20395208,21.108653,105.9718573,community_centre,Nhà văn hóa Tổ dân phố Nội Trì
21390344,21.0282599,105.8551753,community_centre,Cung Thiếu nhi Hà Nội
21421845,21.034132,105.8380374,restaurant,Hatoyama
21421854,21.0342136,105.8379595,restaurant,Thế Giới Hải Sản
21460910,21.0398871,105.7648873,post_office,Bưu điện Nam Từ Liêm
