id,lat,lon,amenity,name
442033041,21.000667,105.827072,school,Học Viện Không Quân
446031980,21.0080088,105.8035297,clinic,Trạm y tế Trung Hòa
449627267,20.9933127,105.8146824,school,Trường Trung học cơ sở Lương Thế Vinh
733355005,21.0403345,105.8027129,pharmacy,
977668016,21.0312946,105.8492864,pharmacy,
993037761,21.0282092,105.8478432,pharmacy,
1000087196,21.0269865,105.8359532,pharmacy,
1000087314,21.0268873,105.8361952,pharmacy,
1711389506,21.1415898,105.505791,library,Thư Viện Thị Xã
1868388078,21.2135023,105.7183857,school,Trường Trung học cơ sở Trưng Vương
1868388099,21.2063388,105.7184716,school,Trường Trung học cơ sở Thanh Lâm A
2093083282,21.0291095,105.8115454,university,Đại học RMIT - Cơ sở Hà Nội
2136318869,21.0662671,105.8234341,kindergarten,QSI School
2136318889,21.0675757,105.8206957,kindergarten,Trường Quốc Tế Morning Star
2366843089,21.0173388,105.8485752,pharmacy,
2545040271,21.0368161,105.7786463,dentist,Nha khoa Phương Anh 2
2874225019,20.9542742,105.8384237,hospital,Bệnh Viện Đa Khoa Thăng Long
3471347685,21.0453082,105.7994239,pharmacy,Nhà thuốc Hương Sen
3477864593,21.0078104,105.8125195,clinic,PKCK răng hàm mặt
3477864693,21.0080664,105.8120138,kindergarten,Trường Mầm non TT Kid's House
3541820070,21.0145412,105.8100527,pharmacy,Siêu thị thực phẩm chức năng GPCare
3541976046,21.0084204,105.8009261,pharmacy,Siêu thị thực phẩm chức năng GPCare
3541989300,21.0216211,105.8494073,pharmacy,Siêu thị thực phẩm chức năng GPCare - Cơ sở 3 - 65B Trần Hưng Đạo
3565070799,21.0276048,105.8478418,pharmacy,
3565070800,21.0404144,105.8461148,pharmacy,
3565070802,21.0279398,105.8478496,pharmacy,
3565070810,21.0266628,105.8477637,pharmacy,
3565070813,21.0268223,105.847816,pharmacy,
3565070815,21.0299202,105.847825,pharmacy,
3752331075,21.0492003,105.8400348,hospital,Paris Miki Vietnam
3885756534,21.2700814,105.7498147,school,Trường Trung học cơ sở Minh Trí
3945382405,21.2461978,105.5182179,hospital,Trạm y tế Xã Bình Dương
3975723726,21.03066,105.8416558,pharmacy,
4066099003,21.015075,105.8283547,kindergarten,Trường Mầm Non Magic Star
4172467091,21.0477596,105.8763271,school,Trung Tâm Tiếng Anh Apax
4183538421,21.0386664,105.8222128,school,Vietnamese class
4249866291,21.0428795,105.842622,clinic,Phú thọ
4275610311,21.0357843,105.8516586,pharmacy,Nha Thuoc
4280717795,21.0125914,105.863299,school,Du Học Và Học Tiếng Đức GFS
4282612490,20.9716686,105.8469294,doctors,Nha khoa Gia Phuong
4293898701,21.0170098,105.8550422,clinic,Phòng Khám Đa Khoa Dr. Binh Tele_Clinic
4364357791,21.0809519,105.9070833,dentist,Phong Kham Chuyen Khoa
4376715197,21.0408232,105.8079795,doctors,
4388714491,21.0367477,105.9103169,school,Trường Mầm Non Hoa Sữa
4413391793,21.0420107,105.8466043,dentist,
4484956794,21.003661,105.8153673,school,
4486357290,21.0197872,105.8162135,school,
4493605991,21.0053516,105.8027174,school,
4493605992,21.0070765,105.8008904,school,
4504307489,21.0100683,105.8052983,school,
4505332089,21.0272011,105.8182466,school,
4524261790,21.014042,105.9364028,school,
4531553592,21.0237687,105.830619,school,Trung Tâm Fablab Hanoi
4586483389,21.028221,105.8461238,dentist,Nha Khoa Minh Sinh
4627624090,20.9478625,105.5607071,doctors,
4631390666,21.0126114,105.8642926,kindergarten,Trường Mầm Non Hoa Thuỷ Tiên
4631390668,21.0120681,105.8653655,kindergarten,Trường Mầm Non Thăng Long
4640789192,21.00073,105.82658,doctors,Phòng khám Đông y Thiên Phúc Đường
4663069891,20.6739919,105.3161392,hospital,bệnh viện quân y 108
4685321091,21.0439833,105.8697692,library,nhà cô Xuân
4695677491,21.1965003,105.7726152,school,
4738219029,21.0338951,105.847097,pharmacy,
4749008081,21.073398,105.8507863,pharmacy,
4749011233,21.0208852,105.8393776,pharmacy,
4749012340,21.0143095,105.8516059,pharmacy,
4755943579,21.129625,106.0142616,school,Da Viet College
4755943818,21.0336787,105.8553045,school,
4799041123,21.1205311,105.8087741,doctors,
4841588838,21.0299072,105.8373948,doctors,
4849694923,20.9846039,105.7080898,school,Trường Tiểu Học An Thượng B
4935208321,21.018254,105.8514421,doctors,
4937715221,21.2567519,105.8679005,doctors,"Xuân Giang, Sóc Sơn"
4941327921,20.9529434,105.8351471,kindergarten,Trường Mầm Non Hoạ Mi
5007870721,20.9784452,105.7807449,doctors,Khám Chữa Bệnh Thu Hằng
5015817621,21.0354104,105.851923,pharmacy,
5047185876,21.3389355,105.2935548,clinic,pk103
5114631122,21.0355167,105.852076,pharmacy,
5132779523,20.9394689,105.7083802,college,Đại Học Sư Phạm Thể Dục Thể Thao
5164774422,21.0301932,105.8232621,library,
5234639026,21.313699,105.5956577,school,Trường PTTH Trần Phú
5243867642,20.9677609,105.7789877,hospital,Trung tâm y tế dự phòng quận Hà Đông
5252876722,21.3296217,105.4554668,school,Trương PTCS Đức Bác
5296714077,21.0357308,105.7318807,clinic,Trạm y tế Vân Canh
5296714078,21.0357119,105.7311405,kindergarten,Trường Mẫu Giáo Vân Canh
5300319721,21.3290462,105.3928995,kindergarten,Mầm non Ngọc Hoa
5317478036,21.013853,105.5254902,library,
5334888921,20.8435418,105.3446881,school,Trường Chính Trị Hòa Bình
5373998023,21.0321283,105.8545743,pharmacy,
5395341522,21.3777765,105.334764,pharmacy,Hoang Huong
5395412322,21.3802575,105.3357371,pharmacy,Quay Thuoc
5398016421,21.0286141,105.8097903,school,Tiếng Trung Cầm Xu - cs1
5398016422,21.0127184,105.8187317,school,Tiếng Trung Cầm Xu - cs2
5398647622,21.0348341,105.8535176,pharmacy,Nha Thuoc Pharmacy
5485724753,21.0230053,105.8010989,clinic,Trạm Y tế phường Láng Thượng
5485756221,21.0420911,105.7751887,dentist,Nha Khoa Ngân Phượng
5485756824,21.0420383,105.7755461,pharmacy,Nhà Thuốc Đức Đạt
5485810868,21.0020573,105.8414979,pharmacy,Nhà thuốc Long Tâm
5485850258,21.0380968,105.7929932,pharmacy,Nhà Thuốc Tâm An
5485875444,21.0364282,105.9058378,kindergarten,Trường Mầm Non Ngôi Sao Xanh
5570980322,21.2295745,105.8496026,school,
5620874321,20.921967,105.882146,hospital,
5662972422,21.0517639,105.8382808,kindergarten,Trường mầm non Ngôi sao sáng
5680517418,21.0221168,105.8045811,library,Thư viện Trường ĐH Ngoại thương
5719055431,21.1060193,105.4353058,pharmacy,
5758042025,21.0481579,105.8013581,school,Trung Tâm FabLab USTH
5808582515,21.0101268,105.8382699,hospital,Phòng khám Đa khoa Quốc tế Hà Nội
5808615965,21.0188553,105.8489799,clinic,Phòng khám cấy ghép tóc y học Quốc tế
5839478946,21.024432,105.8548261,hospital,Nhà hộ sinh A
5903106885,21.0097018,105.8384465,dentist,
5918208986,21.2352612,105.4652191,doctors,Hoàng Tuế
6184420091,20.9724351,105.6153764,school,Trường Tiểu học Nghĩa Hương
6184420092,20.9731091,105.6169237,school,Trung học cơ sở Nghĩa Hương
6184420093,20.9709659,105.6184057,kindergarten,Trường Mẫu giáo thôn Thế Trụ
6185334967,20.9727604,105.6144225,hospital,Trạm Y tế xã Nghĩa Hương
6516239586,20.9800852,105.7485758,kindergarten,Trần Quốc Toản
6533984894,21.0108295,105.8063185,pharmacy,
6546439434,21.1157392,105.9695917,school,Trường Mầm non Tân Hồng 1
6557784984,21.0361826,105.8159056,university,Đại Học Nguyễn Trãi
6579518990,21.0390471,105.8457264,dentist,Nha Khoa Hồ Hoàng Dũng
6579800157,21.0388525,105.8484596,kindergarten,Trường Mầm non Nắng Mai
6591599725,21.0510808,105.8409155,pharmacy,
6602744796,21.0562301,105.8053377,pharmacy,
6606208319,20.9823606,105.8206417,pharmacy,
6610502435,21.0774175,105.8171115,clinic,Phòng khám Sakura Hà Nội
6610502448,21.0784341,105.81827,pharmacy,
6611608566,21.024829,105.8447742,dentist,Nha khoa Thăng Long
6617292922,21.0004641,105.8281016,pharmacy,
6617476315,20.9928265,105.8291557,pharmacy,
6617524041,20.9939121,105.8308234,pharmacy,
6617524044,20.9932522,105.829884,pharmacy,
6617524050,20.9922844,105.8286662,pharmacy,
6617783879,21.0648287,105.8345972,pharmacy,
6617783883,21.0653574,105.8353275,pharmacy,
6617816054,21.0812864,105.8191283,pharmacy,
6617816055,21.0803156,105.8189104,pharmacy,
6617832732,21.0648693,105.834907,dentist,
6620581355,20.9887346,105.8321652,pharmacy,
6621395573,21.0524622,105.8378012,pharmacy,
6624622117,21.0677174,105.8261493,pharmacy,
6624906079,21.0679774,105.8259975,pharmacy,
6631682825,21.0811959,105.818795,dentist,Nha Khoa Ngọc Quý
6638268503,21.0541519,105.8399543,pharmacy,
6638268521,21.0524028,105.8405075,pharmacy,
6638268530,21.051844,105.8407402,pharmacy,
6638638930,21.0647161,105.8344558,pharmacy,
6638683464,21.0669944,105.8324629,pharmacy,
6638909106,21.076248,105.8153584,pharmacy,
6638973770,21.0325347,105.8210984,pharmacy,
6641564947,20.9908369,105.8311057,pharmacy,
6644157934,20.9852481,105.8344082,pharmacy,
6644607980,21.0814337,105.819021,pharmacy,
6644607982,21.0809876,105.8186321,pharmacy,
6644860767,21.0343632,105.772602,pharmacy,
6647336773,20.9916427,105.7388303,pharmacy,Nhà Thuốc Ngọc Thiệp
6647646643,20.9910936,105.7379593,pharmacy,Nhà Thuốc La Dương
6648357897,21.0016698,105.7475878,pharmacy,Nhà Thuốc Quang Minh
6651304041,21.0013799,105.7508004,pharmacy,Nhà thuốc Thu Hà
6651424324,21.001522,105.7466805,pharmacy,Nhà Thuốc GPP
6651744844,20.9957338,105.7463519,pharmacy,Nhà Thuốc Phong Phú
6651744845,20.9958403,105.7473658,pharmacy,Nhà Thuốc Yên Long
6651779534,20.9964287,105.74682,pharmacy,Nhà Thuốc Minh Hòa
6652529907,20.9634078,105.8278674,school,
6658324644,20.8686529,105.8413638,pharmacy,Quang Trung
6661539807,21.0035052,105.8368175,clinic,Vina Medical
6661596868,21.0668104,105.8320606,pharmacy,
6666485218,21.0620497,105.8347388,pharmacy,
6666518590,21.0618044,105.8349439,pharmacy,
6666528207,21.0652911,105.8799179,kindergarten,Z Kids Preschool
6667986240,21.0550417,105.8394936,pharmacy,
6668012730,21.0533146,105.8403017,pharmacy,
6668027758,21.0549385,105.8394031,pharmacy,
6670313470,21.0409754,105.8473706,pharmacy,
6670874098,21.0426013,105.8400314,clinic,Phòng Khám Chữa Bệnh
6672693226,21.0413385,105.7777373,pharmacy,
6672721649,21.0416722,105.7765687,pharmacy,
6677255983,21.0415993,105.7748584,pharmacy,
6677277095,21.0409854,105.7747136,pharmacy,
6677277096,21.0409904,105.7748263,pharmacy,
6677449287,21.0196752,105.8285885,pharmacy,
6677814758,21.0053541,105.8115531,pharmacy,Nhà Thuốc Quan Nhân
6679994487,20.9673538,105.8684594,school,
6689709221,21.0084743,105.8131309,pharmacy,
6703692087,21.0091683,105.8065419,school,
6707414399,21.034842,105.8262822,clinic,Phòng khám Nhi Khoa Đào Minh Tuấn
6742138877,21.0445477,105.8430685,pharmacy,Nha Thuoc Nhan Dan
6742139186,21.0463829,105.8421963,pharmacy,Nha Thuoc Tam Khang
6812118285,21.1391376,105.846746,kindergarten,
6818298688,21.0268963,105.8223999,pharmacy,Pharmacy Đức Long
6832269393,21.0430265,105.8427877,pharmacy,nha thuoc Hai Linh
6840536785,21.0295452,105.7663588,kindergarten,
6844634886,21.0339977,105.8470922,pharmacy,
6917933671,21.0555088,105.911482,pharmacy,
6917941503,21.0632092,105.9113028,pharmacy,
6917941617,21.0642009,105.9092476,dentist,
6924044054,21.06402,105.9110041,pharmacy,
6924044098,21.0645486,105.911575,school,Trung Tâm Tiếng Anh Apax
6932043361,21.0668866,105.9071312,pharmacy,
6986002485,20.6418829,106.0197119,kindergarten,Mẫu giáo Chuyên Ngoại
7003675089,21.0368676,105.8477553,pharmacy,
7146655409,21.3749377,105.8971833,school,Trường Trung học cơ sở Đông Cao
7147983915,21.3727094,105.896933,clinic,Trạm y tế Đông Cao
7162770779,21.0133229,105.8629404,pharmacy,
7178610152,21.3125798,105.5990732,library,
7178610153,21.3093714,105.5848467,school,Trường Trung học cơ sở Tích Sơn
7178615109,21.3127423,105.604966,library,Thư viện tỉnh Vĩnh Phúc
7178800218,21.1114502,105.876979,school,
7178804578,21.1120875,105.8766169,pharmacy,
7178806298,21.1120328,105.8761871,pharmacy,
7216744997,21.3580156,105.6361842,college,Trung cấp Quân khí I
7252086136,21.0621348,105.7807459,pharmacy,Sương Mai
7409549825,20.949577,105.7023699,school,Trường Tiểu học Phụng Châu
7409549828,20.9471543,105.7078282,hospital,Trạm Y tế Phụng Châu
7467256832,20.9807057,105.7874957,school,Trung Tâm Đào Tạo Quốc Tế CIE-PTIT
7893470217,20.918029,105.7011389,school,Trường Tiểu học Chúc Sơn A
7924687012,21.0190818,105.5517295,pharmacy,Quầy thuốc Hải Yến
8117482217,21.3510081,105.4058353,doctors,Tình - Thảo
8133093198,21.0130635,105.8283184,library,
8212608053,21.0007712,105.8415217,pharmacy,Nhà thuốc số 5 Long Tâm
8317321610,21.039913,105.7472566,hospital,Trung tâm Chăm sóc Sức khoẻ Người cao tuổi Hoa Sen - Lotus Care
8333089557,21.0712023,105.7724663,pharmacy,
8334779805,21.0140818,105.7774752,clinic,
8342175844,21.0774731,105.7742239,doctors,"nhom6,T01-13, phòng khám nhi"
8353950521,21.0720356,105.772888,pharmacy,Nhà thuốc Khánh Linh
8353950524,21.0719271,105.7728752,dentist,
8353977344,21.0716341,105.7727994,pharmacy,Nhà thuốc Thu Hương
8360208001,21.0651797,105.7628554,hospital,Nha Khoa
8360592553,21.0666562,105.7626155,pharmacy,Tâm Đức
8360897983,21.0895474,105.7855397,pharmacy,Nhà Thuốc Anh Phương
8361075490,21.083634,105.7759047,pharmacy,Nhà thuốc Minh Tâm
8363303881,21.0701293,105.7778531,pharmacy,
8442194667,21.0621946,105.780551,pharmacy,Nhà thuốc số 9
8446491627,21.0635276,105.7797944,pharmacy,
8447602002,21.0643,105.7795112,pharmacy,
8447602009,21.0652565,105.7793815,kindergarten,V34-Lớp mẫu giáo độc lập
8535593117,21.0328677,105.8199822,pharmacy,Nhà Hùng cao - 64A
8588635222,21.0472605,105.8140405,hospital,Phòng Khám Đa Khoa Medlatec
8589112743,21.0119082,105.8112697,library,Tủ sách Cái Giếng
8656339978,21.046682,105.7979547,dentist,Nha Khoa Phương Anh
8736400744,20.9891069,105.8441413,school,Trung Tâm Anh Ngữ ATEN
8823695658,21.048152,105.8011776,university,Trường Đại học Khoa học và Công nghệ Hà Nội
8823695659,21.0481017,105.8012606,university,Học Viện Khoa Học Và Công Nghệ
8855590422,21.0039199,105.8209508,clinic,Trạm Y tế phường Ngã Tư Sở
8860031363,21.0477677,105.7508232,library,Thư viện quận Bắc Từ Liêm
8934731542,21.0167687,105.8358901,pharmacy,Nhà Thuốc Anh Quốc
8937618770,20.9995824,105.8277831,pharmacy,Pharmacity
8957577167,20.9988127,105.8201338,pharmacy,Pharmacity
9005878157,20.9301336,105.8483459,hospital,Trung tâm tiêm ᴄhủng Fivevac
9028710907,21.3790737,105.7820376,school,
9028816111,21.38518,105.9267588,school,
9028816112,21.3851404,105.924274,school,
9028828725,21.3767272,105.8741176,school,
9028828727,21.3638581,105.8733504,school,
9028828729,21.3629983,105.8801425,school,
9028828730,21.3611152,105.8796147,school,
9028828732,21.3600292,105.8809031,school,
9028828733,21.3584845,105.8848079,school,
9028828739,21.3521038,105.8673589,school,
9028828742,21.3389249,105.867003,school,
9028828743,21.3382333,105.8681275,school,
9028828744,21.3375317,105.8670242,school,
9028841819,21.358598,105.8988113,school,
9028841825,21.3539473,105.8933424,school,
9028841826,21.3461885,105.9016833,school,
9109702917,21.0293821,106.0093056,college,Trường Đại học công nghiệp dệt may Hà Nội
9237323773,21.0234084,105.8903173,clinic,Điểm Y tế Long Biên
9237323781,21.0312284,105.8887908,pharmacy,Quầy thuốc
9555611949,20.992803,105.7979595,pharmacy,Pharmacity
9585108830,20.9928664,105.8017759,clinic,Phòng khám Đa khoa Medlatec - Thanh Xuân
9587000790,21.0020393,105.8090381,school,Trường Trung học cơ sở Phan Đình Giót
9587086998,21.0429241,105.870996,hospital,Bệnh Viện Đa Khoa Quốc Tế Bắc Hà
9587108041,20.9593241,105.7892698,school,Trường Tiểu Học Kiến Hưng
9587108043,20.960142,105.7884888,hospital,Trạm Y Tế Phường KIến Hưng
9587375641,21.0663701,105.8215935,school,Trường Song ngữ Quốc tế Horizon
9593179007,20.9763877,105.6570648,school,Trường Trung học cơ sở Đồng Quang
9593179911,20.9885853,105.6298325,school,Trường Trung học cơ sở Ngọc Mỹ
9593205907,20.8327881,105.6727844,school,Trường Tiểu học Trần Phú - Chương Mỹ
9593205909,21.0382704,105.6013637,school,Trường Trung học cơ sở Chàng Sơn
9593205912,21.0572783,105.6394053,school,Trường Trung học cơ sở Liên Hiệp
9593205913,21.1090263,105.554218,school,Trường Trung học cơ sở Phúc Hòa
9593207318,21.0128064,105.661131,school,Trường Trung học cơ sở Phượng Cách
9593207319,21.1450091,105.5808111,school,Trường Trung học cơ sở Xuân Phú
9593207321,21.0011075,105.4216912,school,Trường Trung học cơ sở Yên Trung
9593207325,21.0996924,105.6231537,school,Trường Trung học cơ sở Tam Thuấn
9593207326,21.0929001,105.6002498,school,Trường Tiểu Học Ngọc Tảo
9593207328,20.9172394,105.6480531,school,Trường Tiểu học Trường Yên
9593210625,21.0869391,105.5423717,school,Trường Trung học cơ sở Cẩm Yên
9593210626,20.9963204,105.5951111,school,Trường Trung học cơ sở Ngọc Liệp
9593210627,20.9957315,105.5956283,school,Trường Tiểu học Ngọc Liệp
9593210638,21.1502071,105.6204054,school,Trường Trung học cơ sở Vân Hà
9593210642,20.9950499,105.6459336,school,Trường Trung học cơ sở Quốc Oai
9593213817,21.1805272,105.6633905,school,Trường Trung học cơ sở Liên Mạc B
9593213818,21.1808212,105.6645148,school,Trường Tiểu Học Liên Mạc B
9593243319,21.202269,105.7716428,school,Trường Trung học cơ sở Quang Minh
9593243320,21.1742956,105.7323581,school,Trường Trung học cơ sở ĐạI Thịnh A
9593243321,20.7543026,105.9211944,kindergarten,Trường Mầm Non Nam Phong
9593243322,20.7577059,105.9252482,school,Trường Trung học cơ sở Nam Phong
9593243325,20.754872,105.7173045,school,Trường Trung học cơ sở Sơn Công
9593248613,20.6884518,105.8971981,school,Trường Trung học cơ sở Châu Can
9593248614,20.7777434,105.8289754,school,Trường Trung học cơ sở Tri Trung
9593258917,20.8496043,105.7576081,school,Trường Trung học cơ sở Kim An
9593258918,20.8500061,105.7579175,school,Trường Tiểu Học Kim An
9593258920,20.8487843,105.7573208,hospital,Trạm Y Tế Xã Kim An
9593258922,20.8428767,105.8741909,school,Trường Trung học cơ sở Quất Động
9593258926,21.0241425,105.6068301,school,Trường Trung học cơ sở Bình Phú
9593258927,20.9695372,105.6744848,school,Trường Trung học cơ sở Tân Hoà
9593258934,21.2011735,105.6265265,school,Trường Trung học cơ sở Vạn Yên
9593258935,20.9462179,105.5738941,school,Trường Trung học cơ sở Hòa Thạnh
9593258937,21.2180183,105.6555814,school,Trường Trung học cơ sở Tự Lập
9593258939,21.0053205,105.6608902,school,Trường Trung học cơ sở Yên Sơn
9593258940,20.9316968,105.6014942,school,Trường Trung học cơ sở Đông Yên
9593258943,21.0482113,105.5764802,school,Trường Trung học cơ sở Kim Quan
9593264117,21.247329,105.7900505,school,Trường Trung học cơ sở Hiền Ninh
9593264118,21.247173,105.7893638,school,Trường Tiểu Học Hiền Ninh
9593264120,20.6125262,105.7885173,school,Trường Trung học cơ sở Hương Sơn
9593264125,20.685289,105.810973,school,Trường Trung học cơ sở Hoà Lâm
9593264126,20.9209353,105.7903957,school,Trường Trung học cơ sở Cự Khê
9593264127,20.8604602,105.906146,school,Trường Trung học cơ sở Thư Phú
9593268461,21.1951001,105.8942978,school,Trường Trung học cơ sở Xuân Thu
9593268462,20.6697248,105.8662097,school,Trường Trung học cơ sở Kim Đường
9593268464,20.6232216,105.7984588,school,Trường Trung học cơ sở Hồng Quang
9593268467,21.269575,105.7493497,kindergarten,Trường mầm non Minh Trí
9593275046,20.8451165,105.7832103,school,Trương Trung học cơ sở Đỗ Động
9593275047,21.1701541,105.686468,school,Trường Trung học cơ sở Hoàng Kim
9593275054,20.8681462,105.8740491,school,Trường Trung học cơ sở Hà Hồi
9593285966,20.9016538,105.6974223,school,Trường Trung học cơ sở Đại Yên
9593285967,20.7440581,105.9090185,school,Trường Trung học cơ sở Thị Trấn Phú Xuyên
9593285968,20.7447054,105.9111869,school,Trường Trung học cơ sở Trần Phú - Phú Xuyên
9593285973,20.6847346,105.9270467,school,Trường Trung học cơ sở Đại Xuyên
9593285977,20.7484015,105.9316443,school,Trường Trung học cơ sở Nam Triều
9593285978,20.7481226,105.9323095,school,Trường Tiểu Học Nam Triều
9593285979,20.686848,105.6990683,school,Trường Trung học cơ sở Hợp Tiến
9593285980,20.8111691,105.8562015,school,Trường Trung học cơ sở Nghiêm Xuyên
9593285981,21.2384391,105.8062253,school,Trường Trung học cơ sở Quang Tiến
9593285983,20.8579258,105.7656571,school,Trường Nội Trú IVS Phía Bắc
9593298201,21.1729283,105.6515764,school,Trường Trung học cơ sở Chu Phan
9593334625,20.6394354,105.7632809,school,Trường Trung học cơ sở Hùng Tiến
9593334627,21.0736683,105.8029221,school,Trường Song Ngữ Quốc Tế Hanoi Academy
9593334628,20.9000386,105.8656598,school,Trường Trung học cơ sở Duyên Thái
9593334629,20.6832493,105.7588116,school,Trường Tiểu Học Hòa Nam
9593334633,20.7231669,105.9583953,school,Trường Trung học cơ sở Khai Thái
9593334634,20.7358527,105.8697523,school,Trường Trung học cơ sở Chuyên Mỹ
9593334636,21.177804,105.7268947,school,Trường Trung học cơ sở Trưng Vương - Mê Linh
9593334637,20.7619366,105.9554049,school,Trường Trung học cơ sở Hồng Thái
9593381048,20.9399567,105.6860081,school,Trường Tiểu học Tiên Phương
9593381050,20.8541499,105.7622413,school,Trường Tiểu Học Kim Bài
9593381054,20.7423908,105.8701668,school,Trường Trung học cơ sở Tân Dân - Phú Xuyên
9593381056,20.9691396,105.5905001,school,Trường Trung học cơ sở Tuyết Nghĩa
9593381057,21.0524228,105.627116,school,Trường Trung học cơ sở Dị Nậu
9593381058,20.9659976,105.4921398,school,Trường Trung học cơ sở Tiến Xuân
9593381059,21.0563149,105.576266,school,Trường Trung học cơ sở Liên Quan
9593381062,20.7738575,105.8499794,school,Trường Trung học cơ sở Văn Hoàng
9593381063,20.7737131,105.8500953,school,Trường Tiểu Học Văn Hoàng
9593386644,20.8462609,105.9097375,school,Trường Trung học cơ sở Chương Dương Thường Tín
9593474590,20.7606705,105.8837029,school,Trường Trung học cơ sở Quang Trung - Phú Xuyên
9593474595,20.7648116,105.7352232,school,Trường Trung học cơ sở Cao Thành
9593503718,20.7410367,105.8893817,school,Trường Trung học cơ sở Sơn Hà
9593503719,20.895559,105.7660825,school,Trường Trung học cơ sở Bình Minh
9593503720,20.6812229,105.758913,school,Trường Trung học cơ sở Hòa Nam
9593503721,20.7159808,105.896063,school,Trường Trung học cơ sở Vân Từ
9593503722,20.7676486,105.9033509,school,Trường Trung học cơ sở Minh Cường
9593503723,20.767801,105.9038595,school,Trường Tiểu Học Minh Cường
9593503727,20.8594302,105.916156,school,Trường Trung học cơ sở Tự Nhiên
9593503728,20.7770024,105.9087846,school,Trường Trung học cơ sở Vạn Điểm
9593503729,20.7060288,105.7661888,school,Trường Trung học cơ sở Vạn Thái
9593515309,20.7123322,105.8360582,school,Trường Trung học cơ sở Đồng Tân
9593515311,20.8612009,105.731516,school,Trường Tiểu học Hoàng Diệu - Chương Mỹ
9593515313,20.9502032,105.8304206,school,Trường Trung học cơ sở Tam Hiệp
9593515314,20.6946744,105.8984543,school,Trường Trung Học Cơ Sở Phú Yên
9593533119,21.1490993,105.7409966,school,Trường Trung học cơ sở Tráng Việt
9593533120,20.8706993,105.8657226,school,Trường Trung học cơ sở Thị Trấn Thường Tín
9593533123,20.7814135,105.8824468,school,Trường Trung học cơ sở ĐạI Thắng
9593560394,20.6482088,105.8046617,school,Trường Trung học cơ sở Lưu Hoàng
9593574430,21.017939,105.8277592,school,Trường Trung học cơ sở Tô Hiến Thành
9593623730,20.9119634,105.7629655,school,Trường Trung học cơ sở Bích Hoà
9593623734,21.0380074,105.7468965,college,Cao đẳng FPT Polytechnic
9593623735,20.6694247,105.7046601,school,Trường Trung học cơ sở Hợp Thanh
9593623738,20.7959441,105.7837649,school,Trường Trung học cơ sở Hồng Dương
9593623741,20.6721191,105.7637165,school,Trường Trung học cơ sở ĐạI Hưng
9593623744,20.7141992,105.7370983,school,Trường Trung học cơ sở Xuy Xá
9593662286,21.267398,105.7477398,school,Trường Tiểu Học Minh Trí
9593662287,20.7590961,105.8315263,school,Trường Trung học cơ sở Hoàng Long
9593662288,20.891206,105.8248781,school,Trường Trung học cơ sở Khánh Hà
9593662290,20.9072684,105.6430746,school,Trường Trung học cơ sở Trung Hòa - Chương Mỹ
9593662296,20.9833028,105.6023776,school,Trường Trung học cơ sở Liệp Tuyết
9593662297,20.9831586,105.6020987,school,Trường Tiểu Học Liệp Tuyết
9593662298,21.0810149,105.5090267,school,Trường Trung học cơ sở Sơn Đông
9593662300,20.9933503,105.6285474,school,Trường Tiểu Học Ngọc Mỹ
9593662303,20.9838307,105.5286359,school,Trường Trung học cơ sở Thạch Hòa
9593662304,20.9830935,105.5289264,school,Trường Tiểu Học Thạch Hòa
9593853980,21.1469054,105.5999459,school,Trường Trung học cơ sở Vân Nam
9593853984,21.0707533,105.5580081,school,Trường Trung học cơ sở Lại Thượng
9593853985,21.0164989,105.5817488,school,Trường Trung học cơ sở Cần Kiệm
9593853989,20.9615714,105.5260765,school,Trường Trung học cơ sở Đông Xuân
9593853990,20.9713245,105.5657088,school,Trường Trung học cơ sở Phú Cát
9593862339,20.8983878,105.8868896,school,Trường Trung học cơ sở Ninh Sở
9593862340,21.2299403,105.8764094,school,Trường Trung học cơ sở Đức Hòa
9593862345,21.2054166,105.8916867,school,Trường Trung học cơ sở Kim Lũ
9593862346,20.7922074,105.8300161,school,Trường Trung học cơ sở Hồng Minh
9593862348,20.629107,105.7786677,school,Trường Trung học cơ sở Đốc Tín
9593862349,20.7922734,105.7152179,school,Trường Trung học cơ sở Viên Nội
9593862350,20.7927299,105.7150278,school,Trường Tiểu Học Viên Nội
9593862351,20.8272193,105.7701558,school,Trường Trung học cơ sở Phương Trung
9593887404,20.8116832,105.7615899,school,Trường Trung học cơ sở Cao Dương
9593887408,20.815862,105.7777016,school,Trường Trung học cơ sở Dân Hoà
9593887410,20.9652468,105.7083767,school,Trường Trung học cơ sở ĐạI Thành
9593887411,20.6729455,105.7797599,school,Trường Trung học cơ sở Hòa Phú
9593887412,20.839722,105.7617391,school,Trường Trung học cơ sở Kim Thư
9593887413,21.2432096,105.7412949,school,Trường Trung học cơ sở Tân Dân
9593887414,20.816911,105.8246975,school,Trường Trung học cơ sở Liên Châu
9593887416,20.8810795,105.7850398,school,Trường Trung học cơ sở Tam Hưng
9593919772,20.6485724,105.8178124,school,Trường Trung học cơ sở Đội Bình
9593919775,20.7944843,105.8453197,school,Trường Trung học cơ sở Phượng Dực
9593919783,21.1641666,105.7307719,school,Trường Tiểu Học Mê Linh
9593919784,20.7878245,105.8896448,school,Trường Trung học cơ sở Văn Tự
9593926218,20.6496959,105.8808937,school,Trường Trung học cơ sở Đông Lỗ
9593958093,20.6933537,105.7551511,kindergarten,Trường Mầm Non Hòa Xá
9593958094,20.6946909,105.7562532,school,Trường Trung học cơ sở Hòa Xá
9593958095,20.693807,105.7554593,school,Trường Tiểu Học Hòa Xá
9593958098,21.13222,105.7775309,kindergarten,Trường Mầm Non Kim Chung
9593958108,20.7374572,105.7420573,school,Trường Trung học cơ sở Đồng Tiến
9593975501,20.777841,105.7026375,kindergarten,Trường mầm non Mỹ Thành
9593975504,20.766751,105.7670327,school,Trường Trung học cơ sở Trường Thịnh
9625606922,20.9614121,105.8451038,pharmacy,Nhà máy Hoàng Liệt - Công ty Cổ phần Traphaco
9658535627,20.9992267,105.8141044,hospital,Thu Cúc TCI Thanh Xuân
9788576207,21.0511017,105.790782,hospital,Trung tâm Nghiên cứu và Ứng dụng Y học cổ truyền CTA
9803314653,21.0366539,105.903684,school,Trường Trung cấp Quang Trung
9803314654,21.0371908,105.9039035,school,Trường Trung học phổ thông Tây Sơn
9875885617,20.984612,105.7928536,hospital,Bệnh viện Tuệ Tĩnh
9894642703,20.9918025,105.6791977,school,Trường trung học cơ sở Vân Côn
9894644804,20.9958998,105.6733845,school,Trường tiểu học Vân Côn
9931481408,21.0352028,105.8495065,pharmacy,Pharmacity
9931488173,21.0649262,105.8293526,kindergarten,
9931504436,21.0311148,105.8485622,pharmacy,
9931523211,21.001014,105.8415399,pharmacy,
9931530762,21.0031938,105.8415923,pharmacy,
9931536200,21.0276819,105.8361233,kindergarten,
9931539949,21.063485,105.8316422,kindergarten,
9976440313,21.010763,105.8328549,kindergarten,Trường Mẫu giáo Thủy Tiên
10019105710,20.9777275,105.9018259,hospital,
10048614528,21.0400027,105.741891,university,Trường Đại học Công nghệ Đông Á
10081741321,20.9705795,105.829829,pharmacy,Pharmacity
10086502383,20.9904032,105.8011202,pharmacy,Nhà thuốc Minh Tiến
10114776476,21.0132962,105.8270963,pharmacy,Nhà thuốc Long Châu
10114776477,21.0127934,105.8279915,pharmacy,
10114776478,21.0124542,105.8287138,pharmacy,
10166537628,21.0689223,105.7616027,hospital,
10166537644,21.067189,105.7617077,pharmacy,
10166537646,21.0668185,105.7623933,pharmacy,
10213910252,21.0799477,105.7736253,clinic,Trạm y tế phường Đức Thắng
10213960326,21.0799423,105.7732101,dentist,Nha Khoa Minh Đức 130
10213962935,21.0805879,105.7732071,pharmacy,Nhà thuốc Đức Huy152
10223164765,21.0161255,105.7240109,pharmacy,
10224831956,21.0406069,105.7812456,dentist,Phòng khám Đại học Y Dược
10248628277,21.0417049,105.7814123,dentist,7S Dental
10248628295,21.0416695,105.7822704,pharmacy,Nhà thuốc Hoàng Minh
10255177791,21.0741716,105.7751798,pharmacy,Nhà thuốc 24/7
10255708072,21.0718892,105.7729866,pharmacy,thuốc sâu răng
10255708089,21.0709063,105.7770491,pharmacy,Nhà thuốc Đức Huy 152
10257020096,21.0774119,105.7741767,pharmacy,Lá nam Acnes
10258564238,21.0727342,105.7729043,pharmacy,Nhà thuốc Đức Huy 152
10262933711,21.0743589,105.7736738,pharmacy,Thuốc Trị nám sau sinh
10262933712,21.0741407,105.7738155,pharmacy,Nhà Thuốc Linh Lan
10262933713,21.0741607,105.7737146,pharmacy,Nhà Thuốc Trinh Tâm
10316420839,20.9920389,105.8166469,hospital,Trạm y tế Khương Hạ
10621408641,21.0233951,105.8089129,school,Vinschool Nguyễn Chí Thanh
10678143866,21.0133844,105.5234537,school,Trường Trung học phổ thông FPT
10678163534,21.014784,105.5254653,library,Thư viện ĐH FPT
10728950805,21.0432388,105.8428799,pharmacy,
10817737098,20.7784646,105.8306731,school,Trường Mầm non Xã Tri Trung
10817737099,20.7778978,105.8313195,school,Trường Tiểu học Tri Trung
10821779874,21.0426488,105.8320912,clinic,
10833318887,21.079464,105.819008,school,Trường Trung học phổ thông Phan Chu Trinh
10845878391,20.8039104,105.8581771,school,Trường Mầm non Trung tâm Xã Nghiêm Xuyên
10845878393,20.80378,105.8593787,clinic,Trạm Y tế xã Nghiêm Xuyên
10846785313,21.0485786,105.8072874,pharmacy,
10848069827,21.048355,105.8084693,pharmacy,Nhà thuốc Đức Huy
10855401102,20.9245983,105.8885189,hospital,
10855443211,20.924333,105.8908793,hospital,Nhà thuốc đông y Bùi Tộc
10893013859,20.991372,105.7974652,university,Trường Đại học Giáo dục - ĐHQGHN
10893013871,20.9908736,105.7965721,hospital,Bệnh viện Đại học Quốc gia Hà Nội
10950095905,21.0171371,105.8500518,pharmacy,132 Bà Triệu
10969246205,21.0175857,105.8493886,pharmacy,
10976263692,21.0319516,105.7869939,university,Trường Đại học Tài chính - Ngân hàng Hà Nội
10976890605,20.9994787,105.7992324,school,Câu lạc bộ Toán Hà Nội HMC
10979898092,21.0179015,105.9646784,school,Trường Trung học phổ thông Tô Hiệu - Gia Lâm
10979898123,21.2261029,105.7614496,school,Trường Trung học phổ thông Mạc Đĩnh Chi
10980030548,21.1119006,105.832821,school,Trường Trung cấp Y - Dược Cộng đồng Hà Nội
10980030588,21.0520846,105.783431,school,Trường Trung học phổ thông Nguyễn Huệ
10980030602,21.0519384,105.7836371,school,AMIS Hoàng Quốc Việt
11082608292,21.0211868,105.856883,kindergarten,Trường Mẫu giáo Măng Non
11093672139,21.2325879,105.3572543,dentist,Nha Khoa Nụ Cười
11104405789,21.0334322,105.7714164,hospital,Bệnh viện Quốc tế Dolife
11167471086,21.0287756,105.7936974,pharmacy,Nhà thuốc Trường Hương
11168859051,21.0459223,105.8049397,doctors,
11169202590,21.0662593,105.7819381,hospital,Duck's Hospital
11190957339,21.0576234,105.7836205,hospital,Tram Xa Co Nhue
11211915128,21.0127084,105.8323841,pharmacy,Nhà thuốc Anh Đức
11212149495,21.0098503,105.8361196,pharmacy,Nhà thuốc Nam Cường
11212149521,21.009151,105.8350212,dentist,Nha khoa Mỹ
11212216788,21.0095931,105.835106,dentist,Nha khoa Khanh
11226865498,21.0471298,105.7831976,pharmacy,Quầy thuốc Bảo An số 1
11227192940,21.0491115,105.7840464,pharmacy,Nhà thuốc Bắc Thu
11240619610,21.0368134,105.7854064,library,Vườn Tri Thức Việt
11263842280,21.0151296,105.8329247,dentist,VIP Dentist
11277792302,21.0149611,105.8317062,dentist,Nha khoa Thu Hương
11278791060,21.0141402,105.8337352,dentist,Nha khoa Medita
11281683476,21.0153155,105.8316307,pharmacy,Nhà thuốc Hằng Anh
11286510046,21.0173423,105.8315949,pharmacy,Nhà thuốc số 9
11286510059,21.0171099,105.8315055,dentist,Nha khoa Thái Hà
11286564281,21.0171081,105.8315771,dentist,Nha khoa Sunshine
11295778637,21.0170633,105.8318618,pharmacy,Nhà thuốc Bảo Phúc II
11301620141,21.01467,105.8342538,pharmacy,Nhà thuốc Hải Anh
11357953726,20.9892713,105.9448093,library,
11359776167,20.8152908,105.3352506,library,Thư viện tỉnh Hoà Bình
11389436631,21.0047947,105.7396842,pharmacy,Nhà thuốc Hải Phương
11389939281,21.0080335,105.7321817,kindergarten,Red Bean Kindergarten
11395688196,21.0052498,105.7331109,kindergarten,Mầm non VietHome
11395688197,21.005128,105.73304,kindergarten,Trường Mầm non Lapland Hà Nội
11395688198,21.0051332,105.7337171,kindergarten,Finland Preschool
11395688199,21.0052203,105.7338429,kindergarten,Little Friends 5 Preschool
11395688304,21.0076518,105.7309521,kindergarten,Mầm non Edison
11429136742,20.7763227,105.8283176,school,Trường Trung học phổ thông Nguyễn Bỉnh Khiêm
11429136743,20.7770174,105.8290392,clinic,Trạm y tế xã Tri Trung
11463191466,21.0131453,105.8503271,dentist,Dr. Lee
11463192511,21.0129963,105.8500647,clinic,Phòng khám quốc tế Diosa
11463192513,21.0129415,105.8500083,clinic,Phòng khám Nha khoa & Thẩm mỹ Quốc tế DND
11478463716,21.0124172,105.8497188,dentist,Phòng khám chuyên khoa Răng Hàm Mặt
11482335148,21.012547,105.8492757,kindergarten,Trường Mầm non Sao Sáng
11500070707,21.0149411,105.8508795,pharmacy,Nhà thuốc Phương Chính
11505669794,21.0139652,105.8508884,pharmacy,Nhà thuốc Hồng Đăng 5
11510383977,21.0148863,105.8498046,clinic,ASEAN Institute Clinic
11513441569,21.0250692,105.8325824,pharmacy,Vaccination Centre
11521920509,21.0350276,105.8105443,pharmacy,Nhà Thuốc An Pharmacy
11521920513,21.0371542,105.8107149,school,Toán Trí Tuệ Superbrain Ba đình
11521920522,21.0346799,105.8127952,pharmacy,Nhà Thuốc Hiệp Oanh
11521920523,21.0357856,105.8130038,pharmacy,Nhà thuốc Đức Hạnh
11534643042,21.0135845,105.8497577,pharmacy,Nhà thuốc Hà Thu
11563334819,21.0459014,105.7853134,doctors,Phòng khám da liễu Hà Nội
11563368963,21.0459009,105.7857108,doctors,Janhee International Clinic
11563448508,21.0455098,105.7844435,pharmacy,Nhà thuốc Hưng Gia
11563520040,21.0451889,105.7854091,kindergarten,Mầm non Nắng Ban Mai
11563562487,21.0440937,105.7862641,doctors,X-Quang Răng
11564316622,21.0450689,105.7845613,pharmacy,Nhà thuốc Thành Duy
11564660315,21.0450407,105.7862246,dentist,Nha khoa Thiên Ý
11568935719,21.0427024,105.7860905,pharmacy,Pharmacity
11571556923,21.0439107,105.784675,kindergarten,Mầm non NASA
11571556932,21.0433255,105.7854321,pharmacy,DUO Care
11571556933,21.0433003,105.7854653,kindergarten,Mầm non Happy School
11572142329,21.0418006,105.7864637,dentist,Phòng khám Thành An
11584418374,21.0453359,105.7832227,doctors,Thẩm mỹ Hoàng Tuấn
11586911184,21.0448586,105.7844237,dentist,EZ Dental
11586911185,21.043525,105.7861166,pharmacy,Nhà thuốc Triệu Tân
11591201347,21.0131145,105.8480409,dentist,Miley Dental
11591740416,21.0153266,105.8495812,dentist,Global Dental
11591853849,21.0018973,105.7512096,hospital,Trạm y tế phường Tây Mỗ (Cơ sở 2)
11591859671,21.0016599,105.7507217,pharmacy,Nhà thuốc Long Châu
11595494029,21.0161793,105.8493574,clinic,Trạm Y tế phường Nguyễn Du
11601353636,21.0168006,105.849466,hospital,Bệnh viện Mắt Kỹ thuật cao Hà Nội
11609354508,21.040515,105.7851278,clinic,
11609443059,21.0379689,105.7828716,university,Đại học Kinh tế
11609443060,21.0378978,105.7824482,university,Đại học Luật
11609443061,21.0382738,105.7824572,university,Đại học Công nghệ
11609590538,21.040311,105.7816961,university,Trường Đại học Y Dược
11615961407,21.0158219,105.8500021,clinic,Phòng khám YC Việt Nam
11615961408,21.0157638,105.8500062,dentist,Hệ thống Nha khoa Medlatec
11615961411,21.0154728,105.8499981,clinic,Phòng khám Da liễu HD
11618650222,21.0375591,105.7811491,dentist,Phòng khám Đại học Y Dược
11625397936,21.0145775,105.8502987,hospital,Bệnh viện Mắt Việt Nhật
11625397941,21.0143514,105.8508573,kindergarten,Winston International School
11633344434,21.0453505,105.8687308,pharmacy,
11633344436,21.0452376,105.8686138,dentist,
11633344443,21.0451298,105.8683676,pharmacy,Nhà thuốc Thiện
11633344444,21.0450924,105.8683011,dentist,Nha Khoa Hà Tín
11633344447,21.0455907,105.8685099,dentist,Nha khoa Phú Mỹ Hưng
11645202369,21.1249081,105.7616793,doctors,
11652210369,21.1018353,105.959973,school,Trường Mầm Non Lý Công Uẩn
11655061819,21.0414688,105.7869775,pharmacy,Bách Vương Thảo
11655143936,21.037204,105.8516154,pharmacy,Pharmacy Hong Dang 5
11659472567,21.0408003,105.8689592,school,Mind X Technology School
11672849009,21.0098826,105.8505521,pharmacy,Nhà thuốc Phương Chính
11675985425,21.0390173,105.8470388,dentist,Phòng khám Tràng An
11683961268,21.039512,105.8472708,clinic,Điểm Y tế Hàng Mã
11685045522,21.0096816,105.8512894,clinic,Dr. Allen Chiropractic
11685045539,21.0095477,105.8508597,pharmacy,Nhà thuốc Phương Chính
11697674103,21.0102575,105.8513542,dentist,Nha khoa Parkway
11765328709,20.8029231,105.9334068,clinic,Trạm y tế xã
11772806569,21.0276281,105.845955,pharmacy,Thu hương
11829544970,21.040574,105.8455292,pharmacy,Nhà thuốc giao phong
11843102682,21.0326597,105.8469715,school,Trường Mầm Non Hoa Hồng
11846880571,21.0324825,105.7878122,pharmacy,Dược Lào Cai
11864413515,21.0427278,105.8442912,pharmacy,Nhà Thuốc An Tâm
11882973176,21.0040429,105.7496348,hospital,Bệnh viện Hữu nghị Quốc tế Hà Nội
11904622243,20.9660304,105.7803043,dentist,Golden Sea Dental - Nha Khoa số 1 Hà Đông
11927269258,20.9614938,105.7898178,school,Trường Tiểu học & Trung học cơ sở Hà Nội - Thăng Long
11927399098,20.9609462,105.789599,school,Trường Trung học phổ thông Xa La
11929783369,21.0365517,105.8466192,pharmacy,Nhà Thuốc Đức
11943714035,21.0328695,105.7624123,university,Trường Đại học Việt Nhật (VJU)
11949875397,21.0135889,105.8209988,hospital,Bệnh viện đa khoa Nông nghiệp 2
11957694776,20.9987704,105.745036,dentist,Vũ Gia Dental Lab
11974253905,21.0555186,105.7798241,kindergarten,Trường Mầm non Việt Mỹ
12000027489,21.0471714,105.8458691,hospital,Bệnh viện Đa khoa Hoè Nhai - Cơ sở 2
12015164552,21.0314507,105.762243,college,Trường Trung cấp Thủ đô
12035280084,21.0144088,105.7823979,kindergarten,Sakura Montessori
12050985875,21.0443011,105.8460037,pharmacy,Chuyên bán lẻ thuốc thành phẩm
12065631392,21.010206,105.8024296,kindergarten,Amy School
12067202478,20.9891467,105.7913264,kindergarten,Trường Mầm non Phùng Khoang
12069445484,20.9236804,105.7285857,college,Trường Trung cấp Cầu đường và Dạy nghề - Binh đoàn 12
12091542206,21.0310711,105.8346229,pharmacy,
12109655159,21.1098618,105.5545,school,Trường Tiểu học Phúc Hòa
12135053693,20.9789324,105.7751087,hospital,Trạm y tế Phường Vạn Phúc
12135138931,20.9142306,105.7675581,school,Trường Tiểu học Bích Hoà
12164978601,21.0157708,105.8502788,doctors,Dongbang Medical Group
12188220613,21.0295835,105.7924232,pharmacy,Nhà Thuốc An Bình Số 8
12189275702,21.0340701,105.8444116,kindergarten,Vườn Trí Tuệ
12203469051,21.0311974,105.7628725,college,Trường Cao đẳng Đại Việt
12213825778,21.0050564,105.7775958,kindergarten,Trường mầm non Mễ Trì
12321850801,21.0555046,105.7304875,clinic,VNVC Phố Nhổn
12432303401,21.0247631,105.7715702,clinic,Phòng khám Tai Mũi Họng 789
12434838530,21.0286071,105.8441673,pharmacy,Guardian
12508564054,21.0030745,105.7507524,school,Trường Cao đẳng Y Hà Nội (cơ sở Phú Thứ)
12508979547,21.0852266,105.789863,kindergarten,Lớp Mầm non Cuộc sống xanh (Green Life Preschool)
12512351401,20.661538,105.9777461,school,Trường Trung học cơ sở Châu Giang
12513712433,21.0292067,105.859018,school,Trường Trung học phổ thông Đinh Tiên Hoàng - Ba Đình (Phố Chương Dương Độ)
12533006070,21.0303792,105.8471177,pharmacy,Pharmacity
12550977801,21.0511717,105.8407884,pharmacy,
12552961450,20.9776379,105.7592004,kindergarten,Trường Mầm non HappyTime - Cơ sở 2
12552981505,21.0074703,105.8223842,school,Trường Trung học phổ thông Anhxtanh Hà Nội
12558502901,21.0575046,105.8384527,kindergarten,
12573506643,21.0382596,105.7826979,university,Tòa E3 - Đại học Công Nghệ
12582267437,21.0358499,105.7849025,kindergarten,Lớp mầm non độc lập tư thục Việt Mỹ (American Montessori School)
12585048508,21.0352504,105.8201954,pharmacy,Pharmacity
12595245152,20.9870173,105.8302519,school,Hệ thống giáo dục May Academy
12597080227,21.067468,105.7354806,kindergarten,Trường Mầm non Tây Tựu - Cơ sở 3
12621772111,21.0115478,105.8104566,hospital,Bệnh viện mắt Sài Gòn Hà Nội 1
12627388275,21.0515245,105.7821056,school,Trường Cao đẳng nghề Nguyễn Trãi
12627838504,21.0513286,105.7819935,school,Trường Trung học cơ sở - Trung học phổ thông Hà Thành
12633497362,21.0353965,105.8504505,school,Trường Tiểu học Hồng Hà
12638263913,21.0654974,105.8015635,school,Lớp mẫu giáo độc lập Lá Phong Xanh
12645416780,21.0563409,105.7470725,school,Trường Cao Đẳng Kinh Tế Công Nghệ Hà Nội
12655533120,20.9932943,105.7783512,kindergarten,Lớp mầm non độc lập Vườn Hồng
12655589944,20.9934243,105.7784611,kindergarten,Lớp mầm non tư thục Xứ sở thần tiên
12662434904,21.0176476,105.7907472,kindergarten,Lớp mầm non độc lập Lá Phong Xanh
12768042019,21.0446809,105.7417518,college,Trường Cao đẳng Ngoại ngữ và Công nghệ Hà Nội (Cơ sở 2)
12768043526,21.0443049,105.7528429,college,Trường Cao đẳng Ngoại ngữ và Công nghệ Hà Nội (Cơ sở 1)
12786296775,20.9826387,105.7546334,kindergarten,Lớp mầm non độc lập Khai Minh Đức
12787454663,20.984948,105.7756599,school,Trường Trung học phổ thông Lê Hồng Phong
12827765013,21.0530608,105.7845722,college,Trường Cao đẳng Y dược và Kinh tế Công nghệ
12836590802,20.9784317,105.7819623,kindergarten,Trường Mầm non Búp Sen Hồng
12841614502,21.0127133,105.8033517,dentist,Dental 365
12843437700,21.0702286,105.5522597,kindergarten,Trường Mầm non Lại Thượng
12846325975,20.9501409,105.8308462,school,Trường Tiểu học Tam Hiệp
12855851469,21.0152071,105.7805396,kindergarten,Trường Mầm non Lômônôxốp
12857790361,20.9935153,105.7921977,kindergarten,Casa Dei Piccioni
12873445643,21.0380687,105.7466523,school,Phổ thông Cao đẳng – FPT Polytechnic Hà Nội (Cơ sở 1)
12873469692,21.0412566,105.751144,school,THPT FPT Tây Hà Nội - FPT Tây Hà Nội High School
12873469697,21.0365344,105.903586,school,Phổ thông Cao đẳng – FPT Polytechnic Hà Nội (Cơ sở 2)
12873469698,20.9614029,105.7633591,school,Phổ thông Cao đẳng – FPT Polytechnic Hà Nội (Cơ sở 4)
12890263429,20.9857985,105.7777515,kindergarten,Trường Mầm non Shining Star
12905142196,21.0642238,105.722701,school,Trường Trung học phổ thông Việt Hoàng
12905277801,21.0646262,105.7228753,school,Trường Tiểu học và Trung học cơ sở Unigo
12912125108,20.9819253,105.7843591,kindergarten,Trường Mầm non Mỗ Lao (cơ sở 2)
12913952632,20.9792091,105.7846683,kindergarten,Trường Mầm non Mỗ Lao (cơ sở 1)
12919274126,20.9398736,106.0037325,pharmacy,
12965560710,20.9870474,105.9434573,university,Trường Đại Học VinUni
12999257910,20.9954672,105.7560256,hospital,Trạm y tế phường Tây Mỗ (Cơ sở 1)
13031058589,20.9543419,105.9910318,clinic,Trạm y tế xã Nghĩa Trụ
13038657781,20.9320549,105.95208,pharmacy,Quầy Thuốc Bạch Mai 9999
13041251910,20.9361258,105.9601775,pharmacy,Quầy Thuốc Văn Oanh
13041538591,21.1486599,105.9572918,college,Trường Cao Đẳng Công Nghệ Bắc Hà
13058303799,20.9834045,105.7726713,university,Trường Đại học CMC (Cơ sở 2)
13071951996,21.1661555,105.6712271,school,Trường mầm non Thạch Đà B
13071951997,21.1657953,105.6729008,school,Trường tiểu học Thạch Đà B
13071969304,21.1697307,105.6777138,school,Trường Trung học cơ sở Phạm Hồng Thái
13072684318,21.0315303,105.7730291,school,Trường Cao đẳng Y Hà Nội (cơ sở Mỹ Đình)
13072684319,20.986401,105.8132964,school,Trường Cao đẳng Y Hà Nội (trụ sở chính)
13088187923,20.9455618,105.9921284,school,Trường mầm non Tô Quyền
13095805872,20.9385219,106.0031854,pharmacy,Quầy Thuốc Hải Anh
13114068728,21.0409077,105.7510128,school,Khu Giảng đường 4 - Trường Đại học Công nghệ - Đại học Quốc gia Hà Nội
13124579065,21.0350951,105.7910343,hospital,Phòng khám đa khoa Bệnh viện Đại học Y Hà Nội - Cơ sở Cầu Giấy
13128218496,20.9970514,105.7504321,school,Trường Mầm non Nắng Xuân
13136496646,21.026761,105.8265759,hospital,Bệnh viện Đa khoa Hà Thành
13155788997,21.1228196,105.9686597,pharmacy,Pharmacity
13165071216,20.9402502,105.9572795,clinic,Trạm Y tế xã Nghĩa Trụ
13208170056,20.9429462,105.9478414,hospital,Bệnh Viện Đa Khoa Quốc tế Phúc Lâm
13208170077,20.9428812,105.94673,university,Trường Đại Học Mở Hà Nội
13208185918,20.9427236,105.946431,library,Thư viện Trường Đại học Mở Hà Nội cơ sở Văn Giang
13264888449,21.0065766,105.7959665,pharmacy,Nhà Thuốc 3P Pharmacy
13277131979,21.0606003,105.8359638,dentist,Nha Khoa Tứ Liên
13282395201,21.078093,105.814401,kindergarten,Thực Nghiệm
13284330527,21.2155659,105.8047057,pharmacy,Pharmacity
13290859254,21.0042452,105.7814938,pharmacy,
13293879797,20.930307,105.9598142,pharmacy,Quầy thuốc Duyên II
13301609805,20.9494593,105.9645532,school,Cụm trường Mầm non – Tiểu học – Trung học cơ sở Vinschool Ocean Park 2
13302249601,21.0671359,105.8209737,college,Học viện Thiết kế và Thời trang London
13318568568,20.9435509,105.9517295,pharmacy,Quầy thuốc Duy Duyên
13319043304,20.9428033,105.957553,dentist,NHA KHOA MINH THUẬN
13321428725,20.9440724,105.9569992,doctors,ĐỨC BÌNH DƯỜNG
13323325341,20.9457843,105.9563391,kindergarten,MẦM NON HOA SỮA
13340614208,21.0066283,105.7776054,pharmacy,Pharmacity
13349034782,21.106801,105.7712741,pharmacy,Nhà thuốc
13366274670,20.9326815,106.0030652,school,MẦM NON TỰ THỰC BAN MAI XANH
13388236690,21.0344602,105.7947104,hospital,Phòng khám đa khoa Tâm Anh Cầu Giấy
13390624578,20.8384861,105.9801597,school,Trường THCS Nguyễn Thiện Thuật
13390624584,20.832588,105.9790322,school,Trường tiểu học thị trấn Khoái Châu
13390624585,20.8321536,105.9785376,school,Trường thcs thị trấn Khoái Châu
13390624586,20.8355477,105.9784368,school,Trường mầm non Hoa Anh Đào
13390624589,20.8381767,105.9790303,hospital,Phòng tiêm chủng Vắc-xin POTEC 89.3 Khoái Châu
13390937290,21.0259437,105.8381217,pharmacy,
13401656240,21.0230526,105.7385865,college,Trường Cao đẳng Dược Hà Nội
13401656241,21.0254025,105.7383481,college,Trường Cao đẳng Kỹ thuật Y dược Hà Nội
13430306194,20.9999851,105.5188703,school,Trung tâm Giáo dục Quốc phòng và An ninh
13435829588,20.9806435,105.8358728,kindergarten,Lớp mầm non độc lập Học Viện Xanh
13441734278,20.9523312,105.9777344,pharmacy,Quầy Thuốc Nhân Dân
13449335666,21.0147551,105.8275737,dentist,Nha Khoa Diamond Elite
13462222541,21.0286918,105.8143832,kindergarten,Trường Mầm non ME School
13463331473,21.2063908,105.7676576,hospital,Trạm y tế xã Quang Minh - Điểm y tế Giai Lạc
13505842501,21.0564054,105.8666594,pharmacy,
13505842601,21.0564624,105.8668738,kindergarten,Viet Duc Preschool
13520226069,20.9648587,105.7915908,school,Trường THPT Ngô Gia Tự
13563681601,21.0052169,105.830834,pharmacy,
13579797755,21.1222383,105.756898,hospital,Viện Dưỡng Lão Tuyết Thái
13583649001,21.0104416,105.8509394,pharmacy,
13583649101,21.0194631,105.8476787,pharmacy,
13584225301,21.0441355,105.8422864,pharmacy,
13584225302,21.0435479,105.8417638,pharmacy,
13607661047,20.9642885,105.8260417,hospital,Nha Khoa Thiện Tâm An
13609325803,21.026784,105.8386056,pharmacy,
13609325902,21.0275081,105.8414423,pharmacy,
13609332601,21.0275486,105.8388386,pharmacy,
13611823303,21.0596679,105.8962484,pharmacy,
13611824101,21.3143263,105.5969499,pharmacy,
13617859001,21.0043949,105.8103411,pharmacy,Nhà Thuốc Mariko Mạnh Quý
13617885401,21.00422,105.8100689,kindergarten,"Nhóm Trẻ, Lớp Mẫu Giáo Độc Lập Bình Minh"
13617892501,21.004261,105.8099325,pharmacy,Nhà Thuốc Pharmo
13619624501,21.0460018,105.867116,pharmacy,
13619634301,21.0533134,105.8781443,pharmacy,
13619634401,21.0534856,105.8782982,pharmacy,
13619635601,21.0537528,105.8770915,pharmacy,
13619649201,21.0534323,105.8790132,pharmacy,
13619843301,21.0466467,105.8717381,pharmacy,
13619845101,21.0524225,105.8779227,pharmacy,
13632874205,21.1398344,105.844913,dentist,
13632874311,21.1984605,105.8199132,kindergarten,
13632874312,21.1985452,105.817279,pharmacy,
13632874407,21.2014533,105.8309682,pharmacy,
13632874410,21.2013527,105.8266938,pharmacy,
13632874412,21.1984272,105.8243659,pharmacy,
13632874504,21.2026812,105.8310243,pharmacy,
13632874507,21.1986467,105.816774,clinic,
13632874601,21.0882178,105.9030798,pharmacy,
13632874605,21.1988992,105.8312682,kindergarten,
13632874606,21.2020963,105.8310981,pharmacy,
13632874608,21.2018168,105.826837,dentist,
13632874614,21.1990804,105.8151189,dentist,
13632874702,21.2000104,105.8488417,pharmacy,
13632875002,21.1983469,105.8261908,pharmacy,Long chau
13632876701,21.1982953,105.821395,dentist,
13633002702,21.1981504,105.8303024,pharmacy,
13633002901,21.1988946,105.8309045,dentist,Cuong dental clinic
13633580402,21.1981971,105.8375802,dentist,
13703724841,21.0820842,105.7792611,hospital,Bệnh viện Đa khoa Phạm Ngọc Thạch
13725392292,21.1133274,105.9507427,hospital,Trung tâm tiêm chủng VNVC Từ Sơn
13726848403,20.9531351,106.0053353,school,Trường Mầm Non Hoàng Yến (cơ sở 2)
13726848404,20.9532156,106.0051255,school,Trường Mầm Non Hoàng Yến (cơ sở 1)
13731593101,21.0764793,105.814746,dentist,Nha khoa quốc tế Oswim
13733930410,21.0201881,105.8320962,kindergarten,Trường Mầm non Nắng Hồng
13784148931,21.0168608,105.8387159,kindergarten,Trường Mầm non Trung Phụng (Cơ sở 2)
13793231137,20.9389658,105.9902383,hospital,Bệnh Viện Vinmec
13797859252,20.9670329,105.9564038,hospital,Trung Tâm Y Tế Đường Bộ 2
13800665823,21.0411601,105.8131014,hospital,Trạm y tế phường Ngọc Hà
13818137472,20.9794356,105.9582048,kindergarten,Trường Mầm non Kiêu Kỵ
13818137495,20.9803277,105.958693,clinic,Trạm y tế xã Kiêu Kỵ
13890192766,21.0528677,105.7834592,school,Trường Trung học phổ thông Trần Thánh Tông
13946723201,21.0331893,105.7983418,pharmacy,Pharmacity
13953916926,21.0064294,105.8344741,pharmacy,Nhà thuốc Quỳnh Mai
14041166737,21.0186272,105.7951999,hospital,Bình An Spa
14045127403,21.1168904,105.9579302,pharmacy,Pharmacity
14074061728,21.0211774,105.8532108,library,The Bookshelf
14086970207,20.9956264,105.8497826,pharmacy,
14086999603,20.9888968,105.8472937,pharmacy,
14087058802,20.9805273,105.8446408,pharmacy,
14088733403,20.9633117,105.8451027,pharmacy,
14148274301,21.0624007,105.5776636,clinic,Tram y te Thach That
14148545501,21.0235329,105.6049784,clinic,Tram y te Tay Phuong
14159191901,20.7167312,105.732777,clinic,Tram y te Hong Son
14166086601,20.6429902,105.9211461,clinic,Phòng khám đa khoa Bảo An Hà Nam
14173472644,21.0676073,105.8227303,kindergarten,Quang An Preschool
14173773883,21.1994668,105.9886389,clinic,Trung tâm Y tế SEV Clinics
14190741634,21.0314885,105.7623677,school,Giảng đường Mỹ Đình - Trường Khoa học liên ngành và Nghệ thuật
14210741601,21.0363403,105.8511642,pharmacy,
14213749402,20.9717753,105.8494318,pharmacy,
14216544601,20.9780404,105.8483813,pharmacy,
14216545101,20.9814933,105.846273,pharmacy,
14219139301,21.046979,105.8412774,kindergarten,Mầm non cây nấm nhỏ
37770763,21.0483175,105.7856728,university,Học viện Kĩ thuật Quân sự
116821940,21.0720446,105.7958081,school,Trường Trung học cơ sở Xuân Đỉnh
116821942,21.0728345,105.79644,school,Trường Trung học phổ thông Xuân Đỉnh
116822474,21.0723743,105.7944959,school,Trường Tiểu học Xuân Đỉnh
136184153,21.0752048,105.8022107,school,Singapore International School
136246179,21.0752249,105.8073682,school,Trường Quốc tế Liên hiệp quốc Hà Nội
136246184,21.0733284,105.8029336,school,Hanoi Academy
136255922,20.9863565,105.8305513,school,"Trường Tiểu học, Trung học cơ sở và Trung học phổ thông May"
136258986,21.0021332,105.8388831,hospital,Bệnh viện Bệnh Nhiệt đới Trung ương
136259226,21.0123966,105.8150138,hospital,Bệnh viện Nội tiết Trung ương
136271003,21.0231218,105.7614767,hospital,Bệnh viện Thể thao Việt Nam
136272637,21.0258904,105.7722381,school,Trường Trung học cơ sở - Trung học phổ thông Trần Quốc Tuấn
158465680,21.0044369,105.8441347,library,Thư viện Tạ Quang Bửu
159949212,21.0400936,105.8120457,hospital,Bệnh viện Quân y 354
159949213,21.0456555,105.8105003,school,Trường Tiểu học Hoàng Hoa Thám
163711327,21.0155559,105.8267948,hospital,Bệnh viện Đa khoa Đống Đa
163764047,21.0423434,105.8134109,hospital,Bệnh viện Phổi Trung ương
164213207,20.9962205,105.81718,school,Trường Tiểu học Nguyễn Trãi
179996741,21.0109326,105.8316955,school,Trường Trung học phổ thông Kim Liên
179998403,21.0137338,105.8238772,school,Trường Trung học cơ sở Đống Đa (phân hiệu)
180075247,21.0153495,105.8099674,school,Trường Tiểu học Nam Thành Công
180082695,21.005471,105.8345499,school,Trưòng Trung học cơ sở Kim Liên
180085313,21.0001356,105.8572565,school,Trường Trung học cơ sở Ngô Quyền
180085314,21.0114416,105.8555095,school,Trường Trung học cơ sở Trưng Nhị
180085315,21.0172982,105.8092918,school,Trường Trung học phổ thông Phan Huy Chú - Đống Đa
180085316,21.0129761,105.8568059,school,Trường Trung học phổ thông Trần Nhân Tông
180085318,21.0004448,105.8569356,school,Trường Tiểu học Ngô Quyền
194852647,21.0209307,105.8204315,school,Trường Trung học cơ sở Nguyễn Trường Tộ
196084598,21.0637284,105.8274354,hospital,Phòng Khám Y Tế Nha Khoa Quốc Tế SOS
199148844,21.0268213,105.8074644,hospital,Bệnh viện Phụ sản Hà Nội
199148845,21.0278909,105.8142645,school,Trường Trung học cơ sở Phan Chu Trinh
199148846,21.0249118,105.8083673,hospital,Bệnh viện Nhi Trung ương
199150831,21.0225863,105.8051833,university,Trường Đại học Ngoại thương
199956914,21.0370963,105.8076358,school,Trường Tiểu học Hoàng Diệu
199956925,21.043252,105.8015074,college,Học viện Quốc phòng
207306208,21.0384303,105.7963522,school,Trường Tiểu học Cầu Giấy B
217338578,21.003234,105.8430813,university,Trường Đại học Xây dựng Hà Nội
217792888,21.0312292,105.8351549,hospital,Bệnh viện Đa khoa Xanh Pôn
218625367,21.0018102,105.8394004,hospital,Bệnh viện Bạch Mai
218631146,21.0163854,105.8606157,hospital,Bệnh viện Trung ương Quân đội 108
219977469,21.0094586,105.8290726,university,Học viện Ngân hàng
220413224,21.0299487,105.8191535,school,Trường Tiểu học Kim Đồng
220413363,21.0287901,105.8219227,school,Trường Trung học cơ sở Giảng Võ
220413364,21.0292903,105.8224835,school,Trường Trung học phổ thông Nguyễn Trãi - Ba Đình
223798539,21.0431145,105.8319542,school,Trường Trung học phổ thông chuyên Chu Văn An
228036560,21.017305,105.8480096,school,Trường Trung học cơ sở Tây Sơn
234564729,21.0355548,105.8159128,college,FPT Arena
242483623,20.9523776,105.944421,school,Trường Trung học phổ thông Văn Giang
242483921,20.9510699,105.9441322,hospital,Trung tâm Y tế Văn Giang
242484972,20.9445071,105.937868,school,Trường Trung học cơ sở Chụ Mạnh Trinh
244377861,20.9873859,105.932641,school,Trường Trung học cơ sở Đa Tốn
244392475,20.9817107,105.9216732,school,Trường Trung học phổ thông Nguyễn Văn Cừ
244393940,20.9857663,105.9312724,clinic,Trạm Y tế xã Đa Tốn
244408869,20.9832401,105.9231751,hospital,Bệnh viện Sông Hồng
244424712,20.9847712,105.9377176,school,Trường Tiểu học Đa Tốn
246257102,20.9624027,105.8202199,kindergarten,Trường Mầm non Hoàng Liệt (cơ sở Bằng A)
264109915,20.9762317,105.8157877,university,Trường Đại học Thăng Long
264993982,21.15455,105.7702692,college,Trung tâm Đào tạo Lao động xuất khẩu
264994343,21.1706986,105.7350218,school,Trường Trung học phổ thông Mê Linh
264994425,21.1583485,105.7501082,school,Trường Trung học phổ thông Tiền Phong
264994617,21.1521374,105.7566765,school,Trường Trung học cơ sở Tiền Phong
267916178,21.1171443,105.8015826,school,
267916287,21.1101547,105.798043,school,Trường Tiểu học Hải Bối
267916970,21.1212541,105.7546592,school,Trường Trung học cơ sở Bùi Quang Mại
267916981,21.1205201,105.7540669,school,Trường Tiểu học Đại Mạch
267919727,21.1539788,105.7603327,hospital,Trạm y tế Xã Tiền Phong
267919728,21.153956,105.7600019,school,Trường mầm non Phố Yên
267919798,21.1572307,105.7677492,school,Trường Trung học cơ sở Tiền Phong B
267924675,21.12952,105.7777806,school,Trường Tiểu học Kim Chung
267936674,21.2433815,105.702048,school,Trường Trung học cơ sở Hai Bà Trưng
267936675,21.2421893,105.7010548,college,Trường Cao đẳng Vĩnh Phúc
267936676,21.2213449,105.7095199,hospital,Bệnh viện Phổi 74
267937127,21.16416,105.730582,school,Trường Tiểu học Mê Linh
267937128,21.1649839,105.7306358,school,Trường Trung học cơ sở Mê Linh
267939355,21.1095937,105.7652738,school,Trường Trung học cơ sở Võng La
287819547,21.1247069,105.952464,university,Trường Đại học Thể dục thể thao Bắc Ninh
291267016,21.0493543,105.7952876,kindergarten,Trưòng Mầm non Nghĩa Đô
291705165,21.0471409,105.7959561,school,Trưòng Tiểu học và Trung học cơ sở Nghĩa Đô
308164874,20.9840114,105.7982219,university,Trường Đại học Công nghệ Giao thông vận tải
324549021,20.9928095,105.8153687,school,Trường Trung học cơ sở Khương Đình
324549027,20.9911224,105.8168091,kindergarten,Trường Mầm non Khương Đình
325023914,20.9959393,105.8080085,university,Trường Đại học Khoa học Tự nhiên
335145869,21.0582101,105.7805431,school,Trường Tiểu học Cổ Nhuế 2A
335347852,21.068895,105.7813723,school,Trường Trung học cơ sở Đông Ngạc A
337920895,21.0612596,105.7778547,school,Trường Tiểu học Cổ Nhuế 2B
339936729,21.0424822,105.7983797,school,Trường Trung học cơ sở Lê Quý Đôn
339940206,21.0226445,105.7912527,school,Trường Trung học cơ sở Yên Hòa
354342236,21.0402194,105.8247058,school,Trường Trung học cơ sở Ngọc Hà
363747811,21.007012,105.7982471,school,Trường Trung học phổ thông chuyên Hà Nội - Amsterdam
368133383,21.3186435,105.5999464,hospital,Bệnh viện Đa khoa Vĩnh Phúc
368133384,21.3151391,105.6054257,school,Trường Trung học cơ sở Liên Bảo
368133386,21.3162158,105.6050501,school,Trường Tiểu học Liên Minh
368133387,21.307826,105.6023391,school,Trường Tiểu học Đống Đa
368145342,21.2379916,105.7086766,school,Trường Trung học cơ sở Lê Hồng Phong
380402394,20.9264415,105.8517848,school,Trường Tiểu học Vũ Lăng
380402395,20.9261458,105.8529211,school,Trường Trung học phổ thông Ngọc Hồi
382871167,21.0869191,105.6691982,school,Trường Trung học phổ thông Đan Phượng
384534300,21.0093543,105.9439877,hospital,Bệnh viện Đa khoa Gia Lâm
384534317,21.0235615,105.9069096,school,Trường Trung học cơ sở Long Biên (Trường chính)
384534318,21.0044771,105.9385661,school,Trường Tiểu học Gia Lâm (Trường chính)
384534319,21.0181143,105.9161793,school,Trường Trung học phổ thông Thạch Bàn
398276334,21.0462032,105.7621798,university,Trường Đại học Tài nguyên và Môi trường Hà Nội
398276451,21.0475464,105.7651415,school,Trường Tiểu học Hồ Tùng Mậu
398276489,21.0472004,105.7649768,kindergarten,Trường Mầm non Hồ Tùng Mậu
401290207,21.1200478,105.9662024,school,Trường Trung học cơ sơ Từ Sơn 1
401290369,21.1206192,105.965959,school,Trường Tiểu học Từ Sơn 1
420953924,21.085212,105.7482588,school,Trường Tiểu học Liên Mạc
422748671,21.0708612,105.779966,school,Trường Phổ thông Đoàn Thị Điểm
426733615,21.0064339,105.8200265,kindergarten,Trường Mầm non Thực nghiệm Hoa Hồng
438373210,21.0021305,105.8303797,hospital,Bệnh viện Đại học Y Hà Nội
457134596,21.0343447,105.7689337,school,Trường Nhật Bản Hà Nội
457741993,20.9917383,105.8011343,kindergarten,Trường Mầm non Tràng An
457747396,20.9915613,105.7984822,school,Trường Trung học cơ sở Việt Nam - Angieri
480680319,20.9809612,105.787077,university,Học viện Công nghệ Bưu chính Viễn thông
485501783,21.1129249,105.8292227,school,Trường Trung học cơ sở Vĩnh Ngọc
487142236,21.0873475,105.7784097,school,Trường Tiểu học Đông Ngạc A
487142237,21.0865103,105.7792442,school,Trường Trung học cơ sở Đông Ngạc
487142243,21.0891153,105.7843656,school,Trường Tiểu học Đông Ngạc B
498409295,20.9721051,105.7847822,school,Trường Tiểu học Văn Yên
499625377,21.0532276,105.7108274,school,
499625378,21.0535668,105.7099141,school,
500040428,21.0120868,105.81653,school,Trường Tiểu học Thái Thịnh
500040429,21.0124417,105.8160599,school,Trường Trung học cơ sở Thái Thịnh
500125108,21.0490465,105.8859681,school,Trường Tiểu học Gia Thụy
500580438,21.0494699,105.8850011,school,Trường Trung học cơ sở Gia Thụy
502742299,21.0240769,105.9382042,school,Trường Trung học phổ thông Cao Bá Quát – Gia Lâm
503604052,20.9337392,105.8339737,school,Trường Tiểu học Vĩnh Quỳnh
503986577,21.0399411,105.8793911,clinic,Trung tâm y tế Hàng không
504048274,21.0464907,105.8742919,school,Trường Trung học phổ thông Nguyễn Gia Thiều
504048275,21.0454511,105.8736358,school,Trường Trung học cơ sở Ái Mộ
511615566,20.6059042,105.8469925,school,Trường Trung học phổ thông B Kim Bảng
521721142,21.0421351,105.8327997,school,Trường Trung học cơ sở Chu Văn An
527212153,21.0732038,105.8132461,school,Trường Trung học cơ sở Nhật Tân
527458655,20.9800943,105.7752737,kindergarten,Trường Mầm non Vạn Phúc - khu B
527458969,20.9805817,105.7749238,kindergarten,Trường Mầm non Vạn Phúc
548262260,21.0356378,105.7394111,school,Trường Trung học cơ sở Xuân Phương (phân hiệu 1)
549120240,21.0276945,105.8231632,school,Trường Thể thao Thiếu niên 10 tháng 10
550031669,21.0688241,105.7182172,university,Học viện Khoa học Quân sự
554202135,21.0965549,105.8683286,school,Trường Trung học phổ thông Cổ Loa
562028053,21.0091953,105.8639943,school,Trường Trung học cơ sở Lương Yên
563311945,21.3080445,105.4174917,school,Trường Trung học phổ thông Trần Phú
563311969,21.309169,105.4178041,school,Trường Trung học phổ thông Công nghiệp Việt Trì
563361112,21.3263836,105.4023275,school,Trường Tiểu học Tân Dân
563361133,21.3248677,105.3934443,hospital,Bệnh viện Đa khoa tỉnh Phú Thọ
569806136,21.0089275,105.8373917,kindergarten,Trường Mầm non Phương Mai
570127240,21.0861752,105.8091883,school,Trường Trung học phổ thông Tây Hồ
570570399,21.0133384,105.8234115,school,Trường Tiểu học Đống Đa (cơ sở 2)
570571436,21.0166694,105.7901676,school,Trường Phổ thông Liên cấp Nguyễn Siêu
570572166,21.0226507,105.806331,university,Học viện Ngoại giao
570572630,21.0699198,105.7750822,hospital,Bệnh viện Đa khoa Phương Đông
570573187,21.0223145,105.8086525,university,Học viện Thanh thiếu niên Việt Nam
570573189,21.0226037,105.8015901,school,Trường Tiểu học Láng Thượng
570573262,21.0091731,105.804223,school,Trường Tiểu học Lý Thái Tổ
570573799,20.9672118,105.8376082,school,Trường Trung học cơ sở Hoàng Liệt
570573930,21.0261377,105.8025875,hospital,Bệnh viện Giao thông Vận tải
570574214,20.9665587,105.838622,school,Trường Tiểu học Hoàng Liệt
570575340,20.9748511,105.8336515,school,Trường Quốc Tế Reigate Grammar Việt Nam
570575341,20.9760687,105.8349204,school,Trường Mầm Non - Tiểu Học Bạch Dương
570575348,20.9729176,105.8321448,school,Trường Tiểu học Đại Từ
570578597,21.0146927,105.7990235,school,Trường Tiểu học Trung Hòa
570578598,21.0140173,105.7989904,school,Trường Trung học cơ sở Trung Hòa
570581703,21.0128779,105.8468337,school,Trường Tiểu học Tây Sơn
570582486,21.0025171,105.8629746,school,Trường Phổ thông cơ sở Nguyễn Đình Chiểu
570583312,21.0182448,105.7858869,school,Trường Tiểu học Nam Trung Yên
570586967,21.0459415,105.7735714,university,Học viện Tư pháp Việt Nam
570587154,21.0381654,105.775978,university,Học viện Múa Việt Nam
570587184,21.0226706,105.914294,school,Trường Tiểu học Thạch Bàn (Trường chính)
570590702,21.0390306,105.7818205,university,Khoa Ngôn ngữ và Văn hóa Pháp
570591933,21.0337414,105.7828185,school,Trường Trung học cơ sở Cầu Giấy B
570594021,20.982604,105.9217537,hospital,Bệnh viện sông Hồng
571030204,21.0437977,105.8311262,library,Nhà Bát Giác
573038807,21.086396,105.8100728,school,Trường Trung học cơ sở Phú Thượng
573038808,21.0869784,105.8098337,school,Trường Tiểu học Phú Thượng
576213260,21.0964836,105.7323133,kindergarten,Trường Mầm non Thượng Cát
576213271,21.0468501,105.751062,school,Trường Trung học phổ thông Nguyễn Thị Minh Khai
576395913,21.084119,105.7376958,school,Trường Trung học phổ thông Thượng Cát
576742591,21.1112883,105.9517957,school,Trường Trung học phổ thông Lý Thái Tổ
576742594,21.1114071,105.9533913,school,Trường Trung học cơ sở Từ Sơn 2
576742601,21.1114728,105.9541738,school,Trường Tiểu học Từ Sơn 2
576742798,21.1165255,105.9667881,school,Trường Trung học cơ sở Từ Sơn 1
576742817,21.1167875,105.9659112,school,Trường Tiểu học Từ Sơn 1
577155075,21.1239128,105.9722042,hospital,Bệnh viện Đa khoa Từ Sơn
577155253,21.107141,105.9425234,school,Trường Tiểu học Từ Sơn 2
577155264,21.1076696,105.949764,kindergarten,Trường Mầm non Từ Sơn 1
577203289,21.1021364,105.9583953,university,Trường Đại học Kinh doanh và Công nghệ Hà Nội
577203423,21.1116791,105.9565667,school,Trung tâm Giáo dục nghề nghiệp - Giáo dục thường xuyên Từ Sơn
578186322,20.8436932,105.6242691,kindergarten,Trường Mầm non Văn Mỹ
578187487,20.9984524,105.8569457,school,Trường Trung học cơ sở Hà Huy Tập
581439612,21.040591,105.8768692,hospital,Bệnh viện Đa khoa Tâm Anh
582087502,21.0523399,105.8887356,kindergarten,Trường mầm non Gia Thụy
582711689,21.0418723,105.8687227,kindergarten,sân trường mầm non Sơn ca
588322159,21.1752315,105.4875354,school,Trường Trung học cơ sở Vĩnh Thịnh
588527149,21.2198741,105.5188216,hospital,Trung tâm Y tế khu vực Vĩnh Tường
588536758,21.026869,105.7925215,school,Trường Phổ thông Đa Trí Tuệ - MIS
589521938,20.9942147,105.8666812,school,Vinschool
589555919,21.3255522,105.390216,school,Trường Trung học phổ thông Nguyễn Tât Thành
589837860,21.0029147,105.9347814,library,Thư viện Lương Định Của
590716703,21.0368343,105.9102859,kindergarten,Trường Mầm non Hoa Sữa (Phân hiệu)
591338735,20.993668,105.7974841,hospital,Bệnh viện Đại học Y Dược
593632328,20.9974035,105.8481424,school,Trường Trung học cơ sở Nguyễn Phong Sắc
593642477,21.0059155,105.840153,school,Trường Trung học cơ sở Khương Thượng (phân hiệu 1)
593642482,21.0052225,105.8395392,school,Trường Tiểu học Phương Mai
593653788,21.0545,105.8389432,school,Trường Tiểu học An Dương
605828064,21.0242364,105.7744551,school,Trường Trung học phổ thông Mỹ Đình
605977394,21.0383847,105.7833339,library,C1T
608061244,21.0379368,105.7908149,library,Thư viện Cầu Giấy
621979166,20.9804085,105.7896307,college,Trường Đại học Kiến trúc Hà Nội
621979168,20.9807452,105.7919806,university,Học viện An ninh Nhân dân
624623947,20.945738,105.6170104,hospital,District Hospital
637461009,20.9943934,105.8580009,school,Trường Tiểu học Giáp Bát (điểm 2)
641558817,21.0682707,105.7061635,school,Trường Trung học cơ sở Trạm Trôi
641558818,21.0689309,105.7062387,school,Trường Tiểu học Lý Nam Đế
641558819,21.0625028,105.705906,school,Trường Tiểu học Đức Giang
641558820,21.0630296,105.7060182,school,Trường Trung học cơ sở Đức Giang
642181078,21.0650189,105.7229835,university,Trường Đại học Thành Đô
642181107,21.0616027,105.7154896,school,Trường Tiểu học Kim Chung B
642181125,21.0676666,105.7065954,kindergarten,Trường Mầm non Hoa Sen
645296157,21.0497369,105.7044511,school,Trường Trung học phổ thông Hoài Đức A
645296160,21.0490704,105.7035046,school,Trường Trung học cơ sở Sơn Đồng
646377850,21.0514002,105.7069929,kindergarten,
646377852,21.0508768,105.706693,kindergarten,Trường Mầm non Kim Chung A
646377854,21.0536709,105.7055883,school,Trung tâm Giáo dục nghề nghiệp-Giáo dục thường xuyên huyện Hoài Đức (cơ sở 1)
646377963,21.0441763,105.6966694,school,Trường Tiểu học Sơn Đồng
646377970,21.0354898,105.733942,school,Trường Trung học cơ sở Vân Canh
646377971,21.0360855,105.7339762,school,Trường Tiểu học Vân Canh
646377986,21.0487205,105.7210372,school,Trường Trung học cơ sở Di Trạch
646377987,21.0490285,105.7206094,school,Trường Tiểu học Di Trạch
647253450,21.1553166,105.9420573,school,Trường Tiểu học Hương Mạc 2
647253451,21.1503596,105.9435479,school,Trường Trung học cơ sở Hương Mạc
647253537,21.1414976,105.9352137,hospital,Trạm Y tế phường Phù Khê
647253561,21.1438727,105.9308451,school,Trường Trung học cơ sở Nguyễn Văn Cừ
647253563,21.143872,105.9294818,school,Trường Trung học phổ thông Nguyễn Văn Cừ
647253624,21.1517508,105.9310056,school,Trường Trung học cơ sở Hương Mạc 1
647396790,21.1397688,105.9904409,school,Trường Trung học cơ sở Tương Giang
647396794,21.1353535,105.9845334,school,Trường Tiểu học Tương Giang
647396909,21.1265326,105.9798297,school,Trường Tiểu học Đồng Nguyên
647396911,21.1271569,105.9797207,school,Trường Trung học cơ sở Từ Sơn
647397111,21.1406186,105.9779647,school,Trường Trung học phổ thông Ngô Gia Tự
647397165,21.148098,105.9761841,kindergarten,Trường Mầm non Tam Sơn số 1
647397173,21.1442146,105.9734572,school,Trường Trung học cơ sở Tam Sơn
647397175,21.1452479,105.974734,school,Trường Tiểu học Tam Sơn
648461423,21.1212399,105.9518843,school,Trường Mầm non Đồng Quang
648461434,21.1212278,105.953223,school,Trường Tiểu học Đồng Quang
648461435,21.120626,105.9533863,school,Trường Trung học cơ sở Đồng Nguyên
648729032,21.110774,105.9720579,hospital,Trạm Y Tế phường Tân Hồng
648729038,21.1089941,105.9722538,kindergarten,Trường Mầm non Tân Hồng 1
649176318,21.1392296,105.9493904,school,Trường Tiểu học Đồng Quang
649176336,21.1346726,105.9474968,school,Trường Trung học cơ sở Đồng Nguyên
649185481,21.0951403,105.9710587,school,Trường Tiểu học Từ Sơn 2
649185482,21.0958373,105.9710922,school,Trường Trung học cơ sở Từ Sơn 2
649534650,21.0944389,105.9387407,university,"Trường Cao đẳng Kinh tế, Kỹ thuật và Thủy sản (khu 2)"
650062369,21.1125313,105.9301583,school,Trường Trung học cơ sở Châu Khê
650062370,21.1139917,105.9298755,school,Trường Tiểu học Châu Khê 2
650062378,21.1189598,105.9272323,kindergarten,
650062440,21.1345882,105.9304276,kindergarten,Trường Mầm non Phù Khê
650062599,21.1365069,105.9346226,school,Trường Tiểu học Phù Khê
650062693,21.138157,105.9466895,school,Trường Mầm non Đồng Quang
650062697,21.1346455,105.9451672,school,Trường Tiểu học Đồng Quang
650427719,20.9689072,105.8732524,school,Trường Tiểu học Tam Trinh (trụ sở chính)
650427919,20.9681782,105.8721498,school,Trường Trung học cơ sở Thịnh Liệt (điểm 2)
651503561,21.1354969,105.98285,kindergarten,Trường Mầm non Tương Giang 1
651520257,21.1368291,106.0079099,school,Trường Trung học cơ sở Tiên Du 1
651520258,21.1365747,106.0072964,school,Trường Tiểu học Tiên Du 1
651520265,21.1348165,105.9996698,kindergarten,Trường Mầm non Tiên Du 1
651520366,21.1359938,105.9882389,clinic,Trạm Y tế phường Tương Giang
653161609,21.0938021,105.9821959,school,Trường Trung học phổ thông Lê Quý Đôn
653161623,21.0990598,105.9754005,kindergarten,Trường Mầm non Từ Sơn 3
659837217,21.0815622,105.9176985,school,Trường Tiểu học Tiền Phong
659860788,21.0753902,105.9275942,kindergarten,Trường Mầm non Dương Hà
659860790,21.074762,105.9268576,school,Trường Trung học cơ sở Dương Hà
659860793,21.0749209,105.9299344,kindergarten,Trường Mầm non Thôn Thượng
659860828,21.0793508,105.9247082,kindergarten,Trường Mầm non Hoa Sen
659860832,21.0782674,105.9247772,college,Trường Cao đẳng Điện lực Miền Bắc - cơ sở Yên Viên
659860849,21.084955,105.919578,kindergarten,Trường Mầm non Hoa Hồng
659860852,21.085804,105.9202527,kindergarten,Trường Mầm non Thị trấn Yên Viên
659909921,21.07837,105.9353786,school,Trường Trung học cơ sở Đình Xuyên
659909922,21.0779931,105.9356232,school,Trường Tiểu học Đình Xuyên
659910038,21.0659037,105.9313748,school,Trường Tiểu học Dương Hà
659910054,21.0716397,105.9300028,clinic,Trạm Y tế xã Dương Hà
659915515,21.0761654,105.9463981,school,Trường Tiểu học Lê Ngọc Hân
659915540,21.0767278,105.947015,school,Trường Tiểu học Ninh Hiệp
659915541,21.0789492,105.9462267,school,Trường Trung học cơ sở Ninh Hiệp
659915631,21.0779968,105.9344029,kindergarten,Trường Mầm non Đình Xuyên
660703518,21.0960362,105.9160104,clinic,Trạm Y tế xã Yên Viên
660703521,21.0966424,105.9164688,school,Trường Trung học cơ sở Yên Viên
660703601,21.0908623,105.9257669,school,Trường Trung học phổ thông Yên Viên
660703606,21.0914309,105.9252569,school,Trường Tiểu học Thị trấn Yên Viên
660703612,21.0917486,105.9248971,school,Trường Trung học cơ sở Thị trấn Yên Viên
660703659,21.0953229,105.9200156,kindergarten,Trường Mầm non Hoa Sữa
661138317,21.0914254,105.9037131,college,Trường Cao đẳng Xây dựng Công trình Đô thị
661138318,21.0949489,105.9047487,kindergarten,Trường Mầm non Yên Thường
661138403,21.1002604,105.9148664,kindergarten,Trường Mầm non Yên Thường
661138409,21.0977817,105.9161975,clinic,Trạm Y tế xã Yên Thường
661138420,21.0992593,105.9194429,school,Trường Tiểu học Yên Thường
661138421,21.1019724,105.9161667,school,Trường Trung học cơ sở Yên Thường
661161533,21.1709135,105.9303904,school,Trường Tiểu học Văn Môn
661161550,21.1465532,105.9342293,school,Trường Tiểu học Phù Khê
661161571,21.1505597,105.9276468,kindergarten,Trường Mầm non Hương Mạc
661161584,21.1570789,105.9292128,school,Trường Tiểu học Hương Mạc 1
661161626,21.1220449,105.924293,school,Trường Tiểu học Châu Khê 1
661451764,21.0901408,105.9875767,school,Trường Trung học cơ sở Đại Đồng
661451768,21.089937,105.9882972,hospital,Trạm Y tế xã Đại Đồng
661451794,21.0893901,105.9909482,kindergarten,Trường Mầm non Đại Đồng
661451802,21.0885781,105.9884696,school,Trường Tiểu học Đại Đồng
661451825,21.096999,105.9857626,kindergarten,Trường Mầm non Đại Đồng 2
661451885,21.1111564,105.9772117,school,Trường Mầm non Từ Sơn 2
662917176,21.2820761,105.7264263,school,Trường Trung học cơ sở Xuân Hòa
662917178,21.2846199,105.7217094,school,Trường Trung học phổ thông Xuân Hòa
670841007,20.9591156,105.8227567,school,Trường Tiểu học Chu Văn An
677796532,20.9473445,105.8719046,school,Trường Tiểu học Yên Mỹ
677796533,20.9476567,105.871358,school,Trường Trung học cơ sở Yên Mỹ
677797196,20.9425726,105.8712624,kindergarten,Trường Mầm non Yên Mỹ
680266953,21.0523519,105.7846174,school,Trường Liên cấp Newton - cơ sở 1
682239143,21.0624104,105.9101533,kindergarten,Trường Mầm Non Thiên Đường Trẻ Thơ
685182456,21.1267263,105.9731031,school,Trường Trung học cơ sở Đồng Nguyên
689353214,21.0447269,105.8510785,kindergarten,Trường Mẫu giáo số 8
691421444,21.0204528,105.8380609,school,Trường Tiểu học Văn Miếu - Quốc Tử Giám
691424464,20.9889717,105.7947481,library,Thư viện trường Đại học Hà Nội
697055244,21.1282866,105.9805346,school,Trường Mầm non Đồng Nguyên
697791076,21.0358751,105.8251437,school,Trường Tiểu học Ngọc Hà
697791087,21.0384826,105.8271504,school,Trường Tiểu học Ngọc Hà
698018239,21.0432292,105.8423656,school,Trường Tiểu học Việt Nam - Cuba
698018240,21.0420367,105.8428133,school,Trường Trung học cơ sở Ba Đình (phân hiệu 1)
698018241,21.0411904,105.8428148,school,Trường Trung học phổ thông Phan Đình Phùng
698018271,21.0431978,105.8382735,school,Trường Tiểu học Nguyễn Tri Phương
698273225,21.0376144,105.8134935,school,Trung tâm Giáo dục nghề nghiệp-Giáo dục thường xuyên quận Ba Đình (cơ sở 3)
698676702,21.0339111,105.8232572,school,Trường Tiểu học Ngọc Hà (phân hiệu 2)
698676704,21.0342925,105.8206464,school,Trường Trung học cơ sở Ngọc Hà (phân hiệu 2)
698722897,21.0065366,105.8173652,college,Trường Đào tạo Cán bộ Lê Hồng Phong
699065682,21.0620641,105.7783044,kindergarten,Trường Mầm non Đông Ngạc
699065687,21.0617719,105.7801208,clinic,Trạm Y tế Cổ Nhuế
699065691,21.0613766,105.7821815,school,Trường Trung học phổ thông DL Huỳnh Thúc Kháng
699218280,21.0670452,105.765308,university,Học viện Cảnh sát Nhân dân
699218281,21.0822026,105.7799987,university,Trường Đại học Y tế Công cộng
699218294,21.0766403,105.7770377,college,Trường Cán bộ Thanh tra
699218310,21.0772942,105.775576,kindergarten,Trường Mầm non Tuổi Hoa
699218317,21.0757833,105.7728046,university,Học viện Tài chính
699218328,21.073604,105.7749798,college,Học viện Cảnh sát nhân dân (Cơ sở 2)
699218338,21.0739332,105.7767951,university,Trường Đại học Tài nguyên và Môi trường Hà Nội (cơ sở phụ)
699218352,21.0724498,105.7738543,university,Trường Đại học Mỏ - Địa chất
699218354,21.0731996,105.7739304,clinic,
699905158,21.0420006,105.8312835,kindergarten,Trường Mầm non Chu Văn An
699905170,21.0428847,105.8243131,school,Trường Tiểu học Chu Văn An A
699905193,21.0438232,105.8177123,school,Trường Tiểu học Chu Văn An
699905197,21.0451718,105.8144085,hospital,Bệnh viện Đa khoa Quốc tế Thu Cúc
700620998,21.0377806,105.847426,school,Trường Trung học cơ sở Thanh Quan
700627455,21.0381757,105.851196,school,Trường Tiểu học Kim Đồng
700627456,21.0378859,105.850954,school,Trường Trung học cơ sở Lê Lợi
700654150,21.0412233,105.847924,school,Trung tâm Giáo dục nghề nghiệp-Giáo dục thường xuyên quận Ba Đình
700654159,21.0391624,105.8484355,kindergarten,Trường Mầm non Hoạ Mi
700671920,21.0483773,105.841464,school,Trường Trung học cơ sở Ba Đình (phân hiệu 2)
700671922,21.0462858,105.8431492,school,Trường Trung học phổ thông Đinh Tiên Hoàng
700671926,21.0459629,105.8419017,clinic,Trạm Y tế phường Trúc Bạch
700671946,21.0424816,105.8442985,hospital,Bệnh viện Đa khoa Hồng Ngọc
700671966,21.0418373,105.8457443,kindergarten,Trường Mẫu giáo số 3
700671968,21.0424516,105.8462964,school,Trường Trung học cơ sở Ba Đình
700840694,21.0371403,105.8528934,school,Trường Tiểu học Trần Nhật Duật
700840699,21.0350379,105.852385,hospital,Trung tâm Y tế quận Hoàn Kiếm
700840704,21.0364685,105.8520949,kindergarten,Trường Mẫu giáo Tuổi thơ
700840721,21.0358683,105.8489159,school,Trường Tiểu học Hồng Hà
700853402,21.0303503,105.8553814,school,Trường Tiểu học Trưng Vương
701605944,21.0273645,105.8494857,library,Thư viện Hoàn Kiếm
701882910,21.0260053,105.8492213,library,Thư viện Quốc gia Việt Nam
701882931,21.0276825,105.8485012,college,Đại Chủng viện thánh Giuse Hà Nội
701882944,21.0283197,105.8491047,school,Trường Trung học cơ sở Hoàn Kiếm
702456216,21.0281103,105.8385861,hospital,Bệnh viện Da liễu Hà Nội
702456219,21.0269432,105.8384625,kindergarten,Trường Mầm non Kim Đồng
702456223,21.0268166,105.8390572,hospital,Bệnh viện Đa khoa Hồng Hà
702456278,21.0289517,105.8385208,school,Trường Tiểu học và Trung học cơ sở Lý Thường Kiệt
702787884,21.0796638,105.8162842,clinic,Trạm Y tế phường Tây Hồ
703386640,21.0266842,105.8469248,hospital,Bệnh viện Phụ sản Trung ương
703386650,21.0268963,105.8461355,hospital,Bệnh viện K
703386657,21.0285801,105.8470046,hospital,Bệnh viện Hữu nghị Việt Đức
703386658,21.0277635,105.8464373,hospital,Bệnh viện Răng Hàm Mặt Trung ương Hà Nội
703386682,21.0307089,105.8452161,school,Trường Tiểu học Thăng Long
704134607,21.0260007,105.8444437,kindergarten,Trường Mầm non 20-10
704147251,21.02294,105.8559839,college,Trường Cao đẳng Nghệ thuật Hà Nội
704147268,21.023767,105.8560191,school,Trường Trung học phổ thông Trần Phú - Hoàn Kiếm
704147290,21.0217722,105.8507249,library,Thư viện Hà Nội
704147319,21.0202433,105.8484031,school,Trường Tiểu học Quang Trung
704147365,21.0232576,105.8478061,school,Trường Tiểu học Bình Minh
704147371,21.0228844,105.8496923,school,Trường Trung học phổ thông Việt Đức
704147378,21.0233315,105.85221,school,Trường Trung học cơ sở Trưng Vương
704147393,21.0240784,105.8503006,hospital,Bệnh viện Mắt Hà Nội (Trụ sở chính)
704159155,21.0386591,105.8742192,school,Wellspring Hanoi International School
704159167,21.0450169,105.8760743,school,Trường Trung học cơ sở Ngọc Lâm
704159169,21.0442817,105.8761837,school,Trường Tiểu học Ngọc Lâm
704159194,21.0432799,105.8697621,school,Trường Tiểu học Ái Mộ B
704159203,21.0211555,105.858749,university,Trường Đại học Dược Hà Nội
704159204,21.0209114,105.8587395,university,Trường Đại học Khoa học Tự nhiên
704250692,21.0389501,105.8800561,school,Trường Trung học cơ sở Bồ đề
704250745,21.039325,105.8730527,kindergarten,Trường Mầm non Hồng Tiến
704250752,21.0393046,105.8704795,kindergarten,Trường Mầm non Bồ Đề
704250759,21.037705,105.8724219,school,Trường Tiểu học Bồ Đề
704250760,21.0382317,105.8714686,clinic,Trạm Y tế phường Bồ Đề
704292532,21.0543268,105.872461,school,Trường Trung học cơ sở Ngọc Thuỵ
704292547,21.0556494,105.8763908,college,Trường Cao đẳng  Đường sắt
704292562,21.0562617,105.8785429,kindergarten,Trường Mầm non Thượng Thanh
704292576,21.054173,105.8777289,school,Trường Tiểu học Gia Quất
711128158,21.0060338,105.8000018,kindergarten,Trường Mầm non Năng khiếu Louis
731984536,21.0030809,105.8424222,library,Thư viện Đại học Xây dựng Hà Nội
738602793,21.0634535,105.910262,school,Trường Tiểu học Đô thị Việt Hưng
738808141,21.0656094,105.9096838,kindergarten,Trường Mầm non Chu Văn An
755118878,20.9628226,105.7688713,hospital,Bệnh viện Công an thành phố Hà Nội
755367129,20.9989167,105.8151384,school,Trường Trung học phổ thông Huỳnh Thúc Kháng
755376839,20.9938193,105.8671961,clinic,Phòng khám Đa khoa Quốc tế Vinmec Times City
755377948,20.986939,105.810693,school,Trường Trung học cơ sở Hạ Đình
755377949,20.9876378,105.8107675,school,Trường Tiểu học Hạ Đình
762128810,20.806833,105.6751445,school,Trường Tiểu học Đồng Tâm
762128815,20.8064761,105.6741385,school,Trường Trung học cơ sở Đồng Tâm
762128825,20.8069934,105.6734082,kindergarten,Trường Mầm non Đồng Tâm
762168570,20.7999164,105.6772759,kindergarten,
762231861,20.7962401,105.6751299,school,Trường Trung học cơ sở Thượng Lâm
762231862,20.7956343,105.6750702,school,Trường Tiểu học xã Thượng Lâm
762456411,20.7736515,105.6828541,school,Trường Tiểu học Tuy Lai A
762785868,20.7529969,105.697822,kindergarten,Trường Mầm non An Mỹ
762785870,20.7532151,105.6980276,clinic,Phòng Khám đa khoa Khu vực An Mỹ
763107737,20.782205,105.7037068,school,Trường Trung học cơ sở Mỹ Thành
763352516,20.824351,105.6825322,school,Trường Tiểu học Đồng Lạc
763352520,20.8232942,105.6826099,school,Trường Trung học cơ sở Đồng Lạc
763352524,20.8238376,105.6825381,kindergarten,Trường Mầm non xã Đồng Lạc
763352688,20.8117502,105.6457114,school,Trường Tiểu học Trần Phú B
764094797,20.8098035,105.7069144,school,Trường Trung học cơ sở Phúc Lâm
764094834,20.8097715,105.7047074,clinic,Trạm Y tế xã Phúc Lâm
764094873,20.8142529,105.7061424,school,Trường Tiểu học Phúc Lâm
764094876,20.8136496,105.7055079,kindergarten,Trường Mầm non xã Phúc Lâm
764357287,20.8333231,105.6715954,clinic,Trạm Y tế xã Trần Phú
764357296,20.8335274,105.6737237,kindergarten,Trường Mầm non xã Trần Phú
764357299,20.8328875,105.6734374,school,Trường Trung học cơ sở Trần Phú
764357308,20.8326431,105.6728855,school,Trường Tiểu học Trần Phú A
764553910,20.7355923,105.7045812,school,Trường Tiểu học xã Hồng Sơn
764553920,20.733534,105.7028901,kindergarten,Trường Mầm non Hồng Sơn
764553921,20.7331741,105.7024751,school,Trường Trung học cơ sở Hồng Sơn
765136193,20.782645,105.7158351,school,Trường Trung học cơ sở Bột Xuyên
765136206,20.7798897,105.712261,school,Trường Tiểu học Xã Bột Xuyên
765138725,20.7542503,105.7038643,school,Trường Trung học phổ thông Mỹ Đức B
765975786,20.7267803,105.7235544,school,Trường Tiểu học Lê Thanh A
766661826,20.7398213,105.7136672,kindergarten,Trường Mầm non Lê Thanh B
766661828,20.7392734,105.7135404,school,Trường Tiểu học Lê Thanh B
766662050,20.7166383,105.7326652,clinic,Trạm Y tế xã Xuy Xá
766662052,20.7174863,105.7329764,school,Trường Tiểu học Xuy Xá
766662117,20.7192418,105.735605,kindergarten,Trường Mầm non xã Xuy Xá
767859408,20.7224429,105.7627952,school,Trường Tiểu học Phùng Xá
767859421,20.7194482,105.7609451,kindergarten,Trường Mầm non xã Phùng Xá
767859425,20.7202366,105.7613253,school,Trường Trung học cơ sở Phùng Xá
767859428,20.7209985,105.7616144,clinic,Trạm Y tế xã Phùng Xá
768033040,20.61923,105.7779436,school,Trường Tiểu học Hương Sơn A
768420583,20.6095141,105.77632,kindergarten,Điểm trường Mầm non Thôn Yến Vỹ
768420595,20.6100803,105.7858582,school,Trường Tiểu học Hương Sơn B
768696728,20.6824479,105.7462245,school,Trường Trung học cơ sở Đại Nghĩa
768696730,20.6833414,105.7448217,school,Trường Trung học phổ thông Mỹ Đức A - khu B
768696736,20.6872899,105.7397328,kindergarten,Trường Mầm non Tế Tiêu
768696744,20.6876919,105.7403572,school,Trường Trung học cơ sở Tế Tiêu
768696763,20.6869406,105.7405705,school,Trường Tiểu học Tế Tiêu
769948441,20.6581141,105.737903,school,Trường Trung học cơ sở An Tiến
769948447,20.6574641,105.7373223,school,Trường Tiểu học An Tiến
777888670,20.9889167,105.9460198,university,Trường Đại học VinUni
779440864,21.2734532,105.6795226,school,Trường Trung học cơ sở Sơn Lôi
779903800,21.2703838,105.6805748,school,Trường Tiểu học Sơn Lôi B
792035946,21.0310073,105.7902644,school,Trường Tiểu học Archimedes Academy
792035947,21.0317411,105.7904403,school,Trường Tiểu học và Trung học cơ sở HWS
792035951,21.0304564,105.7940924,school,Alaska Academy
792416730,20.9479314,105.7037115,school,Trường Trung học cơ sở Phụng Châu
792416731,20.9478322,105.7028442,school,Trường Mầm non Phụng Châu
792416735,20.9495134,105.7024105,school,Trường Tiểu học Phụng Châu
792420834,20.9367721,105.7094315,university,Trường Đại học Sư phạm Thể dục Thể thao Hà Nội
800825637,21.1897125,105.6427602,school,Trường Trung học phổ thông Tiến Thịnh
800878327,21.013538,105.5252156,university,Trường Đại học FPT
802417909,20.9876054,105.8023262,school,Trường Trung học phổ thông Trần Hưng Đạo - Thanh Xuân
802431699,21.0052721,105.8183252,school,Trường Trung học cơ sở Thái Thịnh (phân hiệu)
802431700,21.0050355,105.8179498,school,Trường Tiểu học Bế Văn Đàn (phân hiệu)
802433054,21.0057066,105.8176706,school,Trường Trung học phổ thông Quang Trung - Đống Đa
810475989,21.007324,105.8307349,school,Trường Phổ thông Liên cấp TH School
812556568,21.0076197,105.8361607,school,Trường Tiểu học Kim Liên
812557719,21.0071708,105.8356056,kindergarten,Trường Mầm non Kim Liên
814968070,21.0053719,105.8359384,kindergarten,Trường Mầm non Kim Liên (phân hiệu 1)
814971615,21.0070908,105.8344116,school,Hanoi Adelaide School
815625292,21.0110881,105.7937189,school,Trường Tiểu học Trung Yên
815625293,21.0112297,105.7945222,school,Trường Mầm non Peace School
816202770,21.0104023,105.7927502,school,Trường Trung học cơ sở & Trung học phổ thông Lương Thế Vinh (Cơ sở Cầu Giấy)
817416233,21.3261342,105.4007749,school,Trường Trung học phổ thông Vũ Thê Lang
817570463,21.0062206,105.8342592,clinic,Phòng khám Đa khoa Kim Liên
817572203,21.0071168,105.8336234,school,Trường Trung học phổ thông Lê Quý Đôn - Đống Đa
821395351,21.0051721,105.8302513,school,Trường Tiểu học Khương Thượng
821395352,21.0045671,105.8300163,school,Trường Trung học cơ sở Khương Thượng
821395356,21.0066924,105.8257726,university,Trường Đại học Thủy lợi
822795760,20.9841986,105.8504054,school,Trường Trung học cơ sở Tân Mai
822795761,20.9816848,105.84921,school,Trường Trung học phổ thông Trương Định
826025410,21.0091658,105.8280605,library,Thư Viện HVNH B3
826029900,21.010705,105.8155775,kindergarten,Trường mầm non Hoa Hồng
826041737,21.0092052,105.8269868,library,
826346237,21.0277192,105.8026964,university,Trường Đại học Giao thông Vận tải
828015640,21.0402213,105.7830389,school,Trường Trung học phổ thông chuyên Ngoại ngữ
828397360,20.9841818,105.7985893,library,
828687102,21.0453652,105.7620769,library,M
828691769,21.054247,105.7352638,university,Đại học Công nghiệp Hà Nội
828693695,21.0555939,105.7347113,library,A11
829264861,21.0469274,105.7852095,university,Trường Đại học Điện lực
829266414,20.9892798,105.7957075,university,Trường Đại học Hà Nội
838059689,21.0103587,105.837117,school,Trường Tiểu học Kim Liên A (phân hiệu 1)
838076289,21.0154534,105.8617595,hospital,Bệnh viện Hữu Nghị
838172055,20.9665518,105.7884356,university,Học viện Quân y
839655655,21.0157739,105.8314076,school,Trường Phổ thông cơ sở Xã Đàn
839655656,21.0158765,105.8306027,kindergarten,Trường Phổ thông cơ sở Xã Đàn
839675219,21.0096835,105.8327101,school,Trường Tiểu học Trung Tự
839675221,21.0097883,105.8345769,kindergarten,Trường Mẫu giáo Việt Triều Hữu nghị
839675223,21.0100472,105.8333495,school,Trung tâm Giáo dục nghề nghiệp - Giáo dục thường xuyên Đống Đa
839899591,21.0108388,105.8504966,school,Trường Tiểu học Bà Triệu
840063164,21.0084384,105.8326479,kindergarten,Trường Mầm non Trung Tự
840066506,21.0129551,105.828883,school,Trường Tiểu học Bế Văn Đàn
840066509,21.0139097,105.829101,school,Trường Trung học cơ sở Đống Đa
840439575,21.0186558,105.8287048,school,Trường Tiểu học Đống Đa
840583721,21.0094054,105.8494822,school,Trường Trung học cơ sở Vân Hồ
840613321,21.0030341,105.8454575,school,Trường Tiểu học Lê Văn Tám
840613326,21.0029655,105.8450465,kindergarten,Trường Mẫu giáo Bách Khoa
840803798,21.0019473,105.8544565,school,Trung tâm Giáo dục nghề nghiệp - Giáo dục thường xuyên quận Hai Bà Trưng
840876883,21.005638,105.7477216,school,Trường Tiểu học Tây Mỗ
840876905,21.0066198,105.7445921,school,Trường Trung học cơ sở Tây Mỗ
840934123,21.0026336,105.7573222,school,Trường Trung học cơ sở Nguyễn Quý Đức
840934124,21.0020321,105.7561253,school,Trường Trung học phổ thông Đại Mỗ
842605269,21.0176301,105.8495995,hospital,Bệnh viện Mắt Trung ương
842611486,20.9127073,105.7008443,school,Trường Trung học phổ thông Chương Mỹ A
842611503,20.919529,105.6950085,school,Trường Tiểu học Ngọc Hòa
842611504,20.9188553,105.6948395,school,Trường Trung học cơ sở Ngọc Hòa
842611507,20.9209358,105.6933477,clinic,Trạm y tế xã Ngọc Hòa
842611513,20.9504041,105.7096422,library,Thư Viện Phượng Nghĩa
846122939,21.0044922,105.80124,school,Trường Liên cấp TH & Trung học cơ sở Ngôi Sao Hà Nội
847053740,21.0171447,105.7859415,school,Trường Tiểu học Jean Piaget
848753689,21.0219861,105.551818,kindergarten,Trường Mầm non Tân Xã
848753691,21.020937,105.5515363,school,Trường Tiểu học Tân Xã
848753692,21.0212775,105.5512642,school,Trường Trung học cơ sở Tân Xã
848753695,21.0203,105.5500417,school,Trường Trung học phổ thông Hai Bà Trưng - Thạch Thất
848915398,20.997136,105.8422594,hospital,Bệnh viện An Việt
849686727,20.9960981,105.7891728,hospital,Bệnh viện Y học cổ truyền Bộ Công an
849686745,20.9874769,105.7747686,school,Trường Tiểu học Nguyễn Quý Đức
849827990,21.0170679,105.7767067,school,Trường Trung học cơ sở Mỹ Đình 1
852423760,21.0150327,105.8539074,school,Trường Tiểu học Ngô Thì Nhậm
852583917,21.1411198,105.4589387,college,Trường Quân sự Bộ tư lệnh Thủ đô Hà Nội
854938876,20.9981743,105.5368146,school,TH School Hòa Lạc
856220237,20.9727944,105.8233726,hospital,Viện Y học cổ truyền Quân đội
856836430,20.9914705,105.5750701,kindergarten,Trường Mầm non Đồng Trúc
856836458,20.993063,105.5694046,school,Trường Trung học cơ sở Đồng Trúc
856836492,20.9967762,105.5705229,school,
856836506,20.9971502,105.5716677,kindergarten,Trường Mầm non Đồng Trúc
857425799,21.0221453,105.8424907,university,Trường Đại học Mỹ thuật Việt Nam
857438584,21.0093319,105.8379891,hospital,Bệnh viện Đông Đô
858190901,21.0081374,105.8497129,school,Trường Trung học cơ sở Tô Hoàng
858190902,21.0079557,105.8493084,school,Trường Tiểu học Tô Hoàng
860063998,21.0046694,105.8473285,college,Trường Cao đẳng Nghề Bách Khoa Hà Nội
860064003,21.001137,105.8478913,university,Trường Đại học Mở Hà Nội
860064004,21.0020476,105.8500913,school,Trường Trung học cơ sở Ngô Gia Tự
860067455,21.0005486,105.8493107,school,Trường Trung học phổ thông Thăng Long
860278057,21.032479,105.9181086,school,Trường Tiểu học Vũ Xuân Thiều (Phân hiệu)
860278058,21.0325763,105.9110914,school,Trường Trung học cơ sở Sài Đồng (Phân hiệu 1)
860294715,21.0261842,105.8318299,college,Trường Cao đẳng Y tế Hà Nội
860294716,21.0220103,105.8295492,school,Trường Trung học phổ thông Đống Đa
860294717,21.0215012,105.8303053,school,Trường Tiểu học Cát Linh - Phân hiệu Tô Vĩnh Diện
860294721,21.0171701,105.834876,school,Trường Tiểu học Văn Miếu - Quốc Tử Giám (phân hiệu 1)
860294723,21.0224164,105.8364719,clinic,Trạm Y tế phường Văn Chương
861103409,21.0298501,105.9204659,school,Trường Mầm non May 10
862095210,21.0234315,105.8238275,university,Trường Đại học Mỹ thuật Công nghiệp
862095212,21.0229578,105.8259312,university,Học viện Âm nhạc Quốc gia Việt Nam
863234966,21.0227751,105.8535212,library,Thư viện Khoa học và Công nghệ Quốc gia
863234980,21.0129915,105.8496681,hospital,Bệnh viện Mắt Quốc tế DND
863471882,20.9888413,105.876819,college,"Trường Đào tạo, bồi dưỡng Cán bộ Công thương Trung ương"
863495455,21.0325963,105.9408599,school,Trường Tiểu học Cổ Bi (Trường chính)
863495463,21.0312699,105.9412979,clinic,Điểm trạm y tế Cổ Bi
863712774,20.9764919,105.8151344,library,
863796136,21.0038701,105.8590785,hospital,Bệnh viện Thanh Nhàn
863796137,21.0040116,105.8593391,hospital,Bệnh viện Ung bướu Hà Nội
863796138,21.0033713,105.8583866,hospital,Bệnh viện Phổi Hà Nội
863797894,21.0611356,105.8964449,school,Trường Trung học cơ sở Đức Giang
863797895,21.0613263,105.8985365,hospital,Bệnh viện Đa khoa Đức Giang
863797896,21.0598839,105.8977106,school,Trường Mầm non Việt Hưng
868988115,21.0013503,105.8052205,school,Trường Tiểu học Thanh Xuân Trung
869731375,20.9983597,105.8023462,school,Trường Trung học cơ sở Thanh Xuân
869731376,20.9979474,105.8019714,kindergarten,Trường Mầm non Thanh Xuân Trung
870427259,21.0565178,105.5140646,university,Trường Đại học Trần Quốc Tuấn
871151846,21.0240047,105.8439728,hospital,Bệnh viện Tim Hà Nội
871803866,21.0386857,105.7744599,school,Trường Trung cấp Nghệ thuật Xiếc và Tạp kỹ Việt Nam
871887393,21.0229472,105.8128485,school,Trường Tiểu học Thành Công A
871887394,21.0213154,105.8125943,kindergarten,Trường Mầm non Thành Công
871887395,21.0212581,105.81003,university,Trường Đại học Luật Hà Nội
872102504,21.0202944,105.8150072,library,Thư viện Ba Đình
874492975,21.0266881,105.8219208,kindergarten,Trường Mầm non Thực hành Hoa Sen
874492979,21.0302478,105.8212177,kindergarten,Trường Mầm non Tuổi Hoa
874998839,21.0370182,105.772949,school,Trường Trung học cơ sở Mai Dịch
874998865,21.0387889,105.7657416,clinic,Trạm Y tế phường Từ Liêm
874998875,21.039245,105.7649102,school,Trường Tiểu học Từ Liêm 1 (phân hiệu)
874999252,21.0356369,105.7651016,school,Trường Trung học cơ sở & Trung học phổ thông Lê Quý Đôn
875161095,20.966071,105.9332839,college,Trường Đào tạo Vietcombank
875184380,20.9748563,105.9234941,school,Greenfield School
875184401,20.949139,105.9401114,school,Edison Schools
875488193,21.0334319,105.7633671,school,Trường Tiểu học Lê Quý Đôn
875488195,21.0322538,105.7622418,school,Trường Liên cấp Việt - Úc Hà Nội
875488199,21.0332826,105.7638587,school,Trường Trung học cơ sở Đoàn Thị Điểm
875488223,21.0317959,105.7658617,university,Trường Đại học Victoria Hòa Bình
875680699,21.023023,105.8135161,school,Trường Trung học cơ sở Thành Công
875680710,21.0229104,105.8108874,university,Học viện Hành chính và Quản trị công
875680716,21.0207754,105.8160937,school,Trường Tiểu học Thành Công B
876528925,20.9962021,105.7971367,university,Học viện Chính trị khu vực I
876528926,21.044741,105.7883501,college,Học viện Chính trị Quốc gia Hồ Chí Minh
879842500,20.9676018,105.7791314,hospital,Trung tâm Y tế quận Hà Đông
879919782,20.9663524,105.7811155,school,Trường Trung học cơ sở Lê Lợi
880260994,21.0453651,105.7921518,college,Trường Cao đẳng Sư phạm Trung ương
880261004,21.0425605,105.7922885,kindergarten,Trường Mầm non Hoa Hồng
881184688,20.9676247,105.7900215,hospital,Bệnh viện Quân y 103
881515775,20.9667279,105.7924112,hospital,Bệnh viện Bỏng Quốc gia Lê Hữu Trác
883081926,20.9653498,105.9317625,university,Trường Đại học Anh Quốc Việt Nam
883183192,21.0140335,105.8588749,university,Trường Đại học Y Hà Nội
884063651,21.0178963,105.8279668,school,Trường Tiểu học Vietkids
884063652,20.9979615,105.8444685,school,Trường Tiểu học Đồng Tâm
885744682,20.9809046,105.8200629,hospital,Viện Y học phóng xạ và U bướu Quân đội
885744692,20.9780535,105.8219244,school,Trường Tiểu học Đại Kim
885744699,20.9783298,105.8215837,school,Trường Trung học cơ sở Đại Kim
886608518,21.0294026,105.8049239,college,Trường Lê Duẩn
886608538,21.0229037,105.8024089,school,Trường Trung học cơ sở Láng Thượng
886608539,21.0225522,105.8025964,kindergarten,Trường Mầm non Láng Thượng
886615014,21.0210964,105.7988302,school,Trường Trung học phổ thông Yên Hòa
886615030,21.0165576,105.7948258,college,Trường Cao đẳng Cộng đồng Hà Nội
888367921,21.0278754,105.8149584,school,Trường Tiểu hoc Ngọc Khánh
888367953,20.992878,105.8003806,kindergarten,Trường Mầm non Thanh Xuân Bắc
888441065,21.0383511,105.8019982,school,Trường Trung học phổ thông Cầu Giấy
888629818,21.0130009,105.8151075,college,Trường Cao đẳng nghề Công nghiệp Hà Nội
889270316,20.9983223,105.8553227,school,Trường Trung học phổ thông Đoàn Kết - Hai Bà Trưng
889989772,20.9923452,105.7986064,school,Trường Tiểu học Đặng Trần Côn
889989781,20.9919177,105.7992812,school,Trường Tiểu học Thanh Xuân Bắc
891004233,20.9522962,105.8510255,hospital,Bệnh viện Nội tiết Trung ương
891004237,20.9512688,105.8514742,school,Trường Trung học cơ sở Chu Văn An
891419018,21.0151131,105.8547936,school,Trường Trung học cơ sở Lê Ngọc Hân (Cơ sở Thi Sách)
892554716,20.9894832,105.8011523,university,Học viện Khoa học Xã hội
892577220,21.0021183,105.8165474,school,Trường Quốc tế Anh Việt Hà Nội
895143473,21.0098213,105.9324141,university,Học viện Nông nghiệp Việt Nam
895234877,21.0723014,105.7790919,school,Khu giảng đường A1 - Trường Đại học Mỏ - Địa chất
896079120,21.0504338,105.7883827,hospital,Bệnh viện E
896414891,21.0039546,105.7392143,school,Trường Trung học Vinschool
897564106,21.0783024,105.7766415,school,Trường Tiểu học Đức Thắng
897569850,21.0826117,105.7733597,school,Trường Trung học cơ sở Đông Ngạc
897961146,21.0434513,105.7729255,school,Trường Hàn Quốc Hà Nội
898226389,21.0755685,105.7719829,pharmacy,tiệm thuốc phúc hải
898226397,21.0756588,105.7721345,pharmacy,thuốc tùng anh
898392068,20.9628383,105.7698049,school,Trung tâm Huấn luyện và Bồi dưỡng nghiệp vụ - Công an thành phố Hà Nội
899332861,21.0687599,105.7784391,pharmacy,
899388705,21.0017471,105.8590625,school,Trường Tiểu học Quỳnh Mai
899388706,21.0017783,105.8594974,school,Trường Trung học cơ sở Quỳnh Mai
899388710,21.0007573,105.8611841,kindergarten,Trường Mầm non Quỳnh Mai
899388713,21.0008524,105.8606866,clinic,Trạm Y tế phường Bạch Mai
899881715,21.0915667,105.7832364,school,Trường Tiểu học Đông Ngạc B
900842178,21.000572,105.830624,hospital,Bệnh viện Thẩm mỹ Kangnam Hàn Quốc
901113596,21.0166078,105.7760249,school,Trường Marie Curie
901113609,21.0157644,105.775314,school,Green School Mỹ Đình
902641890,21.0968037,105.9634499,college,Trường Cao đẳng Lý Thái Tổ
903424416,21.0114631,105.8550225,school,Trường Tiểu học Trưng Trắc
903697302,21.0002165,105.8257561,hospital,Viện Y học Phòng không - Không quân
904729837,21.0115935,105.8484012,pharmacy,Nhà thuốc Hapharco
905067705,20.9667025,105.8244026,kindergarten,Trường Mầm non Hoa Hướng Dương
905275452,21.0246967,105.7883187,hospital,Viện Huyết học - Truyền máu Trung ương
906631345,21.0172185,105.8073682,university,Trường Đại học Văn hóa Nghệ thuật Quân đội
906732056,21.0083373,105.7957439,clinic,Phòng khám Đa khoa Quốc tế Thu Cúc
906732060,21.0194894,105.8071746,university,Học viện Phụ nữ Việt Nam
906732062,21.0189013,105.8064109,hospital,Bệnh viện Thận Hà Nội
906733535,21.0375871,105.7889046,university,Học viện Báo chí và Tuyên truyền
908664430,21.0285309,105.92074,college,Trường Cao đẳng nghề Long Biên
909125235,21.0282567,105.8293321,school,Trường Tiểu học Cát Linh
909125236,21.0287284,105.8293613,school,Trường Trung học cơ sở Cát Linh
910279785,21.0505251,105.7924133,school,Trường Liên cấp Everest
913350031,21.0319022,105.9112145,clinic,Trạm y tế phường Phúc Lợi
914126560,21.0467297,105.9245261,school,Trường Trung học phổ thông Phúc Lợi
914297405,21.0216088,105.9388287,school,Trung tâm Giáo dục nghề nghiệp – Giáo dục thường xuyên Gia Lâm
914593366,21.0297538,105.8392583,school,Trường Tiểu học Phan Chu Trinh
914749542,20.970537,105.7726457,college,Trường Cao đẳng Y tế Hà Đông
914749544,20.9713454,105.7744735,hospital,Bệnh viện Đa khoa Hà Đông
914889884,21.1633283,105.8576581,hospital,Bệnh viện Bắc Thăng Long
914889895,20.9487155,105.8463085,hospital,Bệnh viện Đa khoa Thanh Trì
914894808,21.040858,105.8460314,hospital,Bệnh viện Đa khoa Hoè Nhai
915814813,21.1392083,105.8532536,hospital,Bệnh viện Đa khoa Đông Anh
915893906,20.7255562,105.7739582,hospital,Bệnh viện Đa khoa Vân Đình
916688844,21.0299286,105.9200188,clinic,Trạm Y tế May 10
916879500,21.003386,105.8255106,school,Trường Tiểu học Phương Mai (phân hiệu)
916879506,21.0038195,105.8250871,school,Trường Trung học cơ sở Khương Thượng (phân hiệu 2)
921987262,21.1402834,105.4957552,school,Trường Hữu nghị 80
923220611,21.0056905,105.5035141,university,Đại học Quốc gia Hà Nội tại Hòa Lạc
925420445,21.0507202,105.8127354,school,Trường Trung học cơ sở Đông Thái
925425784,21.0518698,105.8104528,school,Trường Tiểu học Đông Thái
925941337,20.9104037,105.5746642,university,Trường Đại học Lâm nghiệp
926276869,21.0328418,105.8107274,school,Trường Trung học cơ sở Thăng Long
926276871,21.0336773,105.8118853,school,Trường Trung học phổ thông Phạm Hồng Thái
926276872,21.033744,105.8130385,school,Hanoi International School
926276873,21.0330584,105.8128265,school,"Trường Tiểu học, Trung học cơ sở và Trung học phổ thông Thực nghiệm Khoa học Giáo dục"
933401688,21.0743159,105.7770694,dentist,
933680040,21.0741477,105.7742642,pharmacy,
933680065,21.0741234,105.7752773,pharmacy,
933680072,21.074173,105.7758188,dentist,
933968153,21.074301,105.7766093,pharmacy,Quầy thuốc của báo
933968163,21.0741568,105.774743,dentist,
933968181,21.0742344,105.7747677,pharmacy,
934948240,21.0833658,105.7718037,pharmacy,Quầy thuốc
934950870,21.0832837,105.7722773,pharmacy,nhà thuốc Thúy
938437548,20.9636109,105.7995597,hospital,Bệnh viện K - Cơ sở Tân Triều
939272956,20.9863177,105.5131028,university,Trường Đại học Chính trị
939606836,21.0214264,105.805101,school,Trường Phổ thông Liên cấp Alfred Nobel
939606845,21.0025938,105.8364415,school,Trường Trung học phổ thông Phùng Khắc Khoan
939610969,20.9609319,105.7598456,school,Trường Trung học phổ thông chuyên Nguyễn Huệ
939673822,21.1425606,105.497469,school,Trường Trung học phổ thông chuyên Sơn Tây
939673832,20.9818562,105.8767803,school,Trường Trung học phổ thông Hoàng Văn Thụ
939812599,20.9724592,105.7800414,school,Trường Trung học phổ thông Lê Quý Đôn - Hà Đông
939812601,20.9650209,105.7816848,school,Trường Tiểu học Lê Lợi
939812607,20.97197,105.7784922,school,Trường Trung học cơ sở Nguyễn Trãi
939812609,20.9683776,105.7830561,school,Trường Trung học phổ thông Lê Lợi
939812616,20.9718393,105.7794262,school,Trường Tiểu học Nguyễn Trãi
939977280,21.0124655,105.8101847,school,Trường Trung học cơ sở Láng Hạ
939977304,21.0155713,105.8367257,school,Trường Trung học cơ sở Văn Miếu - Quốc Tử Giám
939977306,21.0156076,105.8362269,school,Trường Tiểu học Văn Miếu - Quốc Tử Giám (phân hiệu 2)
939977307,21.0278021,105.8293012,kindergarten,Trường Mầm non Cát Linh
939977308,21.0214328,105.8289506,kindergarten,Trường Mầm non Ô Chợ Dừa (phân hiệu 2)
940668398,21.040369,105.8242035,school,Trường Tiểu học Ngọc Hà (phân hiệu 1)
940668400,21.0448084,105.8098634,university,Trường Đại học Thủ đô Hà Nội (cơ sở 3)
940668409,21.0309354,105.8264612,school,Trường Trung học cơ sở Nguyễn Trãi
940668415,21.0462504,105.8497221,school,Trường Trung học cơ sở Phúc Xá
940668417,21.0482603,105.8470353,school,Trường Tiểu học Nghĩa Dũng
940679286,21.0342825,105.8135554,school,Trường Tiểu học Nguyễn Bá Ngọc
940717114,21.0319272,105.8066216,school,Trường Tiểu học Thủ Lệ
940892132,21.0099149,105.8542572,school,Trường Trung học cơ sở Đoàn Kết
940892142,20.9980818,105.8514361,school,Trường Tiểu học Bạch Mai
941188198,21.0074117,105.7350714,school,Alpha School
941450645,20.9893193,105.8170382,school,Trường Tiểu học Khương Đình
941450646,20.9888578,105.8172283,school,Trung tâm Giáo dục thường xuyên quận Thanh Xuân
941450647,20.9883741,105.8170601,school,Trường Trung học phổ thông Khương Đình
942415474,20.9738368,105.7697884,university,Học viện Chính trị
942415493,20.9287531,105.560243,hospital,Bệnh viện Da liễu Hà Nội (cơ sở 3)
942415496,21.034976,105.9095715,hospital,Bệnh viện Tâm thần Hà Nội
942415500,20.970065,105.7729964,hospital,Bệnh viện Da liễu Hà Nội (cơ sở 2)
942477938,20.9708813,105.7715441,hospital,Bệnh viện Y học cổ truyền Hà Đông
942477940,20.8037772,105.70389,hospital,Bệnh viện Tâm thần Mỹ Đức
942477943,20.9605402,105.8019723,hospital,Bệnh viện 09
943519159,21.1039787,105.5563257,hospital,Bệnh viện Đa khoa Phúc Thọ
943519166,21.0506449,105.5702967,hospital,Bệnh viện Đa khoa Thạch Thất
944109877,21.2498053,105.8471409,hospital,Bệnh viện Đa khoa Sóc Sơn
944109885,21.250468,105.8500463,school,Trường Trung học cơ sở Tiên Dược
944109887,21.2438705,105.852745,college,Trường Cao đẳng An ninh Nhân dân I
944109908,21.2601992,105.7510377,school,Trường Trung học phổ thông MInh Trí
944300304,20.9917066,105.6448994,school,Trường Trung học phổ thông Quốc Oai
944300305,21.0169265,105.8565023,school,Trường Tiểu học Lê Ngọc Hân
944300306,20.993477,105.8487336,school,Trường Tiểu học Giáp Bát (điểm 3)
944300307,20.9982027,105.8739034,school,Trường Tiểu học và Trung học cơ sở Tân Khai
944300308,21.0044998,105.8523549,school,Trường Tiểu học Minh Khai
944300314,21.010273,105.8542271,school,Trường Tiểu học Đoàn Kết
944300324,20.9975831,105.8740509,kindergarten,Trường Mầm non Họa Mi (phân hiệu 1)
944300332,21.0065325,105.8656519,school,Trường Trung học cơ sở Mai Động (Phân hiệu 2)
944300333,21.0065206,105.8599595,school,Trường Trung học cơ sở Minh Khai
944300336,20.9904928,105.6435563,hospital,Bệnh viện Đa khoa Quốc Oai
944300346,21.0106854,105.860235,school,Trường Tiểu học Đồng Nhân
944513298,20.9996648,105.8597135,kindergarten,Trường Mầm non 8-3
944513305,21.0077118,105.8617693,school,Trường Tiểu học Thanh Lương
944513308,20.998818,105.8607504,clinic,Điểm trạm Y tế Quỳnh Mai
947075347,21.1206242,105.3648595,school,Trường Trung học phổ thông Ba Vì
947075353,21.1213384,105.3632457,school,Trường Phổ thông Dân tộc Nội trú Hà Nội
947075378,20.9862452,105.4559069,school,Trường Trung học phổ thông Bắc Lương Sơn
947075384,20.9851504,105.456456,school,Trường Trung học cơ sở Yên Bình
947089970,21.1416625,105.5076627,college,Trung tâm Bồi dưỡng Chính trị thị xã Sơn Tây
947208596,20.9987574,105.8252174,school,Trường Tiểu học Khương Mai
947208600,20.9981037,105.8253051,clinic,Trạm Y tế phường Khương Mai
947208616,20.997019,105.8174802,school,Trường Trung học cơ sở Nguyễn Trãi
947549827,20.9957456,105.806816,library,E
947549853,20.9867531,105.8007713,school,Trường Trung học cơ sở Thanh Xuân Nam
947549858,20.9862125,105.8016881,kindergarten,Trường Mầm non Tuổi Hoa
947549859,20.9865634,105.8025226,school,Trường Tiểu học Thanh Xuân Nam
947559485,20.9980307,105.8148208,kindergarten,Trường Mầm non Thăng Long
947715047,21.1815312,105.3030215,school,Trường Trung học phổ thông Bất Bạt
947715054,21.1807423,105.3030235,school,Trường Trung học cơ sở Sơn Đà
947715058,21.1810411,105.3044717,school,Trường Tiểu học Sơn Đà
947715064,21.1802881,105.3028063,kindergarten,Trường Mầm non Sơn Đà
947715075,21.0712831,105.3175488,school,Trường Trung học phổ thông Minh Quang
951204737,21.1154934,105.4973292,hospital,Bệnh viện Quân y 105
951204738,21.113573,105.4930236,university,Học viện Biên phòng
951204739,21.1192672,105.5020782,college,Trường Cao đẳng Hậu cần 1
951204773,21.1131294,105.4947078,school,Trường Trung học phổ thông Tùng Thiện
951420388,21.1522949,105.5061667,hospital,Bệnh viện Đa khoa Sơn Tây
951420403,21.1103008,105.4806679,university,Trường Sĩ quan Pháo binh
951420407,21.0991044,105.4829812,college,Học viện Phòng không Không quân
951487924,21.1314341,105.7743775,hospital,Bệnh viện Bệnh nhiệt đới Trung ương (cơ sở 2)
951945582,21.2422416,105.3877088,school,Trường Trung học phổ thông Ngô Quyền - Ba Vì
951945585,21.1962291,105.4256912,school,Trường Trung học phổ thông Quảng Oai
951945589,21.1986105,105.4252624,school,Trường Trung học phổ thông Trần Phú - Ba Vì
951945594,21.21328,105.4128712,school,Trường Trung học phổ thông Lương Thế Vinh - Ba Vì
951945597,21.0399387,105.4340606,school,Trường Tiểu học Yên Bài (khu A)
951945598,21.0395265,105.4337666,school,Trường Trung học cơ sở Yên Bài A
951945605,21.0802296,105.3294339,school,Trường Tiểu học và Trung học cơ sở Hợp Nhất (khu Trung học cơ sở)
951945611,21.1268736,105.3544251,school,Trường Tiểu học Ba Trại A
951945614,21.1240296,105.3480507,school,Trường Trung học cơ sở Ba Trại
951945617,21.1248506,105.3483269,school,Trường Tiểu học Ba Trại B
951945620,21.1292714,105.7721126,school,Trường Trung học phổ thông Bắc Thăng Long
951945627,20.9588133,105.6793768,school,Trường Trung học phổ thông Cao Bá Quát - Quốc Oai
951945631,20.8827971,105.6700351,school,Trường Trung học phổ thông Chúc Động
951945636,20.833497,105.7117343,school,Trường Trung học phổ thông Chương Mỹ B
951945644,21.2579044,105.8508004,school,Trường Trung học phổ thông Đa Phúc
951945647,21.2591656,105.849824,school,Trường Tiểu học Thị trấn Sóc Sơn
951945660,20.6492888,105.8653592,school,Trường Trung học phổ thông Đại Cường
952866870,20.9643105,105.9336309,university,Trường Đại học Y khoa Tokyo Việt Nam
953304715,21.0499375,105.8012735,school,Trường Mầm non và Tiểu học Genesis
953737975,21.0027822,105.8064959,school,Trường Tiểu học Phan Đình Giót
953737977,21.0300569,105.858133,school,Trường Trung học cơ sở Chương Dương
953737979,21.0299022,105.8578567,school,Trường Tiểu học Chương Dương
953737981,21.0268887,105.8612253,school,Trường Tiểu học Chương Dương (khu B)
953737982,21.0284454,105.8459814,school,Trường Tiểu học Điện Biên
953737984,21.033364,105.855281,school,Trường Tiểu học Nguyễn Du
953737985,21.0386063,105.8532142,school,Trường Tiểu học Phúc Tân
953737993,21.038647,105.795315,school,Trường Trung học cơ sở Cầu Giấy A
953738002,21.0138753,105.7882521,school,Trường Trung học cơ sở Nam Trung Yên
953738008,21.042165,105.7943415,school,Trường Trung học cơ sở Nghĩa Tân
953738009,21.0424665,105.795087,school,Trường Tiểu học Nghĩa Tân
953738019,21.0277809,105.7972994,school,Trường Tiểu học Cầu Giấy B (phân hiệu 2)
953738021,21.0352219,105.7839663,school,Trường Tiểu học Cầu Giấy A
954542101,21.0397384,105.7794277,college,Trường Cao đẳng Thương mại và Du lịch Hà Nội
954924140,21.0433338,105.7764424,school,Trường Tiểu học Nguyễn Khả Trạc
956996522,21.0025465,105.8355419,clinic,Điểm Y tế Phương Mai
956996523,21.0048913,105.8186349,clinic,Trạm Y tế phường Thịnh Quang
957452559,20.9917953,105.8151867,school,Trường Tiểu học - Trung học cơ sở - Trung học phổ thông Khương Hạ
957452564,20.9922292,105.82697,school,Trường Trung học cơ sở Khương Mai
957452566,20.9971635,105.8073518,school,Trường Trung học cơ sở Thanh Xuân Trung
957452572,20.9825155,105.8124958,school,Trường Trung học cơ sở Kim Giang
957452573,20.9826908,105.813103,school,Trường Tiểu học Kim Giang
957452578,20.9957452,105.8420728,school,Trường Trung học cơ sở Giáp Bát (điểm 2)
957452582,20.9965613,105.8067482,school,Trường Tiểu học Nguyễn Tuân
957452589,21.005924,105.8107,school,Trường Trung học cơ sở Nhân Chính
957452591,21.0021541,105.8117801,school,Trường Tiểu học Nhân Chính
957452593,20.9972117,105.8383519,school,Trường Tiểu học Phương Liệt
957527738,20.9745963,105.7790305,library,Thư viện Hà Nội (cơ sở 2)
957814741,21.0520736,105.8395859,school,Trường Trung học cơ sở An Dương
957814751,21.066533,105.8240008,school,Trường Trung học cơ sở Quảng An
957814752,21.0648415,105.8257803,school,Trường Tiểu học Quảng An
957814755,21.0634217,105.8345925,school,Trường Trung học cơ sở Tứ Liên
957814757,21.0628456,105.8352532,school,Trường Tiểu học Tứ Liên
957814760,21.0641956,105.833319,kindergarten,Trường Mầm non Tứ Liên
957814765,21.0659831,105.8057831,school,Trường Tiểu học Xuân La
957814767,21.0654965,105.8057539,clinic,Trạm Y tế phường Xuân La
957814769,21.0648598,105.8067392,school,Trường Trung học cơ sở Xuân La
958579247,21.1573625,105.8527511,school,Trường Trung học phổ thông Đông Anh
958579249,21.156112,105.8528118,school,Trường Trung học cơ sở Thư Lâm
958579254,21.1550922,105.8529937,school,Trường Tiểu học Thư Lâm
958579258,20.9114228,105.8711158,school,Trường Trung học phổ thông Đông Mỹ
958579270,20.9124924,105.8706615,kindergarten,Trường Mầm non A xã Đông Mỹ
958579272,21.1308231,105.6818299,school,Trường Trung học phổ thông Hồng Thái
958579281,21.0874505,105.7173958,school,Trường Trung học phổ thông Tân Lập
958579294,21.0879953,105.7162488,school,Trường Tiểu học Tân Lập A
958579298,21.0871671,105.7163082,kindergarten,Trường Mầm non Tân Lập (phân hiệu)
958579308,21.1535734,105.8925183,school,Trường Trung học phổ thông Liên Hà
958579311,21.1532224,105.8922893,library,Thư viện
958579313,21.1502713,105.8148614,school,Trường Trung học phổ thông Vân Nội
958579319,21.1497626,105.815957,school,Trường Trung học cơ sở Vân Nội
958579321,21.0084307,105.9676696,school,Trường Trung học phổ thông Dương Xá
958579326,21.0075433,105.9670192,school,Trường Trung học cơ sở Lý Nhân Tông (Phân hiệu)
958579327,21.0074311,105.9677369,school,Trường Tiểu học Lý Nhân Tông (Phân hiệu)
958618333,21.0268139,105.7739734,school,Trường Tiểu học Từ Liêm 2 (phân hiệu)
958618334,21.0273031,105.7746634,college,Trường Cao đẳng Bách Nghệ Hà Nội
958803245,20.966366,105.7672525,school,Trường Trung học phổ thông Quang Trung - Hà Đông
958803250,20.9435345,105.7576993,school,Trường Trung học phổ thông Trần Hưng Đạo - Hà Đông
958803264,20.9887966,105.7236289,school,Trường Trung học phổ thông Hoài Đức B
958803270,21.0195133,105.6967876,school,Trường Trung học phổ thông Hoài Đức C
958803287,21.04644,105.6784978,school,Trường Trung học phổ thông Vạn Xuân - Hoài Đức
958803293,20.9597516,105.8405452,school,Trường Trung học phổ thông Việt Nam - Ba Lan
958803297,21.0599758,105.8894757,school,Trường Trung học phổ thông Lý Thường Kiệt
958803301,21.060629,105.8908919,school,Trường Trung học cơ sở Thượng Thanh
958803302,21.0592494,105.889825,school,Trường Tiểu học Thuợng Thanh
960175329,21.096856,105.9170516,school,Trường Tiểu học Yên Viên
961292912,20.6479935,105.8037241,school,Trường Trung học phổ thông Lưu Hoàng
961292913,20.7764897,105.7497635,school,Trường Trung học phổ thông Trần Đăng Ninh
961292932,20.7267546,105.7765263,school,Trường Trung học phổ thông Ứng Hoà A
961292933,20.7082444,105.8412669,school,Trường Trung học phổ thông Ứng Hoà B
961664401,21.0404952,105.9034195,school,Trường Tiểu học Sài Đồng (Phân hiệu)
961810506,20.8960724,105.8505605,school,Trường Trung học phổ thông Nguyễn Trãi - Thường Tín
961810510,20.9939023,105.7873922,school,Trường Trung học phổ thông Trung Văn
961810514,21.0303075,105.7477206,school,Trường Tiểu học Nam Từ Liêm
961810527,21.0315556,105.7482537,clinic,Trạm Y tế phường Xuân Phương
961810537,21.0320152,105.748856,school,Trường Trung học cơ sở Nam Từ Liêm
961810540,21.0321404,105.7476779,school,Trường Trung học phổ thông Xuân Phương
962258113,20.6805307,105.7479437,school,Trường Trung học phổ thông Mỹ Đức A
962258119,20.7974235,105.8469293,school,Trường Trung học phổ thông Đồng Quan
962258123,21.0894397,105.600722,school,Trường Trung học phổ thông Ngọc Tảo
962258139,20.7088327,105.9411577,school,Trường Trung học phổ thông Phú Xuyên B
962258140,20.6714434,105.7056463,school,Trường Trung học phổ thông Hợp Thanh
962258151,20.6312609,105.7793919,school,Trường Trung học phổ thông Mỹ Đức C
962258158,20.7401673,105.8785465,school,Trường Trung học phổ thông Tân Dân
962258160,20.7555642,105.9130488,school,Trường Trung học phổ thông Phú Xuyên A
962258165,20.741147,105.8787749,school,Trường Tiểu học Tân Dân
962447869,21.225359,105.7607646,school,Trường Trung học phổ thông Kim Anh
962447871,21.1203315,105.5483908,school,Trường Trung học phổ thông Phúc Thọ
962447906,21.1194269,105.5264633,school,Trường Hữu nghị T78
962451103,21.1417288,105.6125589,school,Trường Trung học phổ thông Vân Cốc
962451130,21.0166245,105.646547,school,Trường Trung học phổ thông Phan Huy Chú - Quốc Oai
962451137,21.0168479,105.6481789,clinic,Trạm Y tế xã Sài Sơn
962451147,20.9527908,105.5981489,school,Trường Trung học phổ thông Minh Khai
962493738,21.0122673,105.8024559,university,Trường Đại học Lao động - Xã hội
962639642,21.311942,105.8655191,school,Trường Trung học phổ thông Trung Giã
962639648,21.2781267,105.7956667,school,Trường Trung học phổ thông Minh Phú
962639650,21.312295,105.8660996,school,Trường Trung học cơ sở Trung Giã
962639667,20.8907649,105.7770461,school,Trường Trung học phổ thông Thanh Oai B
962639676,21.2001883,105.8413515,school,Trường Trung học phổ thông Sóc Sơn
962639678,20.849201,105.7776647,school,Trường Trung học phổ thông Thanh Oai A
962639682,21.2432158,105.8909138,school,Trường Trung học phổ thông Xuân Giang
962639689,21.1076429,105.4392169,school,Trường Trung học phổ thông Xuân Khanh
962831150,21.0435581,105.8506886,college,Trường Cao đẳng Y tế Hà Nội (cơ sở 2)
962831152,21.0413911,105.7504894,school,
962831164,20.8851834,105.5772607,school,Trường Trung cấp nghề Tổng hợp Hà Nội
962831169,21.0369488,105.7971183,college,Trường Cao đẳng Điện tử - Điện lạnh Hà Nội
963227367,21.039468,105.8202166,kindergarten,Trường Mầm non số 6
963227376,21.0191077,105.8525094,school,Trường Trung học cơ sở Ngô Sĩ Liên
963227377,21.0307278,105.8579506,kindergarten,Trường Mầm non Hoa Sen
963227380,21.0190532,105.8496926,kindergarten,Trường Mầm non Bà Triệu
963536710,20.9117606,105.5761255,library,T10
963536731,20.9085731,105.5733444,school,Trường Trung học phổ thông Lâm Nghiệp
963557968,21.0675252,105.8048867,university,Học viện Hành chính và Quản trị công
963557982,20.995731,105.8656012,university,Trường Đại học Kinh tế Kỹ thuật Công nghiệp
964908477,21.0765246,105.8226209,school,Trường Tiểu học Nhật Tân
965302176,20.9546402,105.8323646,hospital,Bệnh viện K (Cơ sở 2 - Tam Hiệp)
965788864,21.0193561,105.7387239,school,Trường Tiểu học Xuân Phương (phân hiệu 1)
965815444,21.0259934,105.738333,school,Trường Tiểu học Xuân Phương
965816271,21.0204612,105.7384115,school,Trường Trung học cơ sở Xuân Phương (phân hiệu 2)
966177531,20.9292653,105.7188145,school,Trường Trung học cơ sở Biên Giang
966177542,20.9290906,105.7229707,school,Trường Tiểu học Biên Giang
966177545,20.9293427,105.7331679,school,Trường Trung học cơ sở Đồng Mai
966177547,20.9336518,105.7349221,school,Trường Tiểu học Đồng Mai 1
966177549,20.9347046,105.7359166,kindergarten,Trường Mầm non Đồng Mai
966204362,20.9211927,105.7374627,school,Trường Tiểu học Đồng Mai 2
966204367,20.9245821,105.7384558,kindergarten,Trường Mầm non Đồng Dương
966204377,20.9831304,105.7450791,school,Trường Trung học cơ sở Dương Nội
966204381,20.9751592,105.7460052,kindergarten,Trường Mầm non Dương Nội
966204384,20.9748024,105.7459295,school,Trường Tiểu học Kim Đồng
966204388,20.9741274,105.7521914,school,Trường Tiểu học An Hưng
966204395,20.9765637,105.7525375,school,Trường Trung học cơ sở Lê Quý Đôn
966204396,20.9808969,105.7490442,school,Trường Tiểu học Dương Nội B
966204400,20.9883909,105.7450118,school,Trường Tiểu học Trần Quốc Toản
967020813,21.0169587,105.7392881,kindergarten,Trường Mầm non Nam Từ Liêm
967149605,21.0255813,105.7740585,school,Trường Trung học cơ sở Mỹ Đình 2
971276880,20.8454319,106.0079509,university,Trường Đại học Sư phạm Kỹ thuật Hưng Yên
973038809,21.0384985,105.7599469,school,Trường Trung học cơ sở Cầu Diễn
973038813,20.9925604,105.7688045,kindergarten,Trường Mầm non Đại Mỗ B
973038814,20.9920008,105.7694664,school,Trường Trung học cơ sở Đại Mỗ
973038815,20.9951095,105.752247,school,Trường Tiểu học Đại Mỗ
973038821,20.9924587,105.7552058,kindergarten,Trường Mầm non Đại Mỗ A
973038860,20.9878403,105.7525244,school,Trường Phổ thông Quốc tế Việt Nam
973197743,21.0878127,105.759467,school,Trường Trung học cơ sở Liên Mạc
973197768,21.0542218,105.7460772,school,Trường Trung học cơ sở Minh Khai
973197774,21.0671217,105.7416877,school,Trường Tiểu học Minh Khai B
973197779,21.0664955,105.7413735,school,Trường Trung học phổ thông Tây Đô
973197783,21.0510009,105.7426464,school,Trường Tiểu học Minh Khai A
973197784,21.0502422,105.755375,school,Trường Trung học cơ sở Phúc Diễn
973197788,21.0512429,105.7548198,kindergarten,Trường Mầm non Phúc Diễn
973197789,21.0521035,105.7549077,school,Trường Tiểu học Phúc Diễn
973215954,20.9471049,105.7592514,university,Trường Đại học Đại Nam
973216604,21.0497503,105.7591312,school,Trường Tiểu học Phú Diễn
973216609,21.0419097,105.7507613,school,Trường Phổ thông Liên cấp Tây Hà Nội
973216610,21.0699655,105.7293233,school,Trường Tiểu học Tây Tựu A
973216614,21.0709335,105.7278016,school,Trường Trung học cơ sở Tây Tựu
973216618,21.0680384,105.7392007,school,Trường Tiểu học Tây Tựu B
973433275,20.9610991,105.7474566,university,Đại học Phenikaa
973471768,20.9715137,105.8488725,school,Trường Tiểu học Thịnh Liệt
973471796,20.9682145,105.846504,clinic,Trạm Y tế Hoàng Mai
973477509,20.9711826,105.8457763,clinic,Điểm Trạm Y tế Thịnh Liệt
973477511,20.9784013,105.8503124,school,Trường Trung học cơ sở Thịnh Liệt (trụ sở chính)
973480708,21.1800717,105.6819888,hospital,Bệnh viện Đa khoa Mê Linh
974596720,21.0165772,105.8570649,clinic,Trạm Y tế phường Hai Bà Trưng
974596745,21.0426309,105.8397093,clinic,Trạm Y tế phường Ba Đình
974596748,20.9909108,105.8123873,hospital,Trung tâm Y tế quận Thanh Xuân
974596754,20.9905862,105.8121818,kindergarten,Trường Mầm non Ánh Sao
974924299,21.0001786,105.7378966,kindergarten,Trường Mầm non Vinschool
975216547,20.9226255,105.9326912,school,Trường Trung học phổ thông Dương Quảng Hàm
975270311,21.24885,105.8277571,university,Trường Đại học Thủ đô Hà Nội (cơ sở 2)
975343334,21.2859139,105.8322448,university,Học viện Phật giáo Việt Nam tại Hà Nội
975967856,21.0904456,105.7345757,school,Trường Tiểu học Thượng Cát
975967868,21.0929993,105.7305926,school,Trường Trung học cơ sở Thượng Cát
975967872,21.0910122,105.7769756,school,Trường Trung học cơ sở Đông Ngạc (phân hiệu)
975967873,21.0910615,105.7764341,school,Trường Tiểu học Thuỵ Phương
975967882,21.0900165,105.7766658,kindergarten,Trường Mầm non Thuỵ Phương
975967883,21.0901836,105.776899,clinic,Trạm Y tế phường Thuỵ Phương
975967902,20.9942072,105.7794452,school,Trường Tiểu học Nguyễn Du
975967903,20.9937101,105.7792239,school,Trường Trung học cơ sở Nguyễn Du
975967904,20.9902825,105.7848578,school,Trường Tiểu học Trung Văn
975967909,20.9909212,105.7909973,school,Trường Trung học cơ sở Trung Văn
975967911,20.9914053,105.790527,school,Trường Phổ thông Liên cấp Olympia
976255130,21.027817,105.7451042,school,Trường Trung học cơ sở Xuân Phương
976255132,21.0244087,105.7369583,college,Trường Đào tạo và Phát triển Nguồn nhân lực VietinBank
976255147,21.010664,105.7754932,school,Trường Trung học cơ sở Mễ Trì
976255151,21.0103391,105.7763706,school,Trường Tiểu học Mễ Trì
976255164,21.0130247,105.7695124,school,Trường Tiểu học Phú Đô
976255167,21.0122798,105.7700215,school,Trường Trung học cơ sở Phú Đô
976255184,21.0346043,105.7393019,school,Trung tâm Giáo dục nghề nghiệp - Giáo dục thường xuyên quận Nam Từ Liêm
976255185,21.0334545,105.7432422,school,Trường Tiểu học Phương Canh
976633046,20.9593804,105.7893438,school,Trường Tiểu học Kiến Hưng
976633051,20.9585951,105.7885466,school,Trường Trung học cơ sở Kiến Hưng
976633055,20.9672794,105.7755237,school,Trường Trung học cơ sở Lê Hồng Phong
976633057,20.9675296,105.7753038,school,Trường Tiểu học Lê Hồng Phong
976633060,20.9471316,105.7876112,school,Trường Tiểu học Mậu Lương
976633064,20.9449124,105.7909588,school,Trường Trung học cơ sở Mậu Lương
976633065,20.9850313,105.7830229,school,Trường Trung học cơ sở Mỗ Lao
976633067,20.9851095,105.7837193,clinic,Trạm Y tế phường Mỗ Lao
976633069,20.941184,105.7799657,school,Trường Trung học cơ sở Phú Cường
976633073,20.9617284,105.7681034,school,Trường Trung học cơ sở Phú La
976633075,20.961519,105.7675409,school,Trường Trung học cơ sở - Trung học phổ thông Ban Mai
976633079,20.9452159,105.7512135,school,Trường Trung học cơ sở Phú Lãm
976633083,20.9431515,105.7539982,school,Trường Tiểu học Phú Lãm
976633088,20.9553274,105.7647793,school,Trường Tiểu học Phú La
976633091,20.9698656,105.7656947,school,Trường Trung học cơ sở Trần Đăng Ninh
976633093,20.9470543,105.74247,school,Trường Tiểu học Lê Trọng Tấn
976633096,20.9351068,105.7609866,school,Trường Tiểu học Phú Cường
977113577,20.9398454,105.7663343,school,Trường Tiểu học Phú Lương 2
977113582,20.9382646,105.7660808,school,Trường Trung học cơ sở Phú Lương
977113583,20.9367078,105.7711682,school,Trường Tiểu học Phú Lương 1
977113586,20.9692648,105.771607,school,Trường Tiểu học Đoàn Kết
977113590,20.9689681,105.7711386,school,Trường Tiểu học Trần Đăng Ninh
977113591,20.9779516,105.7804602,school,Trường Tiểu học Trần Phú
977113592,20.9781757,105.7818122,school,Trường Tiểu học Trần Phú (cơ sở 2)
977113597,20.9784585,105.7696974,school,Trường Tiểu học Vạn Bảo
977113602,20.9815875,105.7728143,school,Trường Tiểu học Vạn Phúc
977113606,20.9787647,105.7785698,school,Trường Trung học cơ sở Vạn Phúc
977482379,20.9696571,105.8749594,school,Trường Quốc tế Singapore
977795569,20.9827838,105.8660478,hospital,Bệnh viện Nam học và Hiếm muộn Hà Nội
978332483,20.8421848,105.9790677,hospital,Trung tâm Y tế Khoái Châu
978674464,21.044257,105.9188508,school,Trường Quốc tế Đa cấp Anh - Hà Nội
982139385,21.1628411,105.4202058,college,Trường Cao đẳng Giao thông Vận tải Trung ương I
985795884,20.7309756,105.9947492,school,Trường Trung học phổ thông Đức Hợp
985795885,20.730371,105.9942501,clinic,Trạm Y tế xã Đức Hợp
986697433,20.8180407,105.9836235,school,Trường Trung học phổ thông Phùng Hưng
986697444,20.8249373,105.9437809,school,Trường Trung học phổ thông Nguyễn Siêu
986697455,20.8895724,105.9863443,school,Trường Trung học phổ thông Triệu Quang Phục
986697462,20.7919991,105.9883218,school,Trường Trung học phổ thông Khoái Châu (cơ sở 2)
986697463,20.869389,105.9529668,school,Trường Trung học phổ thông Trần Quang Khải
986697466,20.8379404,105.97748,school,Trường Trung học phổ thông Khoái Châu
987850246,20.985746,105.8595116,school,Trường Tiểu học Hoàng Văn Thụ (điểm 1)
987850247,20.9850799,105.8593905,school,Trường Trung học cơ sở Hoàng Văn Thụ (điểm 1)
987950082,20.9942219,105.891463,school,Trường Tiểu học Thanh Lân
987950084,20.9942554,105.8862373,school,Trường Tiểu học và Trung học cơ sở Thanh Đàm
987950091,20.983544,105.8267225,school,Trường Trung học cơ sở Định Công
987950095,20.9856099,105.8421238,school,Trường Trung học cơ sở Giáp Bát (điểm 1)
987950097,20.9865421,105.8427785,school,Trường Tiểu học Giáp Bát (điểm 1)
987950102,20.9909147,105.8529803,school,Trường Trung học cơ sở Hoàng Văn Thụ (điểm 2)
987950106,20.9903718,105.8530331,school,Trường Tiểu học Hoàng Văn Thụ (điểm 2)
987950108,20.9812333,105.8862802,school,Trưòng Tiểu học Vạn Xuân
988018757,20.9916294,105.8636005,school,Trường Tiểu học Mai Động
988018759,20.9905774,105.8619211,school,Trường Tiểu học Hoàng Văn Thụ (thuộc điểm 2)
988018761,20.9883412,105.8457044,school,Trường Tiểu học Tân Định
988018762,20.9882057,105.8451455,school,Trường Trung học cơ sở Tân Định
988018765,20.9842133,105.8496511,school,Trường Tiểu học Tân Mai
988018768,20.9736827,105.8841389,school,Trường Tiểu học Trần Phú
988018772,20.9731792,105.8841707,school,Trường Trung học cơ sở Lĩnh Nam
988018774,20.9880351,105.8794521,school,Trường Trung học cơ sở Vĩnh Hưng
988018778,20.9849076,105.8771698,school,Trường Tiểu học Vĩnh Hưng
988194024,20.9857761,105.8910896,school,Trưòng Tiểu học và Trung học cơ sở Nam Dư
988194027,20.9737498,105.8947656,school,Trường Tiểu học Lĩnh Nam (cơ sở 2)
988194029,21.0393974,105.9110725,school,Trường Tiểu học Vũ Xuân Thiều (Trường chính)
988194031,21.0387578,105.905402,school,Trường Tiểu học Sài Đồng (Trường chính)
988194037,21.0408647,105.9027353,school,Trường Trung học cơ sở Sài Đồng (Trường chính)
988194043,21.0666302,105.9091737,school,Trường Trung học cơ sở Đô thị Việt Hưng
988194046,21.0229476,105.9024838,school,Trường Tiểu học Long Biên (Phân hiệu)
988194054,21.0629812,105.8641976,school,Trường Tiểu học Gia Thượng
988194056,21.0601476,105.8686153,school,Trường quốc tế Pháp Alexandre Yersin
988243339,20.8258188,105.354162,hospital,Bệnh viện Đa khoa Hòa Bình
988795224,21.3002973,105.5789398,hospital,Bệnh viện Quân y 109
989766839,21.1878964,105.6615076,clinic,Trạm Y tế xã Liên Mạc
991652346,21.0191024,105.9127002,school,Trường Tiểu học Thạch Bàn (Phân hiệu)
991652356,21.0691205,105.8974545,school,Trường Tiểu học Thanh Am
991839266,21.0111058,105.9097182,school,Trường Tiểu học và Trung học cơ sở Cự Khối (Trường chính)
991839270,21.0111492,105.9088769,school,Trường Tiểu học và Trung học cơ sở Cự Khối (Phân hiệu)
991839273,21.0119198,105.9098061,kindergarten,
991839274,21.0690012,105.8897441,school,Trường Tiểu học Đức Giang
991839277,21.0634325,105.9171935,school,Trường Tiểu học Giang Biên
991852369,21.0611148,105.864412,school,Trường Tiểu học Lý Thường Kiệt
991852370,21.0692001,105.9059015,school,Trường Trung học cơ sở Ngô Gia Tự
991852372,21.0240897,105.8895039,school,Trường Tiểu học Long Biên (Trường chính)
991852373,21.0293198,105.8833719,school,Trường Trung học cơ sở Long Biên (Phân hiệu)
991852376,21.0636907,105.9182555,school,Trường Trung học cơ sở Giang Biên
991852380,21.0696231,105.9061693,school,Trường Tiểu học Ngô Gia Tự
992400327,21.1114506,105.444083,university,Trường Đại học Công nghiệp Việt - Hung
992666090,21.2162285,105.410044,hospital,Bệnh viện Đa khoa Ba Vì
992670662,20.7303975,105.9145075,hospital,Bệnh viện Đa khoa Phú Xuyên
992727734,21.087289,105.6713034,hospital,Bệnh viện Đa khoa Đan Phượng
992727737,20.9208472,105.6984673,hospital,Bệnh viện Đa khoa Chương Mỹ
992727740,21.0563858,105.7021556,hospital,Bệnh viện Đa khoa Hoài Đức
992965912,20.8621134,105.7572768,hospital,Bệnh viện Đa khoa Thanh Oai
992965925,20.6782283,105.7545412,hospital,Bệnh viện Đa khoa Mỹ Đức
993373128,21.1992624,105.9543442,hospital,Bệnh viện Đa khoa Yên Phong
995113701,21.3275476,105.3915277,college,Trường Cao đẳng Công nghiệp và Công nghệ Thực phẩm
995113702,21.3288129,105.392783,school,Trường Trung học cơ sở Văn Lang
995113750,21.2567816,105.7162883,college,Trường Cao đẳng Công nghiệp và Thương mại (cơ sở 3)
995208909,20.9537567,105.8088538,college,Trường Cao đẳng Kinh tế Công nghiệp Hà Nội
995446323,21.3126964,105.3995636,university,Trường Đại học Công nghiệp Việt Trì (cơ sở 2)
998753742,21.0871422,105.6637522,school,Trường Tiểu học Thị trấn Phùng
998753744,21.087491,105.6644205,school,Trường Tiểu học Đan Phượng
998753747,21.0869712,105.6648536,kindergarten,Trường Mầm non Huyện - Đan Phượng
998753753,21.0906703,105.6680772,school,Trường Trung học cơ sở Đan Phượng
998753758,21.0814011,105.6685061,school,Trường Trung học cơ sở Song Phượng
998753759,21.0819432,105.6684862,school,Trường Tiểu học Song Phượng
998753768,21.0825086,105.6685052,kindergarten,Trường Mầm non Song Phượng
998753770,21.0859178,105.6587627,school,Trường Trung học cơ sở Lương Thế Vinh
1004201151,21.02461,105.7715637,clinic,Dãy Nhà D - Chung cư 789
1008406412,20.9662082,105.9227492,clinic,
1008406413,20.9661102,105.9226821,clinic,
1011384362,21.0078176,105.7473049,hospital,Bệnh viện Đa khoa Quốc tế Vinmec Smart City
1015330965,20.9638425,105.9167308,school,
1016747264,20.993641,105.7118519,university,Học viện Chính sách và Phát triển
1017278300,21.0219605,105.786158,clinic,Phòng khám Đa khoa Yên Hoà
1017278305,20.9883234,105.7149984,clinic,Phòng khám Đa khoa Ngãi Cầu
1017278306,21.0162256,105.8494381,clinic,Phòng khám Đa khoa Bà Triệu
1017278310,20.9461186,105.5780896,clinic,Trạm y tế xã Hoà Thạch
1017278312,20.9486392,105.5884071,clinic,Phòng khám Đa khoa Hoà Thạch
1017278315,21.1189746,105.7059766,clinic,Phòng khám Đa khoa khu vực - Trạm y tế xã Liên Hồng
1018755756,21.3360123,105.3853515,hospital,Bệnh viện Sản Nhi tỉnh Phú Thọ
1018755757,21.3202832,105.3984383,hospital,Bệnh viện Y dược cổ truyền và Phục hồi chức năng tỉnh Phú Thọ
1018777835,21.3247509,105.4013335,school,Trường Dự bị Đại học Dân tộc Trung ương
1019885007,20.5822965,105.9539678,school,Trường Trung học phổ thông C Phủ Lý
1019885022,20.5667634,105.865268,school,Trường Trung học phổ thông Lý Thường Kiệt
1019898169,20.6222136,105.9910247,school,Trường Trung học phổ thông Nguyễn Hữu Tiến
1019898178,20.576798,105.8760527,school,Trường Trung học phổ thông A Kim Bảng
1019898188,20.6079856,105.8827388,school,Trường Trung học phổ thông C Kim Bảng
1019898193,20.6441257,105.9855744,school,Trường Trung học phổ thông A Duy Tiên
1019898199,20.6468137,105.9335996,school,Trường Trung học phổ thông B Duy Tiên
1023288028,21.2581044,105.8514905,clinic,Trạm y tế thị trấn Sóc Sơn
1023288046,21.2604053,105.8508718,school,Trường Trung học cơ sở Thị trấn Sóc Sơn
1023330893,21.0469244,105.7837511,college,Trường Cao đẳng Du lịch Hà Nội
1023330894,20.8426444,105.3486653,college,Trường Cao đẳng Văn hóa Nghệ thuật Tây Bắc
1023514808,20.9328138,105.8449589,college,Trường Cán bộ quản lý Nông nghiệp và Phát triển nông thôn
1030860268,21.0195043,105.7711507,clinic,Trạm y tế phường Mỹ Đình 1
1030860275,21.0374241,105.7595279,clinic,Trạm y tế phường Cầu Diễn
1032886317,21.2330167,105.7081759,hospital,Bệnh viện Đa khoa Phúc Yên
1034719618,20.833884,105.3425525,school,Trường Trung học phổ thông chuyên Hoàng Văn Thụ
1034772127,20.7831833,105.9130622,college,Trường Cao đẳng Cơ điện Hà Nội (Cơ sở Phú Xuyên - Cơ sở 7)
1034772141,20.7809102,105.9148783,school,Trường Tiểu học Phú Minh
1034772151,20.7839043,105.9198277,school,Trường Trung học cơ sở Phú Minh
1034955340,20.7787856,105.9169675,kindergarten,Trường Mầm non Phú Minh
1034955354,20.7732969,105.921064,school,Trường Trung học cơ sở Nam Tiến
1034955358,20.7726636,105.9212181,school,Trường Tiểu học Nam Tiến A
1034955363,20.7728834,105.9205307,clinic,Trạm Y tế xã Nam Tiến
1034955365,20.772037,105.9352498,school,Trường Tiểu học Nam Tiến B
1034967043,20.9798526,105.8492103,kindergarten,Trường Mầm non Hoàng Mai (điểm 3)
1037260256,21.2162431,106.0030636,school,Trường Trung học phổ thông Yên Phong số 2
1037268062,21.1983138,105.9550106,school,Trường Trung học phổ thông Yên Phong số 1
1040727585,20.9969634,105.8057356,kindergarten,Trường Mầm non song ngữ Sasuke Thanh Xuân
1040778678,21.0224984,105.805988,library,Toà B
1041128115,21.0242618,105.8169398,kindergarten,Trường Mẫu giáo số 7
1043718295,20.7866627,105.3498977,college,Trường Cao đẳng Sư phạm Hoà Bình
1043718296,20.7869402,105.3484105,college,Trường Cao đẳng Kinh tế - Kỹ thuật Hoà Bình
1046719158,20.9770967,105.8228588,clinic,Điểm Y tế Đại Kim
1047437396,21.0388912,105.7824312,university,Đại học Quốc gia Hà Nội
1047537137,20.6520424,105.8563955,school,Trường Tiểu học Đại Cường
1047537142,20.6516246,105.8567684,school,Trường Trung học cơ sở Đại Cường
1047537147,20.6585868,105.844505,school,Trường Trung học cơ sở Đại Hùng
1047537149,20.6627158,105.8400424,kindergarten,Trường Mầm non Đại Hùng
1047537152,20.663938,105.8355792,school,Trường Tiểu học Đại Hùng
1051883527,21.0183636,105.841644,hospital,Bệnh viện Đa khoa Hồng Phát
1051883528,21.014218,105.8408994,hospital,Bệnh Viện Đức Phúc
1056341549,21.0147223,105.7810413,school,Trường Tiểu học Lômônôxốp
1057877958,21.0281577,106.0104059,university,Trường Đại học Công nghiệp và Thương mại Hà Nội
1057877968,21.0375776,106.0116608,university,Trường Đại học Công nghiệp và Thương mại Hà Nội
1058072005,20.9993957,105.8088702,university,Trường Đại học Đại Nam (cơ sở 2)
1058072006,20.9991774,105.809149,school,Trường Trung học phổ thông Hoàng Mai
1058072007,20.9988563,105.8091096,college,Trường Cao đẳng Công thương Hà Nội
1058111000,20.9683822,105.7465958,library,Toà nhà thư viện
1058111003,20.9687173,105.7471484,university,Trường Đại học Kiểm sát
1062770965,21.1380996,105.5011195,school,Trường Trung học cơ sở Phùng Hưng
1062770973,21.1966407,105.4245369,school,Trường Tiểu học Tây Đằng A
1062770983,21.0538416,105.5822962,school,Trường Trung học cơ sở Thạch Thất
1062770989,20.9909867,105.6418225,kindergarten,Trường Mầm non Huyện - Quốc Oai
1063191486,21.0126641,105.8540402,kindergarten,Trường Mẫu giáo Nguyễn Công Trứ
1063191489,21.0122434,105.8540804,kindergarten,Trường Mầm non Nguyễn Công Trứ
1063191491,21.0112634,105.8521234,hospital,Bệnh viện Bưu điện (cơ sở 2)
1064289887,21.3287201,105.3963238,school,Trường Phổ thông Hermann Gmeiner Việt Trì
1064289890,21.3317308,105.3964888,college,Trường Trung cấp nghề Hermann Gmeiner Việt Trì
1066700474,21.0236583,105.8109119,school,Trường Trung cấp Kỹ thuật - Tin học Hà Nội
1066700478,21.1312626,105.7775436,school,Trường Tiểu học - Trung học cơ sở - Trung học phổ thông Chu Văn An
1066700489,20.7479355,105.9153092,school,Trường Trung cấp nghề số 1 Hà Nội
1066700492,21.175197,105.8575758,college,Trường Cao đẳng nghề Việt Nam - Hàn Quốc
1066700493,21.1313674,105.7769245,college,Trường Trung cấp Kinh tế - Kỹ thuật Bắc Thăng Long
1066700497,21.0192947,105.8385902,school,Trường Trung cấp nghề Nấu ăn - Nghiệp vụ Du lịch và Thời trang Hà Nội
1066700499,21.1754431,105.8587898,school,Trường Trung cấp nghề Cơ khí I Hà Nội
1066700505,21.0186308,105.8359502,school,Trường Trung cấp nghề Kỹ thuật Nấu ăn - Nghiệp vụ Du lịch và Thời trang Hà Nội (cơ sở 2)
1066700506,21.052641,105.7370622,school,Trường Trung cấp nghề Giao thông công chính Hà Nội
1066700507,21.0496136,105.8450192,school,Trường Trung cấp Xây dựng Hà Nội
1066839451,20.9704568,105.781097,school,Trường Trung cấp nghề Tổng hợp Hà Nội
1066839455,20.9508261,105.7509621,school,Trường Trung cấp Kinh tế - Kỹ thuật và Công nghệ Hà Nội
1066839456,21.0468362,105.8479531,school,Trường Trung cấp Kinh tế - Kỹ thuật và Công nghệ Hà Nội (cơ sở 2)
1066840335,20.8349447,105.9726046,school,Trường Phục hồi chức năng và Dạy nghề cho người khuyết tật Khoái Châu
1066900810,21.2198522,105.8606603,college,Trường Cao đẳng Cơ điện Hà Nội (Cơ sở Sóc Sơn - Cơ sở 4)
1066900816,21.239049,105.7028397,college,Trường Cao đẳng Cơ điện Hà Nội (Cơ sở 5)
1066900817,20.9211478,105.8533418,hospital,Bệnh viện Đa khoa Nông nghiệp
1066900819,21.2399565,105.7027122,college,Trường Cao đẳng Công nghiệp và Thương mại
1066900821,21.0446062,105.7762567,college,Trường Cao đẳng Cơ điện Hà Nội (Trụ sở chính)
1066900822,20.8898613,105.5701342,college,Trường Cao đẳng Cơ điện Hà Nội (cơ sở Xuân Mai)
1066900823,20.8368584,106.0121056,college,Trường Cao đẳng Cơ điện và Thuỷ lợi Bắc Bộ
1067042494,21.3004102,105.6509681,college,Trường Cao đẳng Cơ khí Nông nghiệp
1067047461,21.088378,105.7850093,college,Trường Cao đẳng Giao thông vận tải Trung ương I (cơ sở Bắc Từ Liêm)
1067048735,20.9550151,105.9967195,university,Phân hiệu Học viện Tài chính tại tỉnh Hưng Yên
1067048736,20.980091,105.9811187,university,Phân hiệu Học viện Tài chính tại tỉnh Hưng Yên (cơ sở 2)
1067453685,20.990061,105.7863112,college,Trường Cao đẳng Xây dựng số 1
1067453692,21.2914789,105.7215494,college,Trường Cao đẳng nghề Việt-Xô số 1
1067639910,21.0221581,105.9404693,school,Trường Tiểu học Cổ Bi (Phân hiệu)
1067819624,21.0373166,105.9044359,school,Trường Trung học cơ sở Sài Đồng (Phân hiệu 2)
1067819627,21.0369294,105.90382,school,
1070976306,21.0295194,105.9405182,kindergarten,Trường Mầm non Cổ Bi (Trường chính)
1070976309,21.0229784,105.9412224,school,Trường Trung học cơ sở Lý Nhân Tông (Trường chính)
1070976320,21.022095,105.9415223,kindergarten,Trường Mầm non Cổ Bi (Phân hiệu)
1071065137,21.0279251,105.93962,school,Trường Trung cấp nghề Cơ khí xây dựng
1071065153,21.0475638,105.9256312,school,Trường Trung học cơ sở Phúc Lợi (Phân hiệu)
1071065163,21.0274829,105.9602556,school,Trường Tiểu học Đặng Xá
1071065171,21.0188689,105.9431031,school,Trung tâm hướng dẫn hoạt động Thiếu nhi Trung ương
1073109290,21.0197823,105.9704389,school,Trường Tiểu học Phú Thị
1073109291,21.0208565,105.9705005,school,Trường Trung học cơ sở Phú Thị
1074257029,21.0183267,105.9510264,school,Trường Tiểu học Cao Bá Quát
1074257030,21.0176717,105.9519106,school,Trường Trung học cơ sở Cao Bá Quát
1074490410,21.0379608,105.9038476,kindergarten,Trường Mầm non Phúc Đồng (Trường chính)
1077007415,21.2108518,105.4136861,school,Trung tâm Giáo dục nghề nghiệp-Giáo dục thường xuyên huyện Ba Vì
1077007429,21.0921554,105.7115122,school,Trường Trung cấp nghề Công nghệ Tây An
1077007433,21.0876164,105.7187648,college,Trường Cao đẳng Công nghệ và Thương mại Hà Nội
1077007441,21.1644577,105.8440272,college,Trường Cao đẳng nghề Kỹ thuật Công nghệ
1077007453,20.9952982,105.9666086,college,Trường Cao đẳng Kỹ thuật và Mỹ nghệ Việt Nam
1077029464,21.0205401,105.7500239,college,Trường Cao đẳng Công nghệ cao Hà Nội (Cơ sở 1)
1077029466,21.0252018,105.997675,university,Học viện Toà án
1077033612,20.9846905,105.7923929,university,Học viện Y Dược học cổ truyền Việt Nam
1077033616,21.0159033,105.7937776,university,Trường Đại học Phương Đông
1077637429,20.9828052,105.8652085,university,Trường Đại học Công nghệ và Quản lý Hữu Nghị
1077637432,20.9799841,105.8755903,university,Trường Đại học Kinh tế - Kỹ thuật Công nghiệp (cơ sở 218 Lĩnh Nam)
1077637439,21.0758913,105.7298171,university,Đại học Công nghiệp Hà Nội (cơ sở 2)
1077637443,21.0203034,105.6073444,university,Trường Đại học Công nghiệp Việt-Hung (cơ sở Thạch Thất)
1077637447,21.252582,105.867176,university,Trường Đại học Điện lực (cơ sở 2)
1078177954,21.0361362,105.8012079,university,Trường Đại học Thủ đô Hà Nội
1078843856,20.9180858,105.7010931,school,Trường Tiểu học Chúc Sơn A
1078843858,20.9187388,105.7045513,kindergarten,Trường Mầm non Huyện - Chương Mỹ
1078843859,20.9192436,105.701158,school,Trường Trung học cơ sở Ngô Sỹ Liên
1078940509,20.9218322,105.7094832,school,Trường Tiểu học Thị trấn Chúc Sơn B
1078961102,20.8993129,105.5705756,school,Trường Tiểu học Xuân Mai A
1078961105,20.9000738,105.5688742,school,Trường Trung học phổ thông Xuân Mai
1078961111,20.8994541,105.5711543,kindergarten,Trường Mầm non Xuân Mai
1078961113,20.8879351,105.5673049,school,Trường Trung học cơ sở Xuân Mai A
1078961122,20.9050321,105.5868871,school,Trường Tiểu học Xuân Mai B
1079204735,20.9013928,105.6972047,school,Trường Trung học cơ sở Đại Yên
1079204736,20.9019058,105.6973268,school,Trường Tiểu học Đại Yên
1079204740,20.8941875,105.6841539,kindergarten,Trường Mầm non Đại Yên (khu C)
1079204742,20.8903096,105.6989215,kindergarten,Trường Mầm non Đại Yên
1079204744,20.9062699,105.697625,kindergarten,Trường Mầm non Đại Yên
1079204746,20.8344916,105.7099867,school,Trường Trung học cơ sở Đồng Phú
1079204747,20.834058,105.7098519,kindergarten,Trường Mầm non Đồng Phú
1079204749,20.8322579,105.7105624,school,Trường Tiểu học Đồng Phú
1079204755,20.923446,105.6362624,school,Trường Tiểu học Đông Phương Yên
1079204756,20.9244982,105.6359217,school,Trường Trung học cơ sở Đông Phương Yên
1079204760,20.9240586,105.6360211,kindergarten,Trường Mầm non Đông Phương Yên
1079204768,20.923503,105.6211675,school,Trường Trung học cơ sở Đông Sơn
1079204769,20.9241833,105.6216933,school,Trường Tiểu học Đông Sơn
1079368029,21.2800667,105.7278788,university,Trường Đại học Kiến trúc Hà Nội (cơ sở Vĩnh Phúc)
1079368030,21.2820933,105.7275183,school,Trường Tiểu học Xuân Hoà
1079368031,21.276963,105.730655,kindergarten,Trường Mầm non Đồng Xuân
1079368032,21.2870927,105.7196072,college,Trường Cao đẳng Cơ điện Hà Nội (Cơ sở Xuân Hoà - Cơ sở 3)
1079654516,20.6444852,105.9910706,hospital,Trung tâm Y tế Duy Tiên
1079654517,20.5800599,105.8668856,hospital,Trung tâm Y tế Kim Bảng
1079732707,21.1030267,105.9384372,college,"Trường Cao đẳng Kinh tế, Kỹ thuật và Thuỷ sản"
1082236842,21.0026516,105.8465688,school,Trường Trung học cơ sở & Trung học phổ thông Tạ Quang Bửu
1086689904,21.2775131,105.4708859,school,Trường Trung học phổ thông Nguyễn Thị Giang
1086689913,21.2864473,105.5497659,college,Trường Cao đẳng nghề số 2 - Bộ Quốc phòng (cơ sở 3)
1086841553,21.2749062,105.5165352,school,Trường Trung học phổ thông Nguyễn Viết Xuân
1086841561,21.1997243,105.5014128,school,Trường Trung học phổ thông Đội Cấn
1086841567,21.2001305,105.4989143,school,Trường Trung học phổ thông Đội Cấn (cơ sở 2)
1086841572,21.2330153,105.7043445,school,Trường Trung học phổ thông Bến Tre
1086841590,21.294706,105.5566707,school,Trường Trung học phổ thông Vĩnh Yên
1086841617,21.2269278,105.5037649,school,Trường Trung học phổ thông Lê Xoay
1088736371,21.0057349,105.7967019,school,Trường Hà Nội Toronto
1088736396,21.0084643,105.7994105,kindergarten,Trường Mầm non Hoa Sen
1088736404,21.0079236,105.7999622,school,Trường Trung học cơ sở Trần Duy Hưng
1089001005,21.0107352,105.8325435,kindergarten,Trường Mầm non Chích Bông
1089595620,21.2059176,105.4287325,school,Trường Tiểu học Tây Đằng B
1089595625,21.2068437,105.4293341,kindergarten,
1089595628,21.1964465,105.4283599,school,Trường Trung học cơ sở Tây Đằng
1089984750,21.1855533,105.3612744,kindergarten,Trường Mầm non Cấm Lĩnh A
1089984755,21.1865049,105.3611752,school,Trường Tiểu học Cấm Lĩnh
1089984760,21.1846667,105.3609728,school,Trường Trung học cơ sở Cấm Lĩnh
1089984764,21.1619536,105.4617793,school,Trường Trung học cơ sở Cam Thượng
1089984765,21.1620801,105.4613377,school,Trường Tiểu học Cam Thượng
1089984769,21.1621797,105.4608649,kindergarten,Trường Mầm non Cam Thượng
1089984789,21.259505,105.4220483,school,Trường Tiểu học Châu Sơn
1089984796,21.2596552,105.4226845,school,Trường Trung học cơ sở Châu Sơn
1089984801,21.1987319,105.437894,school,Trường Tiểu học Chu Minh
1089984802,21.1983769,105.4384762,school,Trường Trung học cơ sở Chu Minh
1089984803,21.1987996,105.4388312,kindergarten,Trường Mầm non Chu Minh
1089984814,21.2830204,105.3686205,school,Trường Tiểu học Cổ Đô
1089984819,21.2842752,105.3696484,school,Trường Trung học cơ sở Cổ Đô
1089984823,21.2837947,105.3696672,kindergarten,Trường Mầm non Cổ Đô
1090377179,21.0500791,105.7599825,kindergarten,Trường Mầm non Phú Diễn A
1090377180,21.0507384,105.7581594,school,Trường Trung học cơ sở Phú Diễn A
1090377191,21.0549543,105.7642576,clinic,Trạm y tế phường Phú Diễn
1090377195,21.1780004,105.4496308,school,Trường Trung học cơ sở Đông Quang
1090377196,21.1784909,105.4492324,school,Trường Tiểu học Đông Quang
1090377203,21.2256763,105.3942506,kindergarten,Trường Mầm non Đồng Thái
1090377206,21.226949,105.398432,school,Trường Tiểu học Đồng Thái
1090377211,21.2270181,105.3992922,school,Trường Trung học cơ sở Đồng Thái
1090377216,21.0314524,105.3146507,school,Trường Tiểu học Khánh Thượng
1090377217,21.0314498,105.315741,school,Trường Trung học cơ sở Khánh Thượng
1090377224,21.0217433,105.3421275,school,Trường Tiểu học Khánh Thượng (điểm trường Gò Đình Muôn)
1090377228,21.2063598,105.4572037,school,Trường Trung học cơ sở Minh Châu
1090377229,21.2062198,105.4565559,school,Trường Tiểu học Minh Châu
1090377230,21.2067374,105.4582698,kindergarten,Trường Mầm non Minh Châu
1090717259,21.2316598,105.4242356,school,Trường Tiểu học Phú Châu
1090717260,21.2328074,105.4236951,school,Trường Trung học cơ sở Phú Châu
1090717267,21.2516791,105.4213699,school,Trường Tiểu học Phú Phương
1090717270,21.2519539,105.4201848,school,Trường Trung học cơ sở Phú Phương
1090717276,21.2522008,105.3731639,kindergarten,Trường Mầm non Phú Đông
1090717282,21.2239835,105.3768805,school,Trường Tiểu học Phú Sơn
1090717283,21.2232884,105.379281,school,Trường Trung học cơ sở Phú Sơn
1090717291,21.2686174,105.4202229,school,Trường Trung học cơ sở Tản Hồng
1090717292,21.2694617,105.4197499,school,Trường Tiểu học Tản Hồng
1090717300,21.1146495,105.4053038,school,Trường Tiểu học Tản Lĩnh
1090717301,21.1149926,105.4049936,school,Trường Trung học cơ sở Tản Lĩnh
1090717307,21.2313438,105.3701921,school,Trường Tiểu học Thái Hoà
1090717308,21.2310775,105.3706505,school,Trường Trung học cơ sở Thái Hoà
1090717309,21.1524784,105.3014297,school,Trường Trung học cơ sở Thuần Mỹ
1090717310,21.1530226,105.3011708,school,Trường Tiểu học Thuần Mỹ
1090886395,21.1016142,105.428421,school,Trường Trung học cơ sở Trung tâm Nghiên cứu Bò và Đồng cỏ Ba Vì
1090886396,21.1014766,105.4289775,school,Trường Tiểu học Trung tâm Nghiên cứu Bò và Đồng cỏ Ba Vì
1090886403,21.0993445,105.4353755,kindergarten,Trường Mầm non Trung tâm Nghiên cứu Bò và Đồng cỏ Ba Vì
1090886421,21.161695,105.4155392,school,Trường Trung học cơ sở Thuỵ An
1090886427,21.1907533,105.3295514,school,Trường Trung học cơ sở Tòng Bạt
1090886428,21.1910897,105.330234,school,Trường Tiểu học Tòng Bạt
1090886435,21.1918132,105.3311006,kindergarten,Trường Mầm non Tòng Bạt
1090886438,21.0795788,105.4267608,school,Trường Tiểu học Vân Hoà
1090886444,21.0801495,105.4269162,school,Trường Trung học cơ sở Vân Hoà
1090886446,21.2012659,105.4082301,kindergarten,Trường Mầm non Vật Lại
1090886447,21.204183,105.4036894,school,Trường Tiểu học Vật Lại
1090886448,21.2084353,105.4029995,school,Trường Trung học cơ sở Vật Lại
1090886449,21.0764325,105.4344271,school,Trường Trung học cơ sở Yên Bài B
1090886450,21.0760509,105.4343265,school,Trường Tiểu học Yên Bài C
1090886451,21.0536161,105.4491253,school,Trường Tiểu học Yên Bài (khu B)
1091417233,21.3491279,105.7081207,school,
1091417238,21.3160987,105.5968851,school,Trường Trung học phổ thông Trần Phú
1091417246,21.3150246,105.5959709,school,Trường Tiểu học Liên Bảo
1091482434,21.336679,105.6055013,school,Trường Trung học phổ thông chuyên Vĩnh Phúc
1091482435,21.3195367,105.6018385,college,Trường Cao đẳng Vĩnh Phúc
1091482436,21.3211024,105.6031719,school,Trung tâm Giáo dục thường xuyên tỉnh Vĩnh Phúc
1091482437,21.3223031,105.6048368,college,Trường Cao đẳng Kỹ thuật - Công nghệ Vĩnh Phúc (cơ sở 2)
1091537225,20.5868399,105.9930662,school,Trường Trung học cơ sở Văn Lý
1091537227,20.5827981,105.9891521,school,Trường Tiểu học Văn Lý
1091630385,21.3175336,105.5662263,school,Trường Trung học phổ thông Kim Ngọc
1091630397,21.3041417,105.6190177,school,Trường Trung học phổ thông Nguyễn Thái Học
1091630405,21.3758297,105.5397939,school,Trường Trung học phổ thông Tam Dương
1091630411,21.3749001,105.5450795,school,Trường Tiểu học Hợp Hoà B
1091630416,21.3359488,105.5492478,school,Trường Trung học phổ thông Tam Dương II
1091630421,21.3724649,105.6047266,school,Trường Trung học phổ thông Trần Hưng Đạo
1091634422,21.3395333,105.4579786,school,Trường Trung học phổ thông Trần Nguyên Hãn
1091753376,21.3726635,105.4509159,school,Trường Trung học phổ thông Văn Quán
1091824457,21.3690622,105.4177212,school,Trường Trung học phổ thông Sông Lô
1091824471,21.2337902,105.5673839,school,Trường Trung học phổ thông Yên Lạc
1091824482,21.2325637,105.5657149,school,Trung tâm Giáo dục nghề nghiệp-Giáo dục thường xuyên huyện Yên Lạc
1091824489,21.1965776,105.5803286,school,Trường Trung học phổ thông Yên Lạc 2
1091824495,21.213173,105.6107163,school,Trường Trung học phổ thông Phạm Công Bình
1091864925,21.2301938,105.7104821,school,Trường Trung học phổ thông Hai Bà Trưng
1091864929,21.2286463,105.7111217,school,Trường Trung học cơ sở Hùng Vương
1091864933,21.2596516,105.5596925,school,Trường Trung học phổ thông Đồng Đậu
1091864937,21.2787559,105.6456549,school,Trường Trung học phổ thông Bình Xuyên
1091864938,21.2774811,105.6448659,school,Trường Tiểu học Hương Canh B
1091864951,21.3407987,105.6452158,school,Trường Trung học phổ thông Quang Hà
1091864960,21.3148461,105.6881848,school,Trường Trung học phổ thông Nguyễn Duy Thì
1091864964,21.2454614,105.6322331,school,Trường Trung học phổ thông Võ Thị Sáu
1091864967,21.2482057,105.6290735,school,Trường Trung học cơ sở Nguyễn Duy Thì
1092047609,21.2829889,105.5427175,hospital,Bệnh viện Sản Nhi Vĩnh Phúc
1092047610,21.3201259,105.5904044,hospital,Bệnh viện Y dược cổ truyền Vĩnh Phúc
1092047614,21.3397264,105.5922555,hospital,Bệnh viện Tâm thần Vĩnh Phúc
1092047615,21.310462,105.5892729,hospital,Trung tâm Y tế khu vực Vĩnh Yên
1092053873,21.2308964,105.572584,hospital,Trung tâm Y tế khu vực Yên Lạc
1092053874,21.3728559,105.5385132,hospital,Trung tâm Y tế khu vực Tam Dương
1092053876,21.2733307,105.6515986,hospital,Trung tâm Y tế khu vực Bình Xuyên
1096357861,21.1339704,105.8468998,kindergarten,Trường Mầm non Phúc Lộc
1096926605,21.0228428,105.9068632,kindergarten,Trường Mầm non Thạch Bàn (Phân hiệu)
1101799521,20.9702589,105.8283273,kindergarten,Trường Mầm non Linh Đàm
1103248427,21.0196746,105.8114815,kindergarten,Trường Mầm non Họa Mi
1103516902,20.979458,105.7892092,college,Học viện Cán bộ quản lý xây dựng và đô thị
1104046461,20.9895975,105.8023574,kindergarten,Trường Mầm non Thanh Xuân Nam
1107060227,21.0770235,105.4257298,kindergarten,Trường Mầm non Vân Hoà
1108011364,20.9839541,105.8135176,kindergarten,Trường Mầm Non Sao Sáng
1110149614,20.9546828,105.7703302,school,Trường Trung học cơ sở & Trung học phổ thông Marie Curie
1112438739,20.9949064,105.795883,college,Trường Cao đẳng Công nghệ cao Hà Nội (cơ sở 2)
1112600731,20.81922,105.3450547,school,Trường Trung học phổ thông Công Nghiệp
1113043218,21.3159681,105.2895463,school,Trường Trung học phổ thông Lâm Thao
1113043219,21.3150211,105.2890822,school,Trường Trung học phổ thông Long Châu Sa
1113297539,21.0039947,105.800339,kindergarten,Trường Mầm non Hoa Trà My
1114922853,20.9981863,105.8706593,school,Times School Minh Khai
1114922913,21.032165,105.8568053,kindergarten,Trường Mầm non Đinh Tiên Hoàng
1115515612,21.0622281,105.7791399,school,Trường Mầm Non Tư Thục Hoa Mai
1115657568,21.0615943,105.7787654,doctors,Nhà thuốc Ngọc Hà
1116143690,21.0165481,105.7915878,school,Trường Trung học cơ sở Cầu Giấy
1116240502,21.0456482,105.7889057,clinic,A19
1116399743,21.0203188,105.7894749,school,Trường Trung học phổ thông Hoàng Quán Chi
1116421773,21.020279,105.7938458,school,Trường Tiểu học Yên Hòa
1117295551,21.0413862,105.7798915,school,Trường Phổ thông Hermann Gmeiner Hà Nội
1117343633,21.2004225,105.4244972,kindergarten,Trường Mầm non 1-6
1117343638,20.8094002,105.7200446,kindergarten,Trường Mầm non Hoà Chính
1117343640,20.8112881,105.7260538,school,Trường Tiểu học Hoà Chính
1117343641,20.8110537,105.7254759,clinic,Trạm y tế xã Hoà Chính
1117343642,20.8108607,105.7302998,school,Trường Trung học cơ sở Hoà Chính
1117343653,20.8610568,105.7317641,school,Trường Tiểu học Hoàng Diệu
1117343654,20.86168,105.7326659,school,Trường Trung học cơ sở Hoàng Diệu
1117343660,20.8744865,105.6508404,school,Trường Trung học cơ sở Hoàng Văn Thụ
1117343661,20.8695942,105.649297,school,Trường Tiểu học Hoàng Văn Thụ
1117343662,20.870033,105.6489457,kindergarten,Trường Mầm non Hoàng Văn Thụ
1117343663,20.8456621,105.6274551,school,Trường Trung học cơ sở Lương Mỹ
1117343664,20.8461521,105.6277072,school,Trường Tiểu học Lương Mỹ
1117343669,20.9405127,105.6858883,school,Trường Trung học cơ sở Tiên Phương
1117343670,20.9397893,105.6860526,school,Trường Tiểu học Tiên Phương
1117343671,20.9297744,105.6591447,school,Trường Trung học cơ sở Phú Nghĩa
1117343672,20.9291305,105.6589509,school,Trường Tiểu học Phú Nghĩa
1117343673,20.9306593,105.6561579,kindergarten,Trường Mầm non Phú Nghĩa
1117395472,20.8989088,105.5968722,school,Trường Tiểu học Thuỷ Xuân Tiên
1117395473,20.895313,105.5966577,kindergarten,Trường Mầm non Thuỷ Xuân Tiên
1117395483,20.9057121,105.6028151,school,Trường Trung học cơ sở Thuỷ Xuân Tiên
1117395486,20.9220631,105.6917421,kindergarten,Trường Mầm non Ngọc Hoà
1117395490,20.9172094,105.6479001,school,Trường Tiểu học Trường Yên
1117395491,20.9166319,105.6479443,school,Trường Trung học cơ sở Trường Yên
1117395497,20.9069956,105.6227203,school,Trường Trung học cơ sở Thanh Bình
1117395501,20.9071548,105.624296,school,Trường Tiểu học Thanh Bình
1117395504,20.9084201,105.6222213,kindergarten,Trường Mầm non Thanh Bình
1117395509,20.906224,105.6429964,school,Trường Trung học cơ sở Trung Hoà
1117395513,20.9039062,105.6423902,school,Trường Tiểu học Trung Hoà
1117395520,20.8752309,105.6139719,school,Trường Trung học cơ sở Tân Tiến
1117395521,20.876131,105.6134787,kindergarten,Trường Mầm non Tân Tiến
1117395522,20.8662404,105.6105555,school,Trường Tiểu học Tân Tiến
1117395523,20.8445729,105.6483525,school,Trường Trung học phổ thông Nguyễn Văn Trỗi
1117395528,20.8688519,105.6605168,school,Trường Tiểu học Hữu Văn
1117395529,20.8693628,105.660883,school,Trường Trung học cơ sở Hữu Văn
1117395530,20.8695256,105.6616224,kindergarten,Trường Mầm non Hữu Văn
1117395531,20.8613153,105.6694914,school,Trường Trung học cơ sở Mỹ Lương
1117395533,20.8534036,105.6813746,kindergarten,Trường Mầm non Mỹ Lương
1117395534,20.8542383,105.6807738,school,Trường Tiểu học Mỹ Lương
1117395535,20.8636437,105.698686,school,Trường Trung học cơ sở Quảng Bị
1117395536,20.8643241,105.698659,school,Trường Tiểu học Quảng Bị
1117395537,20.8648089,105.6990017,kindergarten,Trường Mầm non Quảng Bị
1117395542,20.879164,105.698482,school,Trường Tiểu học Hợp Đồng
1117395543,20.8794202,105.699111,school,Trường Trung học cơ sở Hợp Đồng
1117395544,20.9054565,105.7186076,school,Trường Tiểu học Thuỵ Hương
1117395545,20.9057934,105.7191387,school,Trường Trung học cơ sở Thuỵ Hương
1117395546,20.9049428,105.7196565,kindergarten,Trường Mầm non Thuỵ Hương
1117395547,20.8907139,105.7255141,kindergarten,Trường Mầm non Lam Điền
1117395548,20.8915577,105.7254593,school,Trường Tiểu học Lam Điền
1117395549,20.8920464,105.7256522,school,Trường Trung học cơ sở Lam Điền
1117407768,21.0180705,105.7251983,school,St. Paul American School Hanoi
1117521215,20.8860161,105.6265064,school,Trường Tiểu học Nam Phương Tiến A
1117521216,20.8856602,105.6270737,kindergarten,Trường Mầm non Nam Phương Tiến
1117521221,20.8837165,105.6267077,school,Trường Trung học cơ sở Nam Phương Tiến A
1117521224,20.8436885,105.5955848,school,Trường Trung học cơ sở Nam Phương Tiến B
1117521228,20.8458089,105.5992768,school,Trường Tiểu học Nam Phương Tiến B
1117521231,20.8522081,105.7216251,school,Trường Trung học cơ sở Thượng Vực
1117521232,20.8521239,105.7211323,school,Trường Tiểu học Thượng Vực
1117521233,20.8524475,105.7190066,kindergarten,Trường Mầm non Thượng Vực
1117536896,20.8800568,105.5746697,school,Trường Trung học cơ sở Bê Tông
1117536897,20.8803374,105.5738463,school,Trường Tiểu học Bê Tông
1117536914,20.8437687,105.6954621,school,Trường Trung học cơ sở Hồng Phong
1117536915,20.8434766,105.6959726,school,Trường Tiểu học Hồng Phong
1117536917,20.8166948,105.743387,school,Trường Trung học cơ sở Phú Nam An
1117536921,20.8156527,105.7436235,school,Trường Tiểu học Phú Nam An
1117536923,20.8150268,105.7394232,kindergarten,Trường Mầm non Phú Nam An
1117536926,20.8325126,105.7471056,school,Trường Tiểu học Văn Võ
1117536927,20.8330974,105.7471076,school,Trường Trung học cơ sở Văn Võ
1117536928,20.8328022,105.7463432,kindergarten,Trường Mầm non Văn Võ
1117537655,21.0380446,105.7840921,school,Trường Trung học phổ thông chuyên Sư phạm
1117622662,21.0420744,105.7877448,school,Trường Nguyễn Bỉnh Khiêm - Cầu Giấy
1117844326,21.0398248,105.786234,clinic,Phòng khám số 1 Phan Văn Trường
1117844327,21.0399263,105.7862353,dentist,
1117940022,21.037269,105.7848239,school,Trường Trung học cơ sở và Trung học phổ thông Nguyễn Tất Thành
1117941605,21.0421974,105.7892147,kindergarten,Trường Mầm non Hoa Hồng (phân hiệu 1)
1118081920,21.0725701,105.7737651,library,
1118212094,21.0352279,105.7830831,college,Trung tâm Giáo dục nghề nghiệp - Giáo dục thường xuyên Cầu Giấy
1118223281,21.042291,105.776568,kindergarten,Trường Mầm non Hoạ Mi
1118223286,21.0439824,105.7750209,kindergarten,Trường Mầm non Mai Dịch
1118308348,21.0438474,105.7957306,kindergarten,Trường Mầm non Ánh Sao
1118332823,21.046916,105.7919988,university,Học viện Công nghệ Bưu chính Viễn thông
1118510629,21.0343283,105.7780826,school,Trường Tiểu học Từ Liêm 1
1118511791,21.0320756,105.7772624,college,Học viện Biên phòng
1118788846,21.0341329,105.7737835,kindergarten,Trường Mầm non Từ Liêm 1 (phân hiệu)
1118788848,21.034532,105.7757208,kindergarten,
1119185576,21.0302309,105.7699237,school,Trường Trung học phổ thông Trí Đức
1119187734,21.0273601,105.7753057,kindergarten,Trường Mầm non Từ Liêm 2
1119201317,21.0174032,105.9389733,kindergarten,Trường Mầm non Gia Lâm (Trường chính)
1119809327,21.0420232,105.8405384,kindergarten,Mầm non Hoa Đào
1119809328,21.0341248,105.8058109,kindergarten,Mầm non Hoa Hướng Dương
1121131357,21.0552927,105.792301,school,Trường Dewey Tây Hồ Tây
1121941107,21.0876905,105.8508741,kindergarten,Trường Mầm non Xuân Canh
1122272608,21.2387228,105.951749,school,Trường Trung học cơ sở Mai Đình
1122826489,21.0394266,105.80456,school,Trường Tiểu học và Trung học cơ sở FPT Cầu Giấy
1122930523,21.040107,105.9328943,kindergarten,Trường Mầm non Phúc Lợi (Phân hiệu 1)
1123277039,21.0399017,105.7893756,kindergarten,Trường mầm non Hà Nội Montessori
1123474616,21.0402587,105.7866808,college,Học viện Tư pháp cơ sở cũ
1123620514,21.1772194,105.6664451,school,Trường Trung học phổ thông Yên Lãng
1123789397,21.007258,105.98626,school,Trường Trung học cơ sở Dương Quang
1123916682,21.0966132,105.5320521,school,Trường Tiểu học Trạch Mỹ Lộc
1123921328,21.2869559,105.4037713,school,Trường Trung học cơ sở xã Phú Cường
1123921329,21.2866375,105.404279,school,Trường Tiểu học xã Phú Cường
1123921330,21.2462674,105.3950667,school,Trường Trung học cơ sở Vạn Thắng
1123921331,21.254093,105.3606967,school,Trường Trung học cơ sở Phong Vân
1123921332,21.178573,105.4322278,school,Trường Trung học cơ sở Tiên Phong
1123921333,21.1143445,105.4403114,school,Trường Trung học cơ sở Xuân Khanh
1123921334,21.0901637,105.4684525,school,Trường Trung học cơ sở Kim Sơn
1123921335,21.111345,105.4902122,school,Trường Trung học cơ sở Trung Sơn Trầm
1123921336,21.1170836,105.4941203,school,Trường Trung học cơ sở Sơn Lộc
1123921337,21.1323437,105.4971819,school,Trường Tiểu Học Trung Hưng
1123921338,21.1320618,105.4975524,school,Trường Trung học cơ sở Trung Hưng
1123921339,21.1337885,105.503976,school,Trường Trung học cơ sở Sơn Tây
1123921341,21.1408443,105.5011247,school,Trường Trung học cơ sở Ngô Quyền
1123921342,21.1452807,105.4991731,school,Trường Tiểu học Trần Phú
1123921343,21.1442717,105.5024466,kindergarten,Trường Mầm non Sơn Ca
1123921344,21.1401169,105.5074508,kindergarten,Trường Mầm non Trưng Vương
1123928311,21.1486592,105.5051212,school,Trường Trung học cơ sở Hồng Hà
1123928312,21.1496491,105.50936,school,
1123928313,21.1498424,105.5098624,school,Trường Trung học cơ sở Viên Sơn
1123928314,21.1408197,105.5243571,school,Trường Trung học cơ sở Sen Phương (khu 1)
1123928316,21.1151282,105.5329259,school,Trường Trung học cơ sở Thọ Lộc
1123928317,21.1300916,105.5494609,school,Trường Trung học cơ sở Võng Xuyên
1123928318,21.1456494,105.5521655,school,Trường Trung học cơ sở Cẩm Đình
1123928319,21.1426748,105.5432973,school,Trường Trung học cơ sở Sen Phương (khu 2)
1124817466,21.0076936,105.9395758,school,Trường Tiểu học Gia Lâm (Phân hiệu)
1124817472,21.0079518,105.9390373,clinic,Trạm y tế thị trấn Trâu Quỳ
1125397331,20.8913246,105.8584438,college,Trường Cao đẳng Kỹ thuật - Công nghệ Bách Khoa
1125993919,21.0169105,105.9475776,kindergarten,Trường Mầm non A
1125993920,21.0203896,105.9505356,kindergarten,Trường Mầm non Ánh Sao
1125993921,21.0959901,105.9042372,school,Trường Tiểu học Quang Trung
1125993929,21.075581,105.9457028,kindergarten,Trường Mầm non Bình Minh
1137787685,20.9891376,105.8096836,school,Trường Tiểu học - Trung học cơ sở Hà Nội
1138077151,20.9717785,105.8276379,school,Bill Gates Schools
1144267184,21.0596797,105.8769679,school,Times School Khai Son
1144267185,21.0603474,105.8790618,school,Times School Khai Son Middle School
1147594076,21.0215617,105.527591,university,Học viện Tài chính (cơ sở Hòa Lạc)
1148780777,21.1235225,105.65435,school,Trường Trung học phổ thông Thọ Xuân
1149375428,20.8652587,105.8616085,school,Trường Trung học phổ thông Thường Tín
1149375429,21.0516731,105.6090121,school,Trường Trung học phổ thông Minh Hà
1149375430,21.0231741,105.6072388,school,Trường Trung học phổ thông Phùng Khắc Khoan - Thạch Thất
1149566485,20.8881332,105.5835923,kindergarten,Trường Mầm non J106
1149566487,20.9257826,105.720912,kindergarten,Trường Mầm non Thị trấn Chúc Sơn B
1149566489,21.0896301,105.6650747,kindergarten,Trường Mầm non Đan Phượng
1149566491,21.0790696,105.6496059,kindergarten,Trường Mầm non Đồng Tháp
1149566493,21.0797269,105.6483429,school,Trường Trung học cơ sở Đồng Tháp
1149566497,21.0807144,105.6480314,school,Trường Tiểu học Đồng Tháp
1149599553,21.0854245,105.6664673,kindergarten,Trường Mầm non Thị trấn Phùng
1149599572,21.1013025,105.6474111,school,Trường Tiểu học Phương Đình A
1149599574,21.1012705,105.648433,kindergarten,Trường Mầm non Phương Đình
1149599575,21.1028451,105.6480363,school,Trường Trung học cơ sở Phương Đình
1149665138,20.9702931,105.8289645,clinic,Phòng Khám Đa Khoa Linh Đàm
1149914331,21.0142058,105.938347,school,Trường Trung học cơ sở Gia Lâm (Trường chính)
1150081576,20.9741706,105.82143,school,"Trường Tiểu học, Trung học cơ sở & Trung học phổ thông Ngôi Sao Hà Nội - Hoàng Mai"
1151213244,20.9587588,105.8287376,school,Trường Trung học cơ sở Linh Đàm
1151213246,20.9595543,105.8269217,hospital,Bệnh viện Đại học Y Dược (cơ sở 2)
1151213248,20.9601395,105.8381642,school,Trường Tiểu học Linh Đàm
1151213252,20.9600576,105.8391042,kindergarten,Trường Mầm non Hoàng Liệt (cơ sở Tứ Kỳ)
1152607802,20.9940825,105.8538224,university,Trường Đại học Phương Đông
1152638407,21.2848819,105.6201974,school,Trường Trung học cơ sở Thanh Trù
1152638410,21.3030567,105.59481,school,Trường Trung học cơ sở Tô Hiệu
1152638412,21.3190605,105.5882942,school,Trường Tiểu học Định Trung
1152638413,21.2836672,105.6143424,school,Trường Tiểu học Thanh Trù
1152638416,21.3058235,105.5972673,school,Trường Tiểu học Ngô Quyền
1152638421,21.3191376,105.5891023,school,Trường Trung học cơ sở Định Trung
1152638424,21.3194921,105.5868368,kindergarten,Trường Mầm non Định Trung
1152638427,21.3033373,105.5830863,school,Trường Tiểu học Tích Sơn
1152638430,21.2915588,105.585333,university,Trường Đại học Công nghệ Giao thông Vận tải (cơ sở Vĩnh Phúc)
1152638431,21.2828399,105.6143713,kindergarten,Trường Mầm non Thanh Trù
1152638433,21.3209349,105.5812248,school,Trường Trung học cơ sở Vĩnh Yên
1153416077,20.9476664,105.8510605,school,Trường Tiểu học Tứ Hiệp
1153416081,20.9473337,105.8518191,clinic,Trạm y tế xã Tứ Hiệp
1153416092,20.9475838,105.8536175,school,Trường Trung học cơ sở Tứ Hiệp
1153435551,20.9505604,105.8516213,kindergarten,Trường Mầm non Phạm Tu
1153435554,20.9490044,105.8491344,kindergarten,Trường Mầm non A Tứ Hiệp
1153435555,20.9466223,105.8506944,kindergarten,Trường Mầm non A Tứ Hiệp (điểm Cương Ngô 1)
1153435557,20.9448983,105.8545313,kindergarten,Trường Mầm non Tứ Hiệp (điểm Cổ Điển B)
1153641564,20.9531263,105.8414957,school,Trường Tiểu học Chu Văn An
1153641568,20.9388925,105.8478936,school,Trường Tiểu học Thanh Trì
1153680275,20.9517989,105.837736,kindergarten,Trường Mầm non Cúc Chi
1153680279,20.9441227,105.8424059,kindergarten,Trường Mầm non Đại Thanh
1154456668,20.9403835,105.846458,school,Trường dạy Trẻ em khuyết tật huyện Thanh Trì
1154456670,20.9060795,105.8306595,school,Trường Tiểu học Đại Áng
1154456672,20.9078042,105.8289678,school,Trường Trung học cơ sở Đại Áng
1154456673,20.9040154,105.8303932,school,Trường Trung học phổ thông Nguyễn Quốc Trinh
1154456682,20.9061977,105.8280916,kindergarten,Trường Mầm non Đại Áng
1155206475,20.9396214,105.8538877,kindergarten,Trường Mầm non Chu Văn An
1155206477,20.9407141,105.8617744,kindergarten,Trường Mầm non Tứ Hiệp (điểm Đồng Trì)
1155240101,20.9164641,105.8758582,school,Trường Trung học cơ sở Đông Mỹ
1155240104,20.9179823,105.8728449,school,Trường Tiểu học Đông Mỹ
1155240108,20.9201427,105.8787509,kindergarten,Trường Mầm non B xã Đông Mỹ
1155240110,20.9251328,105.8790332,school,Trường Trung học cơ sở Duyên Hà
1155240111,20.9255801,105.8795694,school,Trường Tiểu học Duyên Hà
1155240112,20.9253817,105.8851033,kindergarten,Trường Mầm non xã Duyên Hà (điểm Văn Khúc)
1155240114,20.9282005,105.8725129,kindergarten,Trường Mầm non xã Duyên Hà (điểm Đại Lan)
1155357382,20.9451175,105.8059698,school,Trường Tiểu học Hữu Hoà
1155357385,20.9468547,105.8054005,school,Trường Trung học cơ sở Hữu Hoà
1155357389,20.945402,105.8046323,kindergarten,Trường Mầm non xã Hữu Hoà
1155357393,20.9518593,105.8045719,kindergarten,Trường Mầm non xã Hữu Hoà
1155357395,20.9556704,105.8025464,school,Trường Tiểu học Hữu Hoà (cơ sở 2)
1156580288,20.9164413,105.8657267,kindergarten,Trường Mầm non A xã Liên Ninh
1156580291,20.9156013,105.8637121,school,Trường Tiểu học Tạ Hoàng Cơ
1156580292,20.9062006,105.8555606,school,Trường Trung học cơ sở Liên Ninh
1156580300,20.906722,105.8540673,school,Trường Tiểu học Liên Ninh
1156580303,20.9098793,105.8564761,kindergarten,Trường Mầm non B xã Liên Ninh
1156580305,20.9658144,105.8156363,school,Trường Trung học cơ sở Chu Văn An
1156580307,20.9626272,105.8155571,school,Trường Tiểu học Chu Văn An
1156580309,20.9643167,105.8184332,school,Trường Tiểu học Phạm Tu
1156580311,20.9681547,105.8211782,kindergarten,Trường Mầm non Chu Văn An
1156580313,20.9614617,105.8119574,kindergarten,Trường Mầm non Thanh Liệt
1157115924,20.9345403,105.8245274,kindergarten,Trường Mầm non xã Vĩnh Quỳnh (điểm 3)
1157115927,20.9332132,105.8338007,kindergarten,Trường Mầm non xã Vĩnh Quỳnh
1157115928,20.9377975,105.8354657,kindergarten,Trường Mầm non Quỳnh Đô
1157115929,20.9374763,105.8241037,school,Trường Trung học cơ sở Vĩnh Quỳnh
1157115930,20.9333894,105.8352172,school,Trường Trung học cơ sở Vĩnh Quỳnh
1157172154,20.9269921,105.8552459,kindergarten,Trường Mầm non Ngũ Hiệp
1157172155,20.9276484,105.8610847,school,Trường Trung học cơ sở Ngũ Hiệp
1157172156,20.9232155,105.8587131,school,Trường Tiểu học Ngũ Hiệp
1157172168,20.928491,105.8602045,school,Trường Trung học phổ thông Lê Thánh Tông
1157172169,20.9302077,105.8600062,kindergarten,Trường Mầm non B xã Ngũ Hiệp
1158428699,21.0576103,105.8684432,school,Trường Trung học cơ sở Lý Thường Kiệt
1158428702,21.0577862,105.8694407,school,Trường Tiểu học Ngọc Thuỵ
1158639496,21.0036321,105.8404443,hospital,Bệnh viện Việt Pháp
1160126096,21.0844522,105.5640406,kindergarten,Trường Mầm non xã Đại Đồng
1160126098,21.087567,105.5591304,school,Trường Trung học cơ sở Đại Đồng
1160126100,21.086263,105.5598176,school,Trường Tiểu học Đại Đồng
1160693807,21.2098052,105.7549786,school,Trường Tiểu học Chi Đông
1160693808,21.2054563,105.7523843,school,Trường Trung học cơ sở Chi Đông
1160693809,21.2121465,105.7556424,school,Trường Trung học phổ thông Quang Minh
1160693810,21.2109982,105.7553767,kindergarten,Trường Mầm non Chi Đông
1160855843,20.9683699,105.7976453,kindergarten,Trường Mầm non Yên Xá
1160855845,20.9668623,105.7973959,school,Trường Tiểu học Yên Xá
1160855848,20.9794662,105.7980901,school,Trường Trung học cơ sở Tân Triều
1160855854,20.9784144,105.797769,school,Trường Tiểu học Tân Triều
1160855857,20.9801809,105.8030026,kindergarten,Trường Mầm non xã Tân Triều
1160855859,20.9775787,105.801204,school,Trường Tiểu học Triều Khúc
1162059699,20.8684409,105.8572635,college,Trường Cao đẳng Truyền hình
1162059701,20.8685963,105.8589233,hospital,Bệnh viện Đa khoa Thường Tín
1162574683,21.0743207,105.89311,school,Trường Trung học cơ sở Thanh Am
1163864494,21.0414606,105.8267369,pharmacy,Pharmacity
1164641686,21.009478,105.7692152,hospital,Bệnh viện Đa khoa Hồng Ngọc - Phúc Trường Minh
1164792121,21.0096941,105.8640182,school,Trường Tiểu học Lương Yên
1164792122,21.0515343,105.8098081,school,Trường Trung học phổ thông Đông Đô
1164792126,21.0653613,105.8036867,kindergarten,Trưòng Mầm non Xuân Đỉnh
1164792129,21.0648226,105.8029651,school,Westlink International School Hanoi (khối Tiểu học)
1164792130,21.0634447,105.8023475,school,Westlink International School Hanoi (khối Trung học cơ sở)
1165327433,21.0193336,105.7973774,kindergarten,Trường Quốc tế St. Mary's
1165329234,21.0003064,105.7943455,university,Học viện Phòng cháy chữa cháy và Cứu nạn cứu hộ
1165535247,21.0480654,105.8103421,hospital,Trung tâm Y tế quận Tây Hồ
1167288804,21.0560541,105.8098604,kindergarten,Trường Mầm non Tây Hồ
1167763876,21.232593,105.4226924,kindergarten,Trường Mầm Non Phú Châu
1168231024,21.0181919,105.8535965,clinic,Phòng khám Đa khoa Tomec
1171478107,20.8196212,105.3460345,school,Trường Trung học cơ sở Lê Quý Đôn
1171597394,21.0206849,105.7945664,kindergarten,Trường Mầm non Yên Hoà
1171650815,20.7941896,105.3547214,college,Trường Cao đẳng Kỹ thuật Công nghệ Hoà Bình
1171650821,20.7935113,105.3543069,school,Trường Tiểu học & Trung học cơ sở Dân Chủ
1171650822,20.7937991,105.3536704,kindergarten,Trường Mầm non Dân Chủ
1171975668,21.0095275,105.803194,school,Trường Trung học cơ sở & Trung học phổ thông Lý Thái Tổ
1171975677,21.0083762,105.8040821,kindergarten,Trường Mầm non Lý Thái Tổ 2
1171975682,21.0262963,105.791974,kindergarten,Trường Mầm non Vietkids
1172381232,20.9925476,105.7969702,school,Trường Trung học phổ thông chuyên Khoa học Tự nhiên
1172381238,20.9942129,105.7949812,school,SenTia School
1172381243,20.994793,105.7943462,kindergarten,Trường Mầm non Thành Đông
1172381253,20.9846361,105.800014,school,Trường Trung học cơ sở Nguyễn Lân
1172381254,20.9849479,105.7997242,school,Trường Liên cấp Trung học cơ sở - Tiểu học Vietschool Pandora
1172381257,20.9821017,105.7974074,kindergarten,Trường Mầm non Triều Khúc
1172381259,20.9808071,105.7963145,university,Học viện Kỹ thuật Mật mã
1173423561,21.0564704,105.883156,kindergarten,Trường Mầm non Hoa Mộc Lan
1173423562,21.0565124,105.8837667,school,Trường Trung học cơ sở Gia Quất
1173423563,21.0529222,105.8784332,kindergarten,Trường Mầm non Gia Quất
1173732820,21.0623955,105.914481,school,Trường Trung học cơ sở Chu Văn An
1173732826,21.0643906,105.9148282,kindergarten,Trường Mầm non Tràng An
1174290217,21.0561937,105.8713712,kindergarten,Trường Mầm non Nguyệt Quế
1175934342,21.0653074,105.8758943,university,Học viện Hậu cần
1176141308,21.0634197,105.8786087,college,Trường Cao đẳng Công nghiệp Quốc phòng
1178056396,21.0516634,105.9215557,school,Trường Trung học cơ sở Phúc Lợi (Trường chính)
1178056425,21.0442345,105.902073,school,Trường Trung học cơ sở Nguyễn Gia Thiều
1178056427,21.0449577,105.9012316,school,Trường Tiểu học Đô thị Sài Đồng
1180678524,21.1698959,105.3791532,school,Trường Trung cấp 24 Biên phòng - Khu B
1180678525,21.1759708,105.3807748,school,Trường Trung cấp 24 Biên phòng - Khu A
1181062128,20.9734262,105.8695432,school,Trường Trung học cơ sở Thịnh Liệt (thuộc điểm 2)
1181062129,20.9737377,105.8683841,school,Trường Tiểu học Tam Trinh (điểm 2)
1181138804,21.0337659,105.8288371,kindergarten,Trường Mẫu giáo số 10
1181138806,21.0450459,105.8109942,kindergarten,Trường Mầm non Sao Mai
1181778339,20.9809109,105.7667475,school,Trường Quốc tế Nhật Bản
1181961551,20.9996634,105.8779734,university,Trường Đại học Kinh doanh và Công nghệ Hà Nội
1181961560,21.1124135,105.4401237,university,Trường Đại học Lao động - Xã hội (cơ sở Sơn Tây)
1181961561,21.1102767,105.4439101,hospital,Bệnh viện Chỉnh hình và Phục hồi chức năng Hà Nội
1181964362,21.0759601,105.7855892,university,Trường Đại học Tài chính - Ngân hàng Hà Nội
1182027085,21.2454147,105.3944102,school,Trường Tiểu học Vạn Thắng
1182027098,20.8837974,105.6704566,school,Trường Trung học cơ sở Tốt Động
1182027099,20.8846502,105.670589,school,Trường Tiểu học Tốt Động
1182027104,21.0815813,105.713554,school,Trường Tiểu học Tân Lập B
1182027111,21.0825561,105.7115326,school,Trường Trung học cơ sở Tân Lập
1182143641,21.1208762,105.8693334,school,Trường Trung học cơ sở Cổ Loa
1182143652,21.1764522,105.8409961,school,Trường Trung học cơ sở Nguyên Khê
1182143657,21.1754506,105.8415633,school,Trường Tiểu học Lê Hữu Tựu
1182143662,21.1789055,105.8419295,school,Trường Tiểu học Tô Thị Hiển
1182143670,20.9439387,105.901578,school,Trường Tiểu học Văn Đức
1182143672,20.9430222,105.8984991,school,Trường Trung học cơ sở Văn Đức
1182143676,20.9433737,105.8991623,kindergarten,Trường Mầm non Văn Đức
1182143678,20.9398031,105.9030064,kindergarten,Trường Mầm non Văn Đức (điểm Chử Xá)
1182144701,20.9557609,105.7370438,school,Trường Trung học cơ sở Yên Nghĩa
1182144705,20.958216,105.7380799,school,Trường Tiểu học Yên Nghĩa
1182206471,21.1262539,105.5532058,school,Trường Trung học cơ sở Võng Xuyên B
1182206512,21.2169599,105.667504,school,Trường Trung học phổ thông Tự Lập
1182206527,21.051442,105.5681336,school,Trường Trung học phổ thông Thạch Thất
1182206531,20.8145423,105.7767365,school,Trường Trung học phổ thông Nguyễn Du - Thanh Oai
1182274015,20.8585009,105.8479602,school,Trường Trung học phổ thông Lý Tử Tấn
1182274021,20.8038958,105.8873773,school,Trường Trung học phổ thông Tô Hiệu - Thường Tín
1182274031,20.8668554,105.8903402,school,Trường Trung học phổ thông Vân Tảo
1182274032,20.9868033,105.7816301,school,Trường Quốc tế True North
1182274034,21.042969,105.8463077,school,Trường Tiểu học Nguyễn Trung Trực
1182274035,20.9928898,105.8148882,school,Trường Trung học phổ thông Hồ Tùng Mậu
1182376982,20.9846348,105.8614288,kindergarten,Trường Mầm non Hoàng Văn Thụ (phân hiệu 2)
1182376989,21.0437899,105.8754123,school,Trường Trung học phổ thông Vạn Xuân - Long Biên
1182376991,21.0982353,105.9293334,school,Trường Trung học phổ thông Bắc Đuống
1182376993,21.0880744,105.924475,school,Trường Trung học phổ thông Lê Ngọc Hân
1182376995,21.0605682,105.9404009,school,Trường Phổ thông Võ thuật Bảo Long
1182377001,21.2581949,105.8541538,school,Trường Trung học phổ thông Lạc Long Quân
1182377003,21.1940992,105.8472606,school,Trường Trung học phổ thông Lam Hồng
1182377006,21.3176283,105.8533432,school,Trường Trung học phổ thông Đặng Thai Mai
1182377009,21.1608337,105.8521934,school,Trường Trung học phổ thông An Dương Vương
1182377011,21.153671,105.8260001,school,"Trường Tiểu học, Trung học cơ sở & Trung học phổ thông Archimedes Đông Anh"
1182392602,21.1119799,105.8330094,school,Trường Trung học phổ thông Ngô Quyền - Đông Anh
1182392611,21.0521034,105.7836595,school,
1182392613,21.0529331,105.7839367,school,Trường Tiểu học & Trung học cơ sở Pascal
1182392614,21.0447885,105.7460984,school,
1182641283,21.3543626,105.3587329,hospital,Trung tâm Điều dưỡng Phục hồi chức năng tâm thần Việt Trì
1183325591,21.302327,105.6054361,school,Trường Phổ thông Liên cấp Newton Vĩnh Phúc
1183365385,21.1503726,105.4963955,school,Trường Trung học cơ sở Phú Thịnh
1183365387,21.1497804,105.4981061,school,Trường Tiểu học Phú Thịnh
1183365392,21.1164852,105.4943669,school,Trường Tiểu học Sơn Lộc
1183365396,21.1169224,105.4906155,kindergarten,Trường Mầm non Sơn Lộc
1183365402,21.1278872,105.5054237,kindergarten,Trường Mầm non Sao Việt
1183365410,21.1570735,105.4646343,kindergarten,Trường Mầm non Đường Lâm
1183365412,21.1564702,105.4647772,school,Trường Tiểu học Đường Lâm
1183365415,21.1560149,105.464602,school,Trường Trung học cơ sở Đường Lâm
1183365419,21.0669135,105.5137286,kindergarten,Trường Mầm non Cổ Đông
1183365422,21.0434279,105.5159771,kindergarten,Trường Mầm non Cổ Đông (khu Đồng Trạng)
1183365425,21.0458207,105.5148823,school,Trường Tiểu học Cổ Đông (khu B)
1183365427,21.0662392,105.5131127,school,Trường Tiểu học Cổ Đông
1183365428,21.0658663,105.5126849,school,Trường Trung học cơ sở Cổ Đông
1183370273,21.1331324,105.5035456,kindergarten,
1183409647,21.1364868,105.5056412,kindergarten,Trường Mầm non Quang Trung
1183713535,20.9595054,105.7474548,clinic,Y tế học đường
1184610574,21.2279834,105.3562538,college,Trường Trung cấp Kỹ thuật Công binh
1184649364,21.2221044,105.4040339,kindergarten,
1184835595,21.2074828,105.3945684,school,
1184921786,21.0120352,105.8571945,kindergarten,Trường Mầm non Việt-Bun
1185266858,21.0775075,105.7373001,school,Trường Trung học cơ sở Nguyễn Thị Minh Khai
1185266863,21.0767203,105.7383152,school,Trường Tiểu học Nguyễn Thị Minh Khai
1185266867,21.0785937,105.7359212,kindergarten,Trường Mầm non Nguyễn Thị Minh Khai
1185266869,21.0739687,105.7319097,school,Trường Trung học cơ sở Bắc Từ Liêm
1185266872,21.073329,105.7324238,school,Trường Tiểu học Bắc Từ Liêm
1185266878,21.0725326,105.734693,kindergarten,Trường Mầm non Bắc Từ Liêm
1185298808,21.0545824,105.7881995,school,Trưòng Tiểu học và Trung học cơ sở Nghĩa Đô (phân hiệu 2)
1185298821,21.0883744,105.7333264,school,Trường Trung học cơ sở Thượng Cát
1185298826,21.0503201,105.7450937,kindergarten,Trường Mầm non Phú Minh
1185448005,20.9535121,105.8100842,school,Trường Trung học phổ thông Ngô Thì Nhậm
1185473908,21.0792494,105.8756772,school,Trường Tiểu học Đông Hội
1185473912,21.0792303,105.878926,school,Trường Trung học cơ sở Ngô Quyền
1185473936,21.1787847,105.8085918,school,Trường Trung học cơ sở Bắc Hồng
1185473937,21.1781379,105.8067544,school,Trường Tiểu học Bắc Hồng
1185473953,21.1771367,105.9029621,school,Trường Trung học cơ sở Thuỵ Lâm
1185473958,21.1748961,105.9054586,school,Trường Tiểu học Thuỵ Lâm A
1185473962,21.1719933,105.8918448,school,Trường Tiểu học Thuỵ Lâm
1185473963,21.266722,105.7749142,kindergarten,Trường Mầm non Minh Phú
1185473965,21.2677288,105.7754276,school,Trường Trung học cơ sở Minh Phú
1185473968,21.2779332,105.7796254,school,Trường Tiểu học Minh Phú
1185477906,21.2444544,105.8984442,school,Trường Trung học cơ sở Xuân Giang
1185477909,21.2443685,105.9000468,kindergarten,Trường Mầm non Xuân Giang
1185477910,21.2399297,105.8944675,school,Trường Tiểu học Xuân Giang
1185477911,20.9765691,105.7864297,school,Trường Trung học cơ sở Văn Quán
1185477915,20.9755993,105.78828,school,Trường Tiểu học Nguyễn Du
1185477916,20.9720721,105.7855716,school,Trường Trung học cơ sở Văn Yên
1185483558,21.0929467,105.5825432,school,Trường Trung học cơ sở Phụng Thượng
1185483559,21.0928939,105.5838495,school,Trường Tiểu học Phụng Thượng
1185483562,21.1307228,105.6154401,school,Trường Trung học cơ sở Hát Môn
1185483563,21.1304564,105.6163159,school,Trường Tiểu học Hát Môn
1185483567,21.0111959,105.5571326,school,Trường Trung học cơ sở Hạ Bằng
1185483570,21.01147,105.5574089,school,Trường Tiểu học Hạ Bằng
1185483571,21.0424391,105.5500139,school,Trường Trung học cơ sở Bình Yên
1185483576,21.0525363,105.6010893,school,Trường Trung học cơ sở Hương Ngải
1185483579,21.0536202,105.5993883,school,Trường Tiểu học Hương Ngải
1185483580,21.0531521,105.6002073,kindergarten,Trường Mầm non Hương Ngải
1185539858,21.1415877,105.8987652,school,Trường Trung học cơ sở Liên Hà
1185629552,21.1154248,105.895826,school,Trường Trung học cơ sở Dục Tú
1185629556,21.1144556,105.8961081,school,Trường Tiểu học Dục Tú
1185629561,21.1339644,105.91049,kindergarten,Trường Mầm non Hoa Sữa
1185631603,21.139368,105.9004855,school,Trường Tiểu học Liên Hà A
1185631607,21.139098,105.9021114,kindergarten,Trường Mầm non Hoa Mai
1185631609,21.1512637,105.8986852,kindergarten,Trường Mầm non Liên Hà
1185631612,21.149779,105.89857,school,Trường Tiểu học Liên Hà
1185678702,21.0288409,105.8142665,kindergarten,Trường Mẫu giáo Tuổi Thơ
1185678703,21.0343903,105.8057468,kindergarten,Trường Mầm non Hoa Hướng Dương
1185863352,21.0079418,105.836559,school,Trường Tiểu học Kim Liên A
1185901829,21.1395664,105.8477809,school,Trường Trung học cơ sở Nguyễn Huy Tưởng
1185901867,21.1440521,105.8549263,school,Trường Tiểu học Uy Nỗ
1185911637,21.1444859,105.8558929,kindergarten,Trường Mầm non Tuổi Thơ
1185911640,21.1394397,105.8588146,school,Trường Trung học cơ sở Uy Nỗ
1186364135,20.7280222,105.769112,school,Trường Trung học phổ thông Nguyễn Thượng Hiền - Ứng Hoà
1186653119,21.0424437,105.8436038,kindergarten,Trường Mẫu giáo Hoa Hồng
1186653122,21.0369702,105.8276009,kindergarten,Trường Mẫu giáo số 5
1186653125,21.0387155,105.8137363,kindergarten,Trường Mẫu giáo số 9
1186653132,21.0430961,105.8431293,kindergarten,Trường Mầm non Hoa Mai
1186653134,21.0487539,105.841026,kindergarten,Trường Mẫu giáo số 2
1186851436,20.9600919,105.9959973,school,Trường Tiểu học Trưng Trắc
1186851440,20.961377,105.9950674,school,Trường Trung học phổ thông Trưng Vương
1186851444,20.9605581,105.9955557,school,Trường Trung học cơ sở Trưng Trắc
1187066400,20.8738069,106.0203643,school,Trường Trung học phổ thông Minh Châu
1187339502,21.0479635,105.9262853,kindergarten,Trường Mầm non Phúc Lợi (Phân hiệu 2)
1187339510,21.0705175,105.8987575,kindergarten,Trường Mầm non Ánh Sao
1187339544,21.0442485,105.9254697,school,Trường Tiểu học Phúc Lợi (Trường chính)
1188004479,21.0261582,105.8898091,kindergarten,Trường Mầm non Long Biên (Trường chính)
1188774702,20.8665155,105.8607843,school,Trường Trung học cơ sở Nguyễn Trãi A
1188774712,20.8436429,105.8530666,kindergarten,Trường Mầm non Nguyễn Trãi
1188774745,20.8465999,105.8503816,school,Trường Tiểu học Nguyễn Trãi
1188774749,20.8467532,105.8497409,school,Trường Trung học cơ sở Nguyễn Trãi
1188779481,20.8172574,105.8555225,school,Trường Trung học cơ sở Dũng Tiến
1188779482,20.8172256,105.8550026,school,Trường Tiểu học Dũng Tiến
1188779484,20.8154908,105.8559962,school,Trường Mầm non Dũng Tiến
1188890476,20.9731359,105.7643997,school,AMIS (American Montessori Intl. School) Văn Khê
1188890507,20.9737657,105.7660818,school,
1188890508,20.9738695,105.7665575,school,
1188890509,20.9748252,105.7664718,school,
1189166192,21.0912943,105.7086828,kindergarten,Trường Mầm non Tân Hội B
1189453920,21.0574447,105.9092552,school,Trường liên cấp Marie Curie – Long Biên
1190565117,21.0727518,105.8004336,university,Học viện Hành chính và Quản trị công
1190610361,20.9906336,105.838875,library,Trung tâm CNTT - Thư viện A3 HVQLGD
1190749714,21.0941866,105.8522181,college,Trường Cán bộ quản lý Nông nghiệp và Phát triển nông thôn (cơ sở 2)
1190841553,21.0453921,105.9021418,kindergarten,Trường Mầm non Đô thị Sài Đồng
1190850437,20.862739,105.5787187,college,Trường Cao đẳng Cộng đồng Hà Tây
1190941790,21.0262538,105.7648092,school,Trường Phổ thông Năng khiếu Thể dục thể thao Hà Nội
1191350101,21.0851354,105.4093939,college,Thao trường Học viện Biên phòng Cơ sở 1
1192137769,20.8459303,105.3461598,college,Trường Quân sự tỉnh Hòa Bình
1192146453,21.0773044,105.6197174,school,
1192146454,21.0767169,105.620147,school,Trường Trung học cơ sở Tam Hiệp - Phúc Thọ
1192455701,21.0154731,105.6194947,school,
1192808459,20.8741839,105.860785,kindergarten,
1192808460,20.868321,105.8510591,kindergarten,Trường Mầm non Văn Phú
1192868591,21.0036327,105.8395966,hospital,Bệnh viện Lão khoa Trung ương
1192868592,21.003801,105.8387631,hospital,Bệnh viện Da liễu Trung ương
1192868593,20.9996733,105.8405781,hospital,Bệnh viện Tai-Mũi-Họng Trung ương
1192929296,21.0021026,105.8370342,college,Trường Cao đẳng Y tế và Thiết bị Việt Đức
1193283045,20.9872853,105.8298243,kindergarten,Trường Mầm non May - May Kindergarten
1193595338,21.1088685,105.4076508,school,
1193709558,21.3567819,105.296617,college,Trường Cao đẳng Công nghiệp Hóa chất
1193885054,20.5995653,105.9347835,university,Trường Đại học Xây dựng Hà Nội (cơ sở 2)
1193904954,21.0196276,105.8481249,kindergarten,Trường Mẫu giáo Quang Trung
1193904955,21.0227775,105.8484396,kindergarten,Trường Mẫu giáo Mầm non A
1194307923,21.2493815,105.3910442,school,
1194674333,20.9473486,105.8455312,clinic,Trạm y tế xã Thanh Trì
1195213373,21.2534716,105.3648369,school,
1195546189,21.0112643,105.8026482,kindergarten,Trường Mầm non Lý Thái Tổ 2
1196072166,20.6463167,105.9838344,school,Trung tâm Giáo dục nghề nghiệp - Giáo dục thường xuyên thị xã Duy Tiên
1196077201,20.8495929,105.3342804,school,Trường Phổ thông Dân tộc nội trú Trung học phổ thông tỉnh Hoà Bình
1196077203,20.8311523,105.338925,school,Trường Trung học phổ thông Lạc Long Quân
1196077204,20.7886806,105.3501052,school,Trường Trung học phổ thông Ngô Quyền
1196682595,21.051584,105.9005438,kindergarten,Trường Mầm non Hoa Thủy Tiên
1197077271,21.2990837,105.9606443,school,Trường Trung học phổ thông Hiệp Hoà số 2
1197139587,20.9971906,105.9164703,school,Trường Trung học cơ sở Đông Dư
1197139588,20.9967144,105.9166936,school,Trường Tiểu học Đông Dư
1197716009,21.0364114,105.7690056,school,Trung tâm Giáo dục nghề nghiệp - Giáo dục thường xuyên quận Cầu Giấy
1198061247,21.0100401,105.7707645,clinic,Trạm y tế phường Phú Đô
1198271564,21.0433728,105.9039386,school,Trường Tiểu học Vinschool The Harmony
1198548273,21.0015438,105.8150083,school,Trường Trung học BVIS Secondary
1198548274,21.0011866,105.8156919,kindergarten,Trường Mầm non BVIS Early Years Centre
1198857565,21.0483326,105.7697891,kindergarten,Trường Mầm non Phú Diễn
1198857568,21.0546444,105.7872571,kindergarten,Trưòng Mầm non Nghĩa Đô (phân hiệu 2)
1198857571,21.0860113,105.7799493,kindergarten,Trường Mầm non Đông Ngạc A
1198857576,21.0890974,105.78953,kindergarten,Trường Mầm non Nhật Tảo
1198857580,21.085077,105.7562425,kindergarten,Trường Mầm non Liên Mạc
1198857581,21.0692781,105.7270424,kindergarten,
1198857586,21.0664357,105.7444668,kindergarten,Trường Mầm non Phúc Lý
1198857587,21.0944917,105.7343074,kindergarten,Trường Mầm non Thượng Cát
1198891357,21.0792233,105.7796145,university,Học viện Tài chính
1199331277,20.971865,105.8478541,kindergarten,Trường Mầm non IQ Hoàng Mai
1199701867,21.0924041,105.6989667,school,Trường Trung học cơ sở Tân Hội
1199772476,21.2888825,105.4018143,hospital,Trạm Y tế xã Phú Cường
1199896442,21.2873263,105.4034702,kindergarten,Trường Mầm non xã Phú Cường
1201121661,21.0108765,105.9048925,clinic,Điểm Y tế Cự Khối
1201121662,21.0110891,105.9050697,kindergarten,Mầm non Minh Phú
1202271587,20.8038213,105.8589004,school,Trường Tiểu học Nghiêm Xuyên
1202447563,21.0422893,105.7499391,kindergarten,Trường Mầm non Xuân Phương (phân hiệu 2)
1202447565,21.0715403,105.7993364,kindergarten,Trưòng Mầm non Xuân Đỉnh
1202447569,21.0685556,105.7886645,kindergarten,Trưòng Mầm non Xuân Đỉnh
1202447570,21.0744422,105.7890738,kindergarten,Trưòng Mầm non Xuân Đỉnh
1202447572,21.0859722,105.7838758,school,Trường Tiểu học Đông Ngạc
1202447573,21.046149,105.7684038,school,Trường Trung học cơ sở Phú Diễn
1202493029,21.0339497,105.8008272,kindergarten,Trường Mầm non Hoa Mai
1202493036,21.0296354,105.7998386,school,Trường Tiểu học Cầu Giấy B (phân hiệu 1)
1203384879,21.2884999,105.3957952,kindergarten,
1203397053,21.0371228,105.7930704,kindergarten,Trường Mầm non Cầu Giấy (phân hiệu 1)
1203397056,21.011632,105.8051177,kindergarten,Trường Mầm non Trung Hoà
1203397057,21.0099358,105.7916709,kindergarten,Trường Mầm non Yên Hòa - Phân hiệu 2
1203397068,21.0264305,105.7860061,kindergarten,Trường Mầm non Cầu Giấy
1203397070,21.012529,105.7896272,kindergarten,Trường Mầm non Bình Minh - Phân hiệu
1203863635,21.012731,105.9076255,kindergarten,Trường Mầm non Cự Khối (Trường chính)
1203863636,21.0157497,105.9054948,kindergarten,Trường Mầm non Cự Khối (Phân hiệu 1)
1203930407,21.0404912,105.7916404,kindergarten,Trường Mầm non Hoa Linh - Baby Home
1203930410,21.0150263,105.7982166,kindergarten,Trường Mầm non Trăng Đỏ
1203930414,21.0170557,105.8006069,school,Trường Archimedes Academy
1205244304,20.9959685,105.8666473,hospital,Bệnh viện Đa khoa Quốc tế Vinmec Times City
1205258223,21.0125381,105.8986852,kindergarten,Trường Mầm non Cự Khối (Phân hiệu 2)
1205265961,20.9910393,105.8667766,school,Trường Trung học Vinschool Times City
1205426180,21.0526513,105.8095774,kindergarten,Trường Mầm non Bình Minh
1206569671,21.044902,105.8036084,kindergarten,Trường Mầm non GP Academy
1206778599,21.045892,105.8010623,kindergarten,Trường Mầm non 59 - Cầu Giấy
1208800256,21.0098684,105.8375186,kindergarten,Trường Mầm non Phương Mai (phân hiệu 1)
1208987601,20.9786327,105.8690445,hospital,Bệnh viện Đại học Y Hà Nội - Cơ sở Hoàng Mai
1209295530,20.9736652,105.8384178,clinic,Phòng khám Đa khoa Thu Cúc
1209987266,20.9628253,105.7610568,school,Trường Quốc tế ParkCity Hanoi
1210089645,21.0183291,105.8288463,pharmacy,Nhà thuốc Ngọc Hân
1210110873,21.046912,105.7854655,library,D
1210280546,21.0476214,105.7837129,kindergarten,Trường mầm non Hasuko Hoa Sen
1212175615,20.9676271,105.8789551,kindergarten,Trường Mầm non Trần Phú
1212175616,20.9681683,105.8794428,school,Trường Tiểu học Lĩnh Nam (cơ sở 1)
1212235271,21.0395113,105.8538406,school,
1212915406,21.0318474,105.8460141,kindergarten,Trường Mầm Non 1-6
1212917308,21.0323039,105.849097,college,Trung tâm Giáo dục nghề nghiệp - Giáo dục thường xuyên Nguyễn Văn Tố
1212917309,21.0324142,105.8496262,school,Trường Tiểu học Nguyễn Bá Ngọc
1212970235,21.0430459,105.7865388,clinic,Trạm Y tế phường Nghĩa Đô
1212993415,21.0488495,105.7934998,school,Trưòng Tiểu học và Trung học cơ sở Nghĩa Đô (phân hiệu 1)
1213225197,21.0443834,105.7956062,clinic,Trạm Y tế phường Nghĩa Tân
1213750876,21.3115389,105.5718614,school,Trường Tiểu học Đồng Tâm
1213750888,21.3094574,105.5725206,kindergarten,Trường Mầm non Đồng Tâm
1213750889,21.3030501,105.5664279,school,Trường Trung học cơ sở Đồng Tâm
1213750899,21.28272,105.5909478,school,Trường Tiểu học Đồng Tâm (khu Lạc Ý)
1213750900,21.2811544,105.5963371,kindergarten,Trường Mầm non Đồng Tâm B
1213750903,21.3008448,105.5659145,school,Trường Trung học cơ sở Hội Hợp
1213750904,21.3001838,105.5653623,school,Trường Tiểu học Hội Hợp B
1213752893,21.2992883,105.56378,kindergarten,Trường Mầm non Hội Hợp B
1213752900,21.2947437,105.558212,kindergarten,Trường Mầm non Hội Hợp A
1213752905,21.2932398,105.5578294,school,Trường Tiểu học Hội Hợp A
1213752916,21.3033999,105.599097,school,Trường Tiểu học Kim Ngọc
1213752922,21.3018051,105.5968994,kindergarten,Trường Mầm non Đống Đa
1213752933,21.3052636,105.5956688,kindergarten,Trường Mầm non Ngô Quyền
1213848472,21.2884929,105.7191465,university,Trung tâm Giáo dục Quốc phòng & An ninh - Trường Đại học Sư phạm Hà Nội 2
1213872793,21.049001,105.8023652,kindergarten,Trưòng Mầm non Nghĩa Đô (phân hiệu 1)
1215063381,21.0121436,105.8217867,hospital,Viện Y học dự phòng Quân đội
1216451393,21.0073245,105.8226083,college,Trường Trung cấp Nghiệp vụ và Dạy nghề Công đoàn Hà Nội
1216505788,21.0161247,105.830566,dentist,Nha khoa New Smile
1217754337,21.0163202,105.8131169,kindergarten,Trường Mầm non Tuổi Hoa
1217807977,20.9945523,105.8856872,clinic,Trạm y tế phường Thanh Trì
1217807981,20.9952753,105.885854,kindergarten,Trường Mầm non Họa Mi (phân hiệu 2)
1217825598,21.0082835,105.9402546,kindergarten,Trường Mầm non Gia Lâm (Phân hiệu)
1218063982,21.0176203,105.8313563,doctors,Phòng chẩn trị Y học cổ truyền Trúc Lâm
1218067461,20.9558514,105.9273556,school,Trường Quốc tế Ecopark Daesung
1218184036,20.9961673,105.7829301,school,Trường Phổ thông Liên cấp Genesis Hà Nội
1218514404,21.1405131,105.8289111,kindergarten,Trường Mầm non Ánh Dương
1218514407,21.1413725,105.8290394,school,Trường Trung học cơ sở Tiên Dương
1218514423,21.1291342,105.8563502,school,Trường Tiểu học Đào Duy Tùng
1218514430,21.1420787,105.8289698,school,Trường Tiểu học Tiên Dương A
1218545780,20.9748336,105.8214445,kindergarten,Trường Mầm non Hoa Sữa
1219499690,21.354303,105.9875811,hospital,Bệnh viện Đa khoa Hiệp Hoà
1219506444,21.0058763,105.8475247,clinic,Trung tâm Y tế Bách khoa
1219690228,21.014931,105.8339127,clinic,Phòng khám Đa khoa Hưng Thịnh
1220410890,20.8248979,105.3526019,college,Trường Trung cấp Y tế Hoà Bình
1220410891,20.8239952,105.3546013,hospital,Bệnh viện Y học cổ truyền Hòa Bình
1220410892,20.8463898,105.332013,hospital,Trung tâm Y tế khu vực Hoà Bình
1220485446,20.8750676,105.52808,hospital,Trung tâm Y tế khu vực Lương Sơn
1220485470,20.6806171,105.5208157,hospital,Trung tâm Y tế khu vực Kim Bôi
1220485471,20.7090063,105.3268447,hospital,Trung tâm Y tế khu vực Cao Phong
1220522127,21.3293182,105.3796957,hospital,Bệnh viện Mắt tỉnh Phú Thọ
1220522136,21.3183898,105.2882793,hospital,Trung tâm Y tế khu vực Lâm Thao
1221908296,21.1294836,105.8807858,school,Trường Tiểu học An Dương Vương
1221908304,21.178393,105.8054935,kindergarten,Trường Mầm non Bắc Hồng
1221908310,21.1157476,105.8684561,kindergarten,Trường Mầm non Thành Loa
1221908318,21.1265368,105.7582058,kindergarten,Trường Mầm non Đại Mạch
1221908325,21.1082763,105.7650716,school,Trường Tiểu học Võng La
1221908328,21.1081411,105.7727944,kindergarten,Trường Mầm non Võng La
1222155683,21.2879107,105.5916586,hospital,Bệnh viện Phục hồi chức năng Vĩnh Phúc
1222155684,21.235653,105.6839017,hospital,Bệnh viện Giao thông Vĩnh Phúc
1222155685,21.2543492,105.7118263,hospital,Trung tâm Y tế khu vực Phúc Yên
1222284704,21.0289797,105.9593882,clinic,Trạm y tế xã Đặng Xá
1222284720,21.0283873,105.959542,kindergarten,Trường Mầm non Đặng Xá
1222284723,21.0298799,105.9603251,school,Trường Trung học cơ sở Đặng Xá
1222380560,21.1275711,105.7748817,kindergarten,Trường Mầm non Kim Chung A
1222380572,21.1313221,105.7832336,kindergarten,Trường Mầm non Kim Chung
1222380574,21.1318031,105.7852654,school,Trường Tiểu học Thăng Long
1222380576,21.1121043,105.79197,school,Trường Trung học cơ sở Hải Bối
1222380577,21.1115865,105.7930495,kindergarten,Trường Mầm non Hải Bối
1222403197,21.1535055,105.8290841,kindergarten,Trường Mầm non Tiên Dương
1222467992,20.9939672,105.937715,school,Trường Trung học cơ sở Vinschool
1222468004,20.9953097,105.9425079,school,Trường Tiểu học Vinschool
1222468015,20.9961182,105.9431833,kindergarten,Trường Mầm non Vinschool
1222497617,21.1318754,105.7939029,kindergarten,Trường Mầm non Kim Nỗ
1222497618,21.1426967,105.7987269,kindergarten,Trường Mầm non Ban Mai
1222497622,21.1304776,105.7954279,school,Trường Trung học cơ sở Kim Nỗ
1222497629,21.1311568,105.7952032,school,Trường Tiểu học Kim Nỗ
1222497646,21.0854808,105.8724705,kindergarten,Trường Mầm non Đông Hội (điểm Hội Phụ)
1222497647,21.0759998,105.8765769,kindergarten,Trường Mầm non Đông Hội (điểm Đông Trù)
1222497651,21.0836906,105.8713118,school,Trường Trung học cơ sở Đông Hội
1222497655,21.0895669,105.8925354,school,Trường Tiểu học Ngô Tất Tố
1222497656,21.0903588,105.8926778,school,Trường Trung học cơ sở Mai Lâm
1222497657,21.0900687,105.8912438,kindergarten,Trường Mầm non Mai Lâm
1222497670,21.1388433,105.8775788,school,Trường Trung học cơ sở Việt Hùng
1222497671,21.1372069,105.8767581,school,Trường Tiểu học Việt Hùng
1222497672,21.1361361,105.8720646,kindergarten,Trường Mầm non Hoa Sen
1222497678,21.1353464,105.8783907,kindergarten,Trường Mầm non Việt Hùng (khu Đông)
1222516184,21.0851364,105.8797987,kindergarten,Trường Mầm non Mai Lâm (khu Lê Xá)
1222516188,21.0895364,105.9027445,kindergarten,Trường Mầm non Mai Lâm (khu Du Ngoại)
1222516189,21.1163467,105.8146806,kindergarten,Trường Mầm non Vĩnh Ngọc (khu Phương Trạch)
1222516193,21.1146879,105.8261,school,Trường Tiểu học Vĩnh Ngọc
1223996606,21.117208,105.8303834,kindergarten,Trường Mầm non Hoạ My
1223996607,21.1129272,105.8330392,kindergarten,Trường Mầm non Vĩnh Ngọc (khu Vĩnh Thanh)
1223996615,21.1668316,105.7942053,kindergarten,Trường Mầm non Nắng Hồng (khu Tằng My)
1223996619,21.1706035,105.7847787,kindergarten,Trường Mầm non Nắng Hồng (khu Vệ)
1223996622,21.1648069,105.7831407,kindergarten,Trường Mầm non Nam Hồng
1223996627,21.1652093,105.784005,school,Trường Trung học cơ sở Nam Hồng
1223996628,21.1645456,105.7840882,school,Trường Tiểu học Nam Hồng
1223996636,21.1678965,105.7844264,school,Trường Trung học cơ sở Pascal
1223996640,21.178055,105.8372681,kindergarten,Trường Mầm non Nguyên Khê (khu Khê Nữ)
1223996643,21.1749527,105.823084,kindergarten,Trường Mầm non Nguyên Khê (khu Sơn Du)
1223996646,21.175679,105.8474211,kindergarten,Trường Mầm non Nguyên Khê
1224476691,21.105468,105.8462874,school,Trường Trung học cơ sở Tàm Xá
1224476695,21.1089198,105.8466337,school,Trường Tiểu học Tàm Xá
1224476698,21.1091824,105.8452766,kindergarten,Trường Mầm non Tàm Xá
1224476702,21.1703689,105.8795176,kindergarten,Trường Mầm non Thư Lâm
1224476706,21.1733275,105.9026234,kindergarten,Trường Mầm non Thuỵ Lâm
1224476709,21.1359474,105.8566336,kindergarten,Trường Mầm non Uy Nỗ
1224675753,21.138788,105.8474078,kindergarten,Trường Mầm non Sao Mai
1224675757,21.1780496,105.8665851,school,Trường Tiểu học Thư Lâm A
1224675761,21.1480133,105.9148641,kindergarten,Trường Mầm non Vân Hà
1224785749,21.1496941,105.9147754,school,Trường Trung học cơ sở Vân Hà
1224785750,21.1493139,105.9157393,school,Trường Tiểu học Vân Hà
1224785754,21.1457493,105.8138106,kindergarten,Trường Mầm non Vân Nội
1224785757,21.1447613,105.8139455,school,Trường Tiểu học Vân Nội
1224785761,21.0918931,105.8517278,school,Trường Trung học cơ sở Xuân Canh
1224785762,21.0913238,105.8510767,school,Trường Tiểu học Xuân Canh
1224785775,21.1106519,105.8501316,kindergarten,Trường Mầm non Xuân Canh (khu Vạn Lộc)
1224785776,21.1848934,105.8680965,kindergarten,Trường Mầm non Xuân Nộn
1224785777,21.1836255,105.8677479,school,Trường Tiểu học Xuân Nộn
1224785778,21.183634,105.8657312,school,Trường Trung học cơ sở Xuân Nộn
1224927884,21.1399991,105.8569796,school,Trường Tiểu học và Trung học cơ sở Kinh Đô
1224927891,21.0603769,105.9648197,kindergarten,Trường Mầm non Phù Đổng
1224927893,21.0599476,105.9662453,school,Trường TIểu học Phù Đổng
1224927895,21.0608287,105.9897382,kindergarten,Trường Mầm non Trung Mầu
1224927897,21.0801844,105.9160868,kindergarten,Trường Mầm non Ánh Dương
1224927899,21.0909783,105.9119185,kindergarten,Trường Mầm non Hoa Sữa
1224927902,21.0838574,105.9427615,kindergarten,Trường Mầm non Ninh Hiệp
1224927914,20.9968847,105.9681869,college,Trường Cao đẳng Kinh tế - Kỹ thuật Trung ương
1224927915,21.0016217,105.9692169,kindergarten,Trường Mầm non Ánh Dương (Trường chính)
1224934225,21.024554,105.9885096,kindergarten,Trường Mầm non Kim Sơn
1224934228,21.0252663,105.9865013,school,Trường Tiểu học Kim Sơn
1224934229,21.0252813,105.9872094,school,Trường Trung học cơ sở Kim Sơn
1224934245,21.0071114,105.985725,school,Trường Tiểu học Dương Quang
1224934250,21.0068287,105.985143,kindergarten,Trường Mầm non Dương Quang
1224934252,21.0230887,105.970375,kindergarten,Trường Mầm non Phú Thị
1224936745,21.0469942,106.0086157,kindergarten,Trường Mầm non Lệ Chi
1224936746,21.048162,106.0082362,school,Trường Trung học cơ sở Lệ Chi
1224936750,21.0489673,106.0072257,school,Trường Tiểu học Lệ Chi
1224936755,20.9620572,105.902957,kindergarten,Trường Mầm non Kim Lan
1224936756,20.9617385,105.906581,school,Trường Tiểu học Kim Lan
1224936757,20.9589966,105.9039557,school,Trường Trung học cơ sở Kim Lan
1224936767,20.978789,105.9169443,school,Trường Tiểu học Bát Tràng
1224936768,20.9801896,105.9172511,school,Trường Trung học cơ sở Bát Tràng
1224936769,20.9779364,105.9165574,kindergarten,Trường Mầm non Bát Tràng
1225109176,20.9969287,105.9152241,kindergarten,Trường Mầm non Đông Dư
1225109185,20.9871519,105.9275879,kindergarten,Trường Mầm non Đa Tốn
1225109190,20.9795283,105.9582689,kindergarten,Trường Mầm non Ánh Dương (Phân hiệu)
1225109193,20.98061,105.9583487,school,Trường Tiểu học Lý Nhân Tông (Trường chính)
1225109199,20.9807518,105.9570517,school,Trường Trung học cơ sở Gia Lâm (Phân hiệu)
1225393114,21.0607379,105.9664522,school,Trường Trung học cơ sở Phù Đổng
1225393119,21.056149,105.986284,school,Trường Trung học cơ sở Trung Mầu
1225393124,21.0562828,105.9866495,school,Trường Tiểu học Trung Mầu
1225398933,21.0036033,105.937105,school,
1225427322,20.9201885,105.7114567,school,Trường Trung học cơ sở Thị trấn Chúc Sơn
1225443651,20.9048491,105.5961901,school,Trường Trung học cơ sở Xuân Mai B
1225570526,20.9347894,105.6728428,kindergarten,Trường Mầm non Khu công nghiệp Phú Nghĩa
1225570528,20.9425374,105.6860005,kindergarten,Trường Mầm non Tiên Phương
1225570530,20.9214574,105.7048176,kindergarten,Trường Mầm non Thị trấn Chúc Sơn A
1225570533,20.9204954,105.621949,kindergarten,
1225893046,20.8437758,105.693929,kindergarten,Trường Mầm non Hồng Phong
1225893054,20.8790331,105.7002567,kindergarten,Trường Mầm non Hợp Đồng
1225893061,20.846037,105.597204,kindergarten,Trường Mầm non Nam Phương Tiến
1225893062,20.8634487,105.7317585,kindergarten,Trường Mầm non Hoàng Diệu
1226236362,20.9970237,105.7368627,school,Trường Trung học cơ sở Tây Mỗ 3
1226916473,21.0352666,105.913414,clinic,Trạm y tế Cầu 14
1227072576,21.0161608,105.7747101,college,Trường Cao đẳng Công nghệ cao Hà Nội (cơ sở 3)
1227075973,21.046068,105.751838,college,Trường Cao đẳng Thông tin và Truyền thông
1227272605,21.1313983,105.9556051,college,Trường Cao đẳng Công nghiệp Hưng Yên (cơ sở 2)
1227272606,21.1325733,105.9736147,university,Trường Đại học Luật Hà Nội
1227286636,20.9479848,105.8213037,college,Trường Cao đẳng Hà Nội
1227286637,20.9425836,105.8406858,college,Trường Cao đẳng Cơ điện Hà Nội (Cơ sở 2)
1227564851,21.0318666,105.9141844,kindergarten,Trường Mần non Công ty Cổ phần 22
1228784692,21.0068026,105.7333117,kindergarten,Trường Mầm non Lômônôxốp An Khánh
1228784703,21.007313,105.7333579,kindergarten,Mầm non RECO Kids
1228784706,21.0073576,105.7340474,kindergarten,CapoKids
1228784711,21.0068549,105.7339136,kindergarten,Nhóm trẻ mẫu giáo độc lập Nhật An
1228784713,21.0068487,105.7340857,kindergarten,Lớp mầm non độc lập Tomoe
1228784714,21.0066353,105.7340789,kindergarten,Trường Mầm non Những Cánh Diều Bay
1228784720,21.0062115,105.7335337,kindergarten,Lớp mẫu giáo độc lập Thế Giới Tuổi Thơ
1228803800,21.0053518,105.7337511,kindergarten,Trường Mầm non Nhật Bản Haruki
1228994333,21.0038447,105.8052678,school,Trung tâm Sao Mai
1229058076,21.0311578,105.7893696,school,Trường Trung học cơ sở Cầu Giấy B (phân hiệu)
1229058090,21.0314686,105.792084,school,
1229267984,21.0601627,105.8953185,school,Trường Trung học phổ thông Lê Văn Thiêm
1230069759,21.0226395,105.8567695,kindergarten,Trường Mầm non B
1230069760,21.0184184,105.7899729,college,Trường Bồi dưỡng cán bộ giáo dục Hà Nội
1230260366,21.0190496,105.7114489,school,Edison Schools An Khánh
1230331661,21.3131668,105.4178111,school,Trường Trung học phổ thông chuyên Hùng Vương
1230331668,21.3603596,105.3520066,school,Trường Trung học phổ thông Kỹ thuật Việt Trì
1230331669,21.3243514,105.3908933,school,Trường Trung học phổ thông Việt Trì
1230360601,21.083916,105.8110118,school,Trường Tiểu học và Trung học cơ sở Sunshine Maple Bear
1230360617,21.0629649,105.8010849,clinic,Trạm y tế phường Xuân Tảo
1231794778,21.037022,105.7663332,school,Trung tâm Giáo dục nghề nghiệp - Giáo dục thường xuyên Nam Từ Liêm
1231849617,21.0645626,105.7469432,hospital,Bệnh viện Lão khoa Hà Nội
1232434937,21.0254414,105.7733134,clinic,Trạm y tế phường Mỹ Đình 2
1233190532,21.0242405,105.8227354,library,
1234857559,20.988566,105.8766856,university,Khoa Kinh tế - Đại học Mở Hà Nội
1234857563,20.9891379,105.8766015,university,Đại học Mở Hà Nội - Khoa Luật
1234857565,21.0391356,105.8159994,clinic,Trung tâm Y tế - Môi trường lao động Công Thương
1234955609,21.0128129,105.8502425,clinic,Won Clinic
1234955630,21.0132916,105.8499988,kindergarten,Trường Mầm non Lê Đại Hành
1235566726,21.012818,105.8508985,clinic,Điểm Y tế phường Nguyễn Du
1238606722,21.0136483,105.8507041,dentist,Nha Khoa Gia Đình
1240696462,21.3021308,105.5615356,college,Trường Cao đẳng Kỹ thuật - Công nghệ Vĩnh Phúc
1242741034,21.0443029,105.7844979,kindergarten,Mầm non Đặng Thuỳ Trâm
1243425874,21.0555571,105.9189707,school,Trường Tiểu học Phúc Lợi (Phân hiệu)
1243950304,20.9906391,105.8534446,clinic,Điểm Trạm Y Tế Hoàng Văn Thụ
1245995569,21.0169494,105.8332492,hospital,Nhà hộ sinh Đống Đa
1247054166,21.0387788,105.7850406,school,Trường Tiểu học Thực hành Nguyễn Tất Thành
1247966962,21.0391172,105.7831279,kindergarten,Trường Mầm non Búp sen Xanh
1247966963,21.0391227,105.7829168,school,Trung tâm Giáo dục Đặc biệt
1248223562,21.0379805,105.78138,university,Trường Quản trị Và Kinh Doanh
1249932106,21.0410904,105.8153138,clinic,Trạm y tế phường Liễu Giai
1250198534,21.0427363,105.8970621,clinic,Điểm y tế Phúc Đồng
1251028877,21.0332587,105.793479,hospital,Trạm Y tế phường Dịch Vọng
1251537877,21.0630178,105.9180118,clinic,Điểm y tế Giang Biên
1251537940,21.0620748,105.9173963,kindergarten,Trường Mầm non Giang Biên
1253595073,20.9995408,105.8737136,clinic,Trạm Y tế phường Vĩnh Tuy
1255682983,21.0063022,105.7402808,kindergarten,Trường Mầm non Tây Mỗ 3
1256907124,21.0097797,105.8508952,pharmacy,Nhà thuốc Long Châu
1259622895,20.9741343,105.7867748,clinic,Trạm Y tế phường Văn Quán
1259622905,20.9740448,105.7869685,kindergarten,Trường Mầm non Hoa Sen
1263962726,21.0598679,105.6970237,school,Trường Tiểu học Đức Giang
1263969676,21.316925,105.8536546,clinic,Trạm Y tế xã Hồng Kỳ
1263969678,21.3172719,105.8542688,school,Trường Trung học cơ sở Hồng Kỳ
1264135484,20.9988257,105.6188931,hospital,Bệnh viện Phụ sản Trung ương cơ sở 2
1264135485,20.9989266,105.620953,hospital,Bệnh viện Nhi Trung ương cơ sở 2
1265520733,20.9620586,105.7725988,school,Trường Trung học cơ sở Hà Đông
1268930201,21.0611391,105.9009639,kindergarten,Trường Mầm non Hoa Hướng Dương
1268930203,21.0604755,105.9012939,school,Trường Trung học cơ sở Việt Hưng
1268930204,21.0596032,105.9017587,school,Trường Tiểu học Đoàn Khuê
1271439027,20.9861904,105.6309618,school,Trường Trung học cơ sở Thạch Thán
1271990254,21.1839855,105.724104,clinic,Phòng khám Đa khoa Đại Thịnh
1272141989,21.1414611,105.52424,school,Trường Tiểu học Sen Phương (khu A)
1272141998,21.1428417,105.5436746,school,Trường Tiểu học Sen Phương (khu B)
1272142001,21.1434367,105.5433972,kindergarten,Trường Mầm non Phương Độ
1272142005,21.1410537,105.5252933,kindergarten,Trường Mầm non Sen Chiểu
1272142010,21.140229,105.5252994,clinic,Trạm Y tế xã Sen Phương (cơ sở 1)
1272142017,21.146892,105.5427556,clinic,Trạm Y tế xã Sen Phương (cơ sở 2)
1272791313,21.1412454,105.8468504,library,Thư viện huyện Đông Anh
1272942341,21.0078001,105.8517927,kindergarten,Trường Mẫu giáo Bạch Mai
1273246703,21.0932069,105.7013314,school,Trường Tiểu học Tân Hội A
1273246709,21.0939326,105.6995709,kindergarten,Trường Mầm non Tân Hội A
1274310922,21.0128386,105.8558881,clinic,Điểm Y tế Đồng Nhân
1274545665,21.2243175,105.508941,school,Trường Trung học cơ sở Vĩnh Tường
1274565995,21.0938674,105.7064642,school,Trường Tiểu học Tân Hội B
1274566002,21.1136381,105.6632926,school,Trường Tiểu học Phương Đình B
1274566006,21.1220263,105.6469295,school,Trường Tiểu học Thọ Xuân
1274566012,21.1200198,105.6472624,school,Trường Trung học cơ sở Thọ Xuân
1274566014,21.123276,105.6475521,kindergarten,Trường Mầm non Thọ Xuân
1274566018,21.1295196,105.6381157,school,Trường Trung học cơ sở Thọ An
1274566027,21.126738,105.6396489,school,Trường Tiểu học Thọ An
1274566031,21.1267412,105.6405058,kindergarten,Trường Mầm non Thọ An
1274568468,21.1363691,105.6303386,school,Trường Trung học cơ sở Trung Châu
1274568469,21.136807,105.6300851,school,Trường Tiểu học Trung Châu A
1274582331,21.1356598,105.6307023,kindergarten,Trường Mầm non Trung Châu
1274582333,21.1275492,105.6580955,school,Trường Tiểu học Trung Châu B
1274582338,21.1277535,105.6875991,school,
1274582347,21.1320296,105.6890139,school,Trường Tiểu học Hồng Hà
1274582353,21.1327224,105.6837954,kindergarten,Trường Mầm non Hồng Hà
1274582358,21.124183,105.7014999,school,Trường Trung học cơ sở Liên Hồng
1274582360,21.1237391,105.701793,school,Trường Tiểu học Liên Hồng
1274582361,21.1097241,105.7199974,school,Trường Tiểu học Liên Hà
1274582364,21.1092771,105.719518,kindergarten,Trường Mầm non Liên Hà
1274582367,21.1129302,105.7136823,school,Trường Trung học cơ sở Liên Hà
1274582375,21.1140201,105.7153599,kindergarten,Trường Mầm non Liên Hà
1274587504,21.1060789,105.7221195,school,Trường Trung học cơ sở Liên Trung
1274587508,21.1055331,105.7228234,kindergarten,Trường Mầm non Liên Trung
1274587512,21.1044498,105.7246779,school,Trường Tiểu học Liên Trung
1274587513,21.1107041,105.679108,school,Trường Tiểu học Thượng Mỗ
1274587518,21.1051676,105.6808927,school,Trường Trung học cơ sở Thượng Mỗ
1274587524,21.1091575,105.6868894,school,Trường Tiểu học Tô Hiến Thành
1274587525,21.1086674,105.6870897,school,Trường Trung học cơ sở Tô Hiến Thành
1274587526,21.1086984,105.6861799,kindergarten,Trường Mầm non Hạ Mỗ
1274770154,21.0125957,105.8643412,school,Trường Mầm Non Hoa Thuỷ Tiên
1276450039,20.9924531,105.8443436,kindergarten,Trường Mầm non Tương Mai (phân hiệu 1)
1276450040,20.9896499,105.8450529,kindergarten,Trường Mầm non Giáp Bát (phân hiệu 1)
1276450046,20.9921579,105.8528012,kindergarten,Trường Mầm non Hoàng Văn Thụ (phân hiệu 3)
1276450048,20.9830601,105.848934,kindergarten,Trường Mầm non Hoàng Mai (điểm 2)
1276450050,20.9855053,105.8472377,kindergarten,Trường Mầm non Giáp Bát (phân hiệu 3)
1276450052,20.989106,105.8608948,kindergarten,Trường Mầm non Hoàng Văn Thụ (phân hiệu 1)
1276450054,20.985511,105.8426848,kindergarten,Trường Mầm non Giáp Bát (phân hiệu 2)
1276450056,20.9871576,105.8437618,kindergarten,
1276450057,20.9813858,105.8334381,kindergarten,Trường Mầm non Định Công
1276450059,20.9715311,105.8692821,kindergarten,Trường Mầm non Hoàng Mai (thuộc trụ sở chính)
1276450061,20.9663825,105.8728086,kindergarten,Trường Mầm non Hoàng Mai (trụ sở chính)
1276450063,20.9604553,105.8640758,school,Trường Tiểu học Yên Sở (cơ sở 2)
1276457541,20.9612599,105.8640444,kindergarten,Trường Mầm non Yên Sở (cơ sở 3)
1276457545,20.9789381,105.8155596,kindergarten,Trường Mầm non Đại Kim (cơ sở Kim Giang)
1276457548,20.9744944,105.8460919,school,Trường Tiểu học Thịnh Liệt
1276457552,20.974153,105.8844754,kindergarten,Trường Mầm non Trần Phú
1276457555,20.9957562,105.8883599,kindergarten,Trưòng Mầm non Vĩnh Hưng (phân hiệu 3)
1276674287,20.9669878,105.8356398,kindergarten,Trường Mầm non Hoàng Liệt (cơ sở Linh Đàm)
1276674290,20.9877356,105.8776332,kindergarten,Trường Mầm non Vĩnh Hưng (phân hiệu 2)
1276674292,20.9864265,105.8861812,kindergarten,Trường Mầm non Vĩnh Hưng
1276674294,20.9757611,105.8935539,kindergarten,Trường Mầm non Lĩnh Nam (cơ sở 3)
1277977415,20.9851707,105.7444179,school,Trường Phổ thông liên cấp H.A.S
1278002255,20.9839785,105.7429577,kindergarten,Trường Mầm non Lômônôxốp Dương Nội
1278002257,20.9787667,105.7412466,school,Trường Liên cấp Lômônôxốp Tây Hà Nội
1278002260,20.9822723,105.7390497,school,Trường Tiểu học Nguyễn Khuyến
1278002262,20.9866802,105.7430548,kindergarten,Trường Mầm non Froebel
1278002274,20.9942358,105.7327906,kindergarten,Trường Mầm non Tân Thời Đại - Fun Academy
1278002276,21.0024669,105.7170488,school,Trường Tiểu học & Trung học cơ sở Vinschool Thăng Long
1278002279,21.0018505,105.7172444,clinic,Trạm Y tế xã An Khánh
1278002284,21.0024936,105.7198479,school,Trường Trung học cơ sở An Khánh
1278051289,21.0012921,105.8486525,kindergarten,Trường Mầm non Bách Khoa
1278051292,21.0117186,105.847497,kindergarten,Trường Mầm non Lê Đại Hành
1278051294,21.0047884,105.8526836,kindergarten,Trường Mầm non Hoa Hồng
1278051296,21.0035047,105.8700292,kindergarten,Trường Mầm non Ánh Sao
1278051298,21.0050726,105.8674838,kindergarten,Trường Mầm non Thanh Lương
1278051299,21.0019145,105.8623827,kindergarten,Trường Mầm non Lạc Trung
1278051302,20.9986879,105.8706741,kindergarten,Trường Mầm non Hoa Phượng
1278051305,20.9992975,105.8547084,kindergarten,Trường Mầm non Quỳnh Lôi
1278051310,20.995863,105.8461928,kindergarten,Trường Mầm non Tương Mai (thuộc phân hiệu 2)
1278051312,20.9961185,105.8558393,kindergarten,Trường Mầm non Minh Khai
1278051314,20.9983213,105.849131,kindergarten,Trường Mầm non Đồng Tâm
1278051315,21.0112338,105.8651017,kindergarten,Trường Mầm non Bạch Đằng
1278051316,21.0126858,105.8580644,kindergarten,Trường Mẫu giáo Đống Mác
1278051319,21.0162659,105.8543341,kindergarten,Trường Mầm non Ngô Thì Nhậm
1278637133,21.0369436,105.7008587,school,Trường Trung học cơ sở Nguyễn Văn Huyên
1280512697,21.0321533,105.815026,school,"Trường Tiểu học, Trung học cơ sở Vinschool Metropolis"
1282701991,21.0072065,105.8255595,library,Thuyloi's Library
1282834050,21.1107622,105.9683626,library,Thư viện Từ Sơn
1284548226,21.1260953,105.3481223,kindergarten,Trường Mầm non Ba Trại A
1284548231,21.1130892,105.3515467,kindergarten,Trường Mầm non Ba Trại B
1284548233,21.1076444,105.3670282,kindergarten,Trường Mầm non Ba Vì (khu Trung Tâm)
1284548234,21.082478,105.3341798,kindergarten,Trường Mầm non Ba Vì (khu Hợp Sơn)
1284548238,21.077158,105.3302002,school,Trường Tiểu học và Trung học cơ sở Hợp Nhất (khu Tiểu học)
1284548239,21.0693791,105.331873,kindergarten,Trường Mầm non Ba Vì (khu Hợp Nhất)
1284548243,21.1104171,105.3718948,school,
1284548248,21.1107184,105.3728388,school,
1285603993,20.9654192,105.7658581,school,Trường Trung học cơ sở Văn Khê
1285622209,21.0446739,105.6793222,school,Trường Trung học cơ sở Yên Sở
1285622213,21.0433042,105.6783163,school,Trường Tiểu học Yên Sở
1285629872,21.1530392,105.7562823,school,Trường Tiểu học Tiền Phong A
1285823796,21.1480497,105.5930978,school,Trường Trung học cơ sở Vân Phúc
1285823797,21.14779,105.5935145,school,Trường Tiểu học Vân Phúc
1285823800,20.9771446,105.6739917,school,Trường Trung học cơ sở Cộng Hoà
1285823801,20.976756,105.6735081,school,Trường Tiểu học Cộng Hoà
1285823815,20.9547429,105.6187295,school,Trường Trung học cơ sở Cấn Hữu
1285823816,20.9541938,105.6191418,school,Trường Tiểu học Cấn Hữu
1285823817,21.2494015,105.8505428,school,Trường Tiểu học Tiên Dược
1285823822,21.2757932,105.852912,school,Trường Tiểu học Phù Linh
1285823827,21.269928,105.8528309,school,Trường Trung học cơ sở Phù Linh
1285823832,21.2254007,105.758853,school,Trường Tiểu học Thanh Xuân
1285823833,21.2246781,105.7596866,school,Trường Trung học cơ sở Thanh Xuân
1285823851,21.198959,105.8397084,school,Trường Trung học cơ sở Nguyễn Du
1285823856,21.198929,105.8387834,school,Trường Tiểu học Phù Lỗ A
1285830586,21.2133125,105.8683203,school,Trường Tiểu học Đông Xuân
1285830592,21.21822,105.8622369,school,Trường Trung học cơ sở Đông Xuân
1285830605,20.8558489,105.7635638,school,Trường Trung học cơ sở Nguyễn Trực
1285830613,20.9042218,105.7511454,school,Trường Trung học cơ sở Cao Viên
1285831441,20.8055934,105.8870248,school,Trường Tiểu học Tô Hiệu
1285831442,20.8048738,105.8869146,school,Trường Trung học cơ sở Tô Hiệu
1285836784,20.8709135,105.8956052,school,Trường Trung học cơ sở Vân Tảo
1285836787,20.7461774,105.7702049,school,Trường Trung học cơ sở Liên Bạt
1285836795,20.7275576,105.796328,school,Trường Trung học cơ sở Phương Tú
1285853091,20.9380252,105.8554628,school,Trường Trung học cơ sở Chu Vân An
1285853093,20.9390707,105.8533979,school,Trường Tiểu học Ngô Sĩ Kiện
1285874284,20.9329464,105.8303022,kindergarten,Trường Mầm non xã Vĩnh Quỳnh
1285874287,20.9358038,105.8352031,kindergarten,Trường Mầm non Quỳnh Đô
1285874288,20.919055,105.8962034,school,Trường Tiểu học Vạn Phúc
1285874289,20.9234514,105.8957363,kindergarten,Trường Mầm non A xã Vạn Phúc (cơ sở 2)
1285874290,20.9199346,105.9015916,kindergarten,Trường Mầm non A xã Vạn Phúc
1285874293,20.9104933,105.8868122,kindergarten,Trường Mầm non B xã Vạn Phúc
1285874296,20.9093011,105.8857706,school,Trường Tiểu học Vạn Phúc (cơ sở 2)
1285874313,20.9224923,105.8451797,school,Trường Tiểu học Ngọc Hồi
1285874314,20.9226455,105.8458066,school,Trường Trung học cơ sở Ngọc Hồi
1285874323,20.9223753,105.8469338,kindergarten,Trường Mầm non A xã Ngọc Hồi
1285885819,20.9240843,105.8335274,kindergarten,Trường Mầm non B xã Ngọc Hồi
1285885822,20.9432577,105.809608,kindergarten,Trường Mầm non Tả Thanh Oai A
1285885823,20.9451603,105.8076803,kindergarten,Trường Mầm non Ngô Thì Nhậm
1285885827,20.9388661,105.8073184,school,Trường Tiểu học Ngô Thì Nhậm
1285885831,20.9346779,105.8044987,school,Trường Tiểu học Đỗ Ngọc Du
1285885836,20.9342333,105.8057788,school,Trường Trung học cơ sở Đỗ Ngọc Du
1285885838,20.9375213,105.8007726,kindergarten,Trường Mầm non xã Hữu Hoà (cơ sở thôn Phú Diễn)
1285885839,20.931757,105.8047389,kindergarten,Trường Mầm non Tả Thanh Oai B
1285885841,20.9224671,105.8073091,kindergarten,Trường Mầm non Tả Thanh Oai B (cơ sở 3)
1285885843,20.9279609,105.7933212,kindergarten,Trường Mầm non Tả Thanh Oai B (cơ sở 2)
1285885847,20.9335011,105.8017873,school,Trường Tiểu học Đỗ Ngọc Du
1286150997,21.0193725,105.7893475,kindergarten,Trường Mầm non Bình Minh
1286150998,21.0169862,105.7920991,school,Trường Tiểu học Nguyễn Viết Xuân
1287008825,21.0305202,105.7926195,kindergarten,Nhóm trẻ Nụ Cười Bé Thơ
1288212343,21.0985467,105.5787597,school,Trường Phổ thông Hồng Đức
1288212352,20.9786649,105.7935083,school,Trường Mầm non và Tiểu học Ban Mai
1288212356,20.9730075,105.7871709,kindergarten,Trường Mầm non Thần Đồng - Bright School
1288257795,20.9793961,105.8283929,kindergarten,Trường Mầm non Định Công (Cơ sở 3)
1288257798,20.9833118,105.8235768,kindergarten,Trường Mầm non Định Công (Cơ sở 2)
1288280929,21.0079324,105.7120476,kindergarten,Trường Mầm non An Khánh A
1288280935,21.0061681,105.7205167,school,Trường Tiểu học An Khánh A
1288280940,21.0056188,105.7255381,kindergarten,Trường Mầm non An Khánh C
1288280943,21.0072596,105.7197942,kindergarten,Trường Mầm non An Khánh A
1288280945,20.9923455,105.7230517,kindergarten,Trường Mầm non An Khánh B
1288280946,21.0027797,105.7179176,kindergarten,Trường Mầm non An Khánh C
1288280952,20.9877566,105.7192989,school,Trường Tiểu học An Khánh B
1289786125,21.2811956,105.7296235,clinic,Phòng khám đa khoa khu vực Xuân Hoà
1290266296,21.2243968,105.8326682,school,Trường Trung học cơ sở Mai Đình
1290815725,21.1036246,105.5418817,school,Trường Trung học cơ sở Thị trấn Phúc Thọ
1290815728,21.0196519,105.6554122,school,Trường Tiểu học Sài Sơn B
1290815737,21.0290352,105.6438556,school,Trường Trung học cơ sở Sài Sơn
1290815740,21.0286218,105.644222,kindergarten,Trường Mầm non Sài Sơn B
1290815741,21.0302252,105.6437885,school,
1290815747,21.0197066,105.6443508,kindergarten,Trường Mầm non Sài Sơn A
1290815751,21.0359737,105.6536808,kindergarten,Trường Mầm non Sài Sơn C
1290815753,20.9924139,105.6451323,school,Trung tâm Giáo dục nghề nghiệp-Giáo dục thường xuyên huyện Quốc Oai
1290815757,21.0576291,105.6805643,school,Trường Trung học cơ sở Dương Liễu
1290815762,20.6799318,105.739859,school,Trường Tiểu học và Trung học cơ sở Mỹ Đức
1290815766,20.7734892,105.7713844,school,Trường Trung học cơ sở Quảng Phú Cầu
1290815767,20.7438057,105.9185623,school,Trường Trung học cơ sở Trần Phú
1291637449,20.9935505,105.7043444,kindergarten,Trường Mầm non An Thượng A
1291637459,20.9910696,105.7060359,kindergarten,Trường Mầm non An Thượng B
1291637462,21.0483183,105.678911,kindergarten,Trường Mầm non Cát Quế A
1291637465,21.0507029,105.6555073,kindergarten,Trường Mầm non Cát Quế B
1291637470,21.0348781,105.6832992,kindergarten,Trường Mầm non Đắc Sở
1291637473,21.0454086,105.7219812,kindergarten,Trường Mầm non Di Trạch
1291637483,20.968087,105.7235683,kindergarten,Trường Mầm non Đông La A
1291637485,20.9625737,105.7252888,kindergarten,Trường Mầm non Đông La B
1291683314,21.056916,105.7028948,kindergarten,Trường Mầm non Đức Giang A
1291683318,21.0601742,105.7052221,kindergarten,Trường Mầm non Đức Giang A
1291683323,21.0623623,105.6984729,kindergarten,Trường Mầm non Đức Giang B
1291683358,20.9892865,105.7226088,school,Trung tâm Giáo dục nghề nghiệp-Giáo dục thường xuyên huyện Hoài Đức (cơ sở 2)
1291683360,21.0716649,105.6907618,kindergarten,Trường Mầm non Đức Thượng
1291683366,21.071456,105.6931202,school,Trường Trung học cơ sở Đức Thượng
1291683368,21.0550959,105.6777557,kindergarten,Trường Mầm non Dương Liễu
1291683371,21.0554791,105.676972,school,Trường Tiểu học Dương Liễu
1292765533,21.1149834,105.4852884,university,Học viện Ngân hàng - Cơ sở đào tạo Sơn Tây
1294635783,21.2735638,105.7421724,college,Trường Cao đẳng Công nghiệp và Thương mại (cơ sở 2)
1294898491,20.8887904,105.5776266,college,Trường Cao đẳng Cảnh sát nhân dân I
1294976834,21.0690138,105.7611469,university,Trường Đại học Mỏ - Địa chất (khu B)
1296054195,21.0739595,105.6935701,school,Trường Tiểu học Đức Thượng
1296054199,21.0709305,105.709252,school,Trường Tiểu học Vạn Xuân
1296054200,20.9720557,105.7351228,kindergarten,
1296054206,20.9817386,105.7315312,kindergarten,Trường Mầm non La Phù
1296054211,20.9826171,105.7306739,school,Trường Tiểu học La Phù
1296054215,20.9844986,105.7320692,school,Trường Trung học cơ sở La Phù
1296054218,21.0260735,105.7087922,kindergarten,Trường Mầm non Lại Yên
1296054223,21.0259705,105.7072371,school,Trường Trung học cơ sở Lại Yên
1296054224,21.0261879,105.7062725,school,Trường Tiểu học Lại Yên
1296056912,21.0656106,105.6758243,kindergarten,Trường Mầm non Minh Khai
1296056913,21.0657976,105.674952,school,Trường Tiểu học Minh Khai
1296056914,21.0664321,105.6755576,school,Trường Trung học cơ sở Minh Khai
1296056922,21.0413791,105.6969979,kindergarten,Trường Mầm non Sơn Đồng
1296567078,20.8418996,105.3452242,college,Trường Cao đẳng nghề Sông Đà
1296567079,20.8334748,105.349703,school,Trung tâm Giáo dục thường xuyên tỉnh Hoà Bình
1296567080,20.8326217,105.339003,school,Trung tâm Giáo dục thường xuyên tỉnh Hoà Bình
1296567093,20.7404906,105.4452743,school,Trường Trung học phổ thông 19-5
1296567105,20.7520538,105.5071028,school,Trường Trung học phổ thông Bắc Sơn
1296567112,20.7035245,105.3184476,school,Trường Trung học phổ thông Cao Phong
1296567135,20.6707795,105.6600403,school,Trường Trung học phổ thông Cù Chính Lan
1296568277,20.66342,105.5448478,school,Trường Trung học phổ thông Kim Bôi
1296661239,21.003173,105.7508189,college,Trường Trung cấp Kinh tế Kỹ thuật Thương mại Hà Nội
1296804724,20.9621783,105.7440708,hospital,Bệnh viện Nhi Hà Nội
1298270146,20.8962861,105.8487845,school,Trường Tiểu học Nhị Khê
1298270147,20.8961022,105.8494955,school,Trường Trung học cơ sở Nhị Khê
1302800839,21.0308961,105.8413082,clinic,Phòng khám 28B Điện Biên Phủ
1302810938,21.0404843,105.8394725,kindergarten,Trường Mầm non Hoa Đào
1303219022,21.0167362,105.8538991,kindergarten,Trường Mầm non Ngô Thì Nhậm
1303224796,21.0052429,105.8247868,kindergarten,Trường Mầm non Trung Tự (phân hiệu 2)
1303522938,21.0326093,105.8448391,library,Thư viện Quân đội
1304059480,21.0322388,105.8256174,clinic,
1304070604,21.0319946,105.8327122,clinic,
1305667335,21.0320092,105.8420951,kindergarten,Trường Mầm non 59
1306087175,21.0310011,105.8334441,kindergarten,Trường Mầm non Cát Linh (phân hiệu 2)
1307628403,21.0356011,105.6838518,school,Trường Tiểu học Đắc Sở
1307642368,21.0197268,105.9063772,kindergarten,Trường Mầm non Hạt Dẻ Cười
1308852110,21.1736011,105.9003052,clinic,Trạm Y Tế Xã Thụy Lâm
1311570136,21.0083322,105.9440109,clinic,Trạm Y tế xã Gia Lâm
1311989490,21.043442,105.8704898,school,Trường Tiểu học Ái Mộ A
1313027039,21.0087759,105.7370347,school,Trường Tiểu học Tây Mỗ 3
1313139535,20.9716065,105.7730029,hospital,Bệnh viện Mắt Hà Nội (Cơ sở Hà Đông)
1313139537,20.9710218,105.770103,kindergarten,Trường Mầm non Ngô Thì Nhậm
1313193040,21.0436647,105.6793187,kindergarten,Trường Mầm non Yên Sở
1313193048,21.0009809,105.6700596,kindergarten,Trường Mầm non Vân Côn A
1313463920,20.867047,105.8546004,school,Trường Trung học cơ sở Văn Phú
1314119672,21.0005769,105.8368269,kindergarten,Trường Mầm non Phương Mai (phân hiệu 2)
1314345594,21.0407724,105.8981907,kindergarten,Trường Mầm non Phúc Đồng (Phân hiệu)
1317395355,21.0217198,105.8283985,school,Trường Trung học cơ sở Cát Linh - Phân hiệu Tô Vĩnh Diện
1318588383,21.0322626,105.7670365,kindergarten,Trường Mầm non Lê Quý Đôn
1318588409,21.0315291,105.7629209,kindergarten,Trường Mầm non Hoa Anh Đào
1318588410,21.0337593,105.7627966,kindergarten,Trường Mầm non Từ Liêm 1
1318588424,21.0321691,105.760909,kindergarten,Trường Mầm non Hạt Giống Vàng
1318805350,21.0387401,105.7520043,hospital,Bệnh viện Đại học Phenikaa
1318933629,20.990462,105.831309,hospital,Bệnh viện Bưu điện
1321543806,20.9887265,105.8393028,hospital,Bệnh viện Than - Khoáng sản
1322067049,20.9878372,105.8332304,university,Học viện Khoa học Quân sự
1326230587,21.0534655,105.9202266,kindergarten,Trường Mầm non Phúc Lợi (Trường chính)
1326287172,21.198164,105.9574321,school,Trường Trung học cơ sở Yên Phong
1328090705,21.1850457,105.7205856,school,Trung tâm Giáo dục nghề nghiệp - Giáo dục thường xuyên huyện Mê Linh
1329802284,21.094283,105.9694159,hospital,Trạm Y tế phường Phù Chẩn
1329845842,21.006278,105.7537708,pharmacy,OmiPharma
1330092962,20.9221248,106.0179031,university,Trường Đại học Công đoàn (cơ sở 2)
1331638474,20.9943849,105.8692689,pharmacy,Guardian
1331876554,20.9941593,105.8690478,pharmacy,Omipharma
1333518936,21.02007,105.7888631,school,Trường Trung học cơ sở Yên Hòa - Phân hiệu
1337346579,21.1067171,105.9446619,school,Trường Trung học cơ sở Từ Sơn 2
1337346596,21.1200605,105.9529687,hospital,Trạm Y tế phường Trang Hạ
1337626363,21.1134849,105.9731736,school,Trường Tiểu học Từ Sơn 1
1337759918,21.1140789,105.9287852,hospital,Trạm Y tế phường Châu Khê
1339401910,20.9635258,105.9326261,hospital,Bệnh viện KUSUMI
1345355004,21.0555506,105.6432527,kindergarten,Trường Mầm non Hiệp Thuận (phân hiệu 2)
1346596939,20.8646269,105.8617014,school,Trung tâm Giáo dục nghề nghiệp - Giáo dục thường xuyên Thường Tín
1349705548,21.1354062,106.008017,hospital,Trạm Y tế xã Nội Duệ
1350379176,21.0379095,105.7873205,school,Trường Trung học cơ sở Nguyễn Bỉnh Khiêm - Rubik
1358115395,20.7644412,105.9538912,school,Trường Tiểu học Hồng Thái
1359848811,20.6920215,105.9534868,school,Trường Trung học cơ sở Bạch Hạ
1359848816,20.6927228,105.9534829,clinic,Trạm Y tế xã Bạch Hạ
1359848817,20.6928316,105.9529788,kindergarten,Trường Mầm non Bạch Hạ
1360095262,20.7035871,105.9419763,school,Trường Tiểu học Bạch Hạ
1361705993,21.1107934,106.0005871,school,Trường Tiểu học Hoàn Sơn
1361706000,21.1118783,105.998148,school,Trường Trung học cơ sở Hoàn Sơn
1362139398,20.9215244,105.8456629,school,Trường Trung học cơ sở Ngọc Hồi
1362853267,20.9988,105.8652287,school,Trường Tiểu học Võ Thị Sáu
1363278231,21.0277833,105.7328112,kindergarten,Trường Mầm non Vân Canh B
1363755568,21.0118863,105.8073062,college,Trường Cao đẳng Kỹ thuật - Nghiệp vụ Hà Nội
1363810234,21.1382375,105.7838905,school,Trường Trung học cơ sở Kim Chung
1363813965,20.7557532,105.9216805,school,Trường Tiểu học Nam Phong
1363813966,20.7555076,105.9211822,clinic,Trạm Y tế xã Nam Phong
1363813969,20.7580479,105.9246816,school,Trường Trung học cơ sở Nam Phong
1363813972,20.7736807,105.921835,school,
1364281179,21.1165613,105.9677811,school,Trường Mầm non Từ Sơn 2
1364282434,21.1383152,105.9495485,school,Trường Mầm non Đồng Quang
1364436380,20.9984795,105.8513578,clinic,Phòng khám Đa khoa Mai Hương
1364520785,21.1298285,105.9650468,school,Trường Tiểu học Đồng Nguyên
1364763394,21.0392002,105.7451049,kindergarten,Trường Mầm non Xuân Phương (điểm trường 1)
1367884287,20.7534835,105.973673,pharmacy,FPT Long Châu
1368995956,21.0480445,105.9039479,school,Trường Trung học Vinschool The Harmony
1370266208,21.0023669,105.9435612,hospital,area 09
1374315834,21.1196097,105.79912,school,Trường Tiểu học Vũ Công Tể
1374315835,21.1062509,105.8004349,school,Trường mầm non Hải Bối
1376687618,21.0189303,105.6245977,school,Trường Tiểu học Phùng Xá A
1376687637,21.0255763,105.7863938,school,Trường Trung học cơ sở Cầu Giấy A (phân hiệu 1)
1376687638,21.0259355,105.7861601,school,Trường Tiểu học Cầu Giấy A (phân hiệu)
1376687639,21.0802675,105.7740484,kindergarten,Trường Mầm non Đức Thắng
1376687641,21.0804846,105.7822385,kindergarten,Trường Mầm non Hoàng Tăng Bí
1378932322,20.9833576,105.8662465,hospital,Bệnh viện Nam học và Hiếm muộn Hà Nội
1384378027,21.0436253,105.9080438,kindergarten,Trường Mầm non Vinschool The Harmony
1384713638,20.9989905,105.7441598,kindergarten,Trường Mầm non Tây Mỗ A
1386134009,20.9467588,105.7914969,kindergarten,Trường Mầm non Hàng Đào
1386134010,20.9499513,105.7890373,kindergarten,Trường Mầm non Bình Minh
1386134011,20.9482768,105.7913403,kindergarten,Trường Mầm non Hoàng Công
1386134012,20.9668472,105.7769566,kindergarten,Trường Mầm non Hoa Hồng
1386515333,20.9873843,105.9336626,school,Trường Tiểu học Đại Hưng
1386515334,21.0804282,105.7059408,kindergarten,Trường Mầm non Tân Lập
1386623850,21.0933465,105.9433223,school,Trường Mầm non Ban Mai
1387129941,20.9724324,105.7989902,school,Trường Trung học cơ sở & Trung học phổ thông Lương Thế Vinh (Cơ sở Tân Triều)
1388569280,21.0019421,105.7358946,school,Trường Tiểu học Vinschool Smart City
1389446664,20.8709166,105.861139,school,Trường Tiểu học Nguyễn Du
1392160832,21.0103278,105.8633367,school,Trường Trung học cơ sở Lê Ngọc Hân (Cơ sở Lương Yên)
1392674185,20.9375751,106.002503,school,Trường Trung học cơ sở Nghĩa Trụ - Phân hiệu Vĩnh Khúc
1392935481,21.0400594,105.7493758,university,Học viện Kỹ thuật Quân sự - Cơ sở Xuân Phương
1393199627,21.1370469,105.949032,school,Trường Mầm non Đồng Kỵ 2
1393853720,20.9788721,105.7955139,school,Hệ thống Giáo dục Thực nghiệm Victory
1395273007,21.0110832,105.8602894,hospital,Bệnh viện Phụ sản Hà Nội (cơ sở 2)
1395275680,20.9721687,105.7765643,hospital,Bệnh viện Phụ sản Hà Nội (cơ sở 3)
1395904789,21.0329109,105.7416123,kindergarten,Trường Mầm non Xuân Phương (phân hiệu 1)
1396497098,20.9881434,105.8414188,hospital,Bệnh viện Mắt Hồng Sơn
1409954820,20.9960985,105.7304782,school,Trường Tiểu học An Khánh B (Khu B)
1410050039,20.9395346,106.0016497,school,Trường Tiểu học Tô Hiệu - Phân hiệu Vĩnh Khúc
1410359400,20.9910568,105.8653207,clinic,Điểm Trạm Y Tế Mai Động
1410359401,20.9918399,105.8652451,school,Trường Trung học cơ sở Mai Động
1410359407,21.049628,105.7420332,clinic,Trạm Y tế phường Tây Tựu
1410368931,20.9740823,105.7748838,school,Trường Tiểu học Yết Kiêu
1411925705,21.1084948,105.9528154,kindergarten,Trường Mầm non Từ Sơn 1
1412740870,20.9719369,105.8179775,school,Trường Dwight Hà Nội
1413269777,20.9956629,105.8049601,kindergarten,Trường Mầm non Nguyễn Tuân
1413271461,21.0117954,105.7757929,hospital,Trạm y tế Mễ Trì
1413848753,20.988572,106.0095147,school,Trường Tiểu học Lạc Đạo - Cơ sở 2
1414193006,21.0579632,105.8983118,clinic,Điểm Y tế Việt Hưng
1414193008,21.059959,105.8964778,clinic,Điểm Y tế Đức Giang
1414193009,21.0686796,105.9103408,clinic,Trạm Y tế phường Việt Hưng
1414193017,20.945727,105.8717142,clinic,Điểm Y tế Yên Mỹ
1414285182,20.9450391,105.932692,school,Trường Cao đẳng Cơ điện Hà Nội (Cơ sở 6)
1414292341,21.1971149,105.9561129,school,Trường Trung học cơ sở Chờ
1415191321,21.0250765,105.6188092,school,Trường Trung học cơ sở Hữu Bằng
1415191322,21.0255616,105.6191025,school,Trường Tiểu học Hữu Bằng
1415618753,21.3348803,105.3748921,hospital,Trung tâm Y tế khu vực Việt Trì
1415618772,21.3070025,105.4147726,hospital,Bệnh viện Xây dựng Việt Trì
1416268913,20.9786845,105.7677658,school,Trường Trung học cơ sở New School
1416268917,20.9776959,105.7682543,kindergarten,Trường Mầm non Hoa Mai
1416271043,21.1915873,105.984854,school,Trường Tiểu học Long Châu
1416778183,20.9899024,105.7435086,kindergarten,Trường Mầm non Sen Hồng
1418002927,20.9454482,105.9921457,school,
1418002943,20.949369,105.9959812,school,Trường Trung học cơ sở Nghĩa Trụ
1418941444,21.1468655,105.9707744,hospital,Trạm Y tế phường Tam Sơn
1419067661,21.3512552,105.9778131,school,Khu Nhà Xe
1419067662,21.3516609,105.9779326,school,Khu Nhà Xe
1419194448,21.1486925,105.9570905,college,
1419319642,20.9959016,105.7057242,school,Trường Tiểu học An Thượng A
1419319646,20.9950862,105.7058181,school,Trường Trung học cơ sở An Thượng
1419396171,21.1930562,105.9547768,kindergarten,Trường Mầm non Chờ số 2
1419680933,21.0552785,105.8960393,school,Trường Tiểu học Việt Hưng
1420982261,20.9830552,105.776374,kindergarten,Trường Mầm non ASG Tố Hữu
1421090081,21.351416,105.9781786,school,Trường Trung học cơ sở Đức Thắng - Hiệp Hoà
1421272977,21.3510898,105.9783874,school,Khu Nhà Xe
1421660426,20.7893634,105.3502616,school,Trường Tiểu học&Trung học cơ sở Võ Thị Sáu
1421773641,21.0256896,105.8353451,hospital,Bệnh viện Đa khoa Tràng An
1422082083,21.0456487,105.928746,clinic,Điểm y tế Phúc Lợi
1422108006,21.1689413,105.982851,kindergarten,Trường Mầm non Tiên Du 2
1422416760,21.1661304,105.6712035,school,Trường mầm non Thạch Đà B
1422599487,21.1448092,106.0193847,kindergarten,Trường Mầm non Tiên Du 1
1423063985,21.1081578,105.9461237,kindergarten,Trường Mầm non Từ Sơn 1
1423823582,21.1274214,105.9728589,hospital,Trạm Y tế phường Đồng Nguyên
1424014903,20.9512468,105.9909965,school,Trường Tiểu học Tô Hiệu
1424454860,21.2457431,105.7043317,school,Trường Trung học cơ sở Phúc Yên
1424454861,21.2455766,105.7022633,kindergarten,Trường Mầm non Trưng Nhị
1424454863,21.241001,105.703965,school,Trường Tiểu học Trưng Nhị
1424527847,20.9544907,105.7376105,clinic,Trạm Y tế phường Yên Nghĩa
1424958540,21.1225554,105.9788965,kindergarten,Trường Mầm non Đồng Nguyên
1424958566,21.1030033,105.9668828,kindergarten,Trường Mầm non Tân Hồng 1
1426043390,21.1299597,106.0134191,college,Trường Cao Đẳng Công Thương Quốc Tế - Cơ sở Bắc Ninh
1426348039,20.9788795,105.8450203,kindergarten,Trường Mầm non Vườn Xanh Nam Đô
1429021193,20.9576597,105.7432668,kindergarten,Trường Mầm non Lê Trọng Tấn
1429026426,21.0244464,106.0203425,kindergarten,Trường Mầm non Xuân Lâm
1429026430,21.0245635,106.0198526,hospital,Trạm Y tế phường Xuân Lâm
1429536692,20.9961717,105.9389695,school,Trường Trung học phổ thông Vinschool Ocean Park
1429885910,20.9379039,106.0019659,kindergarten,Trường Mầm non Tô Quyền - Phân hiệu Vĩnh Khúc
1430574366,21.2099547,106.0181631,school,Trường Tiểu học Thụy Hòa
1430574367,21.2117976,106.0181554,school,Trường Trung học cơ sở Thụy Hòa
1430601479,21.2185868,105.9860011,school,Trường Tiểu học Yên Trung số 1
1431100325,20.9650245,105.780629,school,Hệ thống giáo dục IQ School Hà Đông
1431183769,21.0522132,105.7295081,kindergarten,Trường Mầm non Phương Canh
1431216226,21.1249458,105.9232485,school,Trường Tiểu học Châu Khê 1
1432209787,20.9415997,105.9557863,school,Trường Trung học cơ sở Nghĩa Trụ - Phân hiệu Long Hưng
1432249297,20.94221,105.9553212,school,Trường Tiểu học Tô Hiệu - Phân hiệu Long Hưng
1433031604,21.2174848,105.9866924,kindergarten,Trường Mầm non Yên Trung
1433296679,20.9964613,105.4976535,university,Trường Đại học Công nghệ
1433515540,20.9532492,105.8477628,school,Trường Trung học phổ thông Đỗ Mười
1433526116,20.9541369,105.846078,kindergarten,Trường Mầm non Ánh Sao
1433951302,21.1866124,105.9544875,school,Trường Tiểu học Thị trấn Chờ số 2
1433954417,21.1922233,105.9484301,kindergarten,Trường Mầm non Chờ số 1
1433954427,21.1887038,105.9554223,kindergarten,Trường Mầm non Chờ số 2
1434819116,20.9448201,105.8503804,kindergarten,Trường Mầm non A Tứ Hiệp (điểm Cương Ngô 2)
1435261838,21.1843445,105.9632543,kindergarten,Trường Mầm non Trung Nghĩa
1435261843,21.185895,105.9600121,school,Trường Tiểu học Trung Nghĩa
1435261844,21.1864919,105.9603616,school,Trường Trung học cơ sở Trung Nghĩa
1435267015,21.1963485,105.9503073,school,Trường Trung học phổ thông Nguyễn Trãi
1435267022,21.197871,105.9532745,school,Trường Mầm non Liên Cơ
1435347635,21.197392,105.9491196,school,Trường Tiểu học Chờ số 1
1435347653,21.1969886,105.9539741,school,Trung tâm Giáo dục nghề nghiệp - Giáo dục thường xuyên Yên Phong
1436337183,21.0231947,105.8788116,kindergarten,Trường Mầm non Long Biên (Phân hiệu 2)
1436337184,21.0269552,105.8937928,kindergarten,Trường Mầm non Long Biên (Phân hiệu 1)
1436337186,21.0232081,105.9150336,clinic,Trạm Y tế phường Long Biên
1437064254,20.942641,105.9481028,hospital,
1437064257,20.9426426,105.9468619,university,
1437064262,20.942799,105.9464257,library,
1441646087,20.9885886,105.8456002,school,
1441947151,21.1273047,105.9663468,school,Trường Tiểu học Đồng Nguyên 1 (cũ)
1441947154,21.1269305,105.9659959,kindergarten,Trường Mầm non Đồng Nguyên
1444628972,20.9227094,105.963093,school,Trường Trung học Cơ Sở Tân Tiến
1444628973,20.9223394,105.9625573,school,Trường Tiểu học Tân Tiến
1444628974,20.9198138,105.9589912,kindergarten,Trường Mầm non Tân Tiến
1444628983,20.92745,105.9652896,kindergarten,Trường Màm non Hòa Bình Hạ
1444629300,21.0213834,105.9700349,clinic,
1444975577,21.1290213,105.5098882,college,Trường Trung cấp nghề Nấu ăn - Nghiệp vụ Du lịch và Thời trang Hà Nội (cơ sở 4)
1445436594,20.9908603,105.8454341,clinic,Trạm Y tế phường Tương Mai
1445774010,21.2197638,105.9843686,hospital,Trạm Y tế xã Yên Trung
1445905449,20.9884447,105.8487545,school,Trường Tiểu học Tân Định (Cơ Sở 2)
1446011421,21.2204022,105.9856478,school,Trường Trung học cơ sở Yên Trung
1446011430,21.2088181,106.0181709,hospital,Trạm Y tế xã Thụy Hòa
1446715461,21.1941366,105.9782912,school,
1446719129,21.1888838,105.9640805,school,Trường Mầm non Trung Nghĩa
1447145285,21.1448757,105.9926988,kindergarten,Trường Mầm non Tương Giang 2
1447156799,21.1361249,105.9855319,kindergarten,Trường Mầm non Tương Giang 1
1447156802,21.1341567,105.9936138,kindergarten,Trường Mầm non Tương Giang 1
1447641467,21.0312764,105.6034344,school,Trường Trung học cơ sở Thạch Xá
1447641468,21.0310961,105.6028535,school,Trường Tiểu học Thạch Xá
1447728092,21.1459916,105.9329814,kindergarten,Trường Mầm non Phù Khê
1448342482,20.93611,105.9601817,pharmacy,
1448555798,20.9320511,105.9520402,pharmacy,
1448561903,20.9302844,105.9598108,pharmacy,
1448609502,21.155116,105.9315888,kindergarten,Trường Mầm non Hương Mạc
1450092550,21.049322,105.8758454,school,Trường Tiểu học Ái Mộ A
1450280071,20.9493314,105.9658917,school,
1451287869,20.9429118,105.9476485,pharmacy,
1451587784,21.0032077,105.8489651,clinic,Điểm trạm Y tế Bách Khoa
1451587785,20.9987722,105.8512988,hospital,Bệnh viện Tâm thần ban ngày Mai Hương
1451653569,21.1622424,106.0069682,kindergarten,Trường Mầm non Tiên Du 2
1451653584,21.1569511,106.0098405,school,Trường Tiểu học Tiên Du 2
1452255775,20.9435278,105.9517165,pharmacy,
1452309122,20.9960052,105.8444278,school,Trường Tiểu học Công nghệ giáo dục Hà Nội - Alpha School
1452314213,20.9427753,105.9575232,dentist,
1452555948,20.944068,105.957019,doctors,
1452766641,20.9457606,105.9562784,kindergarten,
1453112332,21.2249769,105.9451599,school,Trường THCS Tam Giang
1453112333,21.224415,105.9451548,school,Trường Tiểu học Tam Giang
1453112334,21.2162421,105.9709016,school,Trường Tiểu học Đông Tiến
1453112335,21.2157936,105.9706652,school,Trường THCS Đông Tiến
1453112336,21.2107586,105.9933078,school,Trường Tiểu học Yên Trung số 2
1453112337,21.2090759,105.9951021,kindergarten,Trường Mầm non Yên Trung
1453265869,21.0479052,105.72273,hospital,Trạm y tế xã Hoài Đức - Điểm y tế Di Trạch
1453522519,21.0915074,105.8713456,school,Vinschool Global Gate
1454227440,20.9851596,105.8471414,clinic,Điểm trạm Y tế Tân Mai
1454693640,21.0053923,105.7772912,kindergarten,Trường Mầm non Từ Liêm 3
1454805392,21.3550032,105.351271,college,Trường Cao đẳng Nghề Phú Thọ
1454932173,21.129827,105.9533173,school,Trường Mầm non Đồng Quang
1454932177,21.1284197,105.9510329,school,Trường THPT Từ Sơn
1454932184,21.1279012,105.9503471,school,Trường Mầm non Thanh Hiền
1455377456,20.9541718,105.9907075,clinic,
1455377457,20.9541854,105.9909339,clinic,
1455377459,20.9542406,105.9909286,hospital,
1455482611,21.119372,105.9773436,school,Trường Mầm non Hoa Sen Montessori
1455610500,21.1481582,105.9602302,school,Trường Tiểu học Tam Sơn 2
1455610507,21.1496892,105.9604471,kindergarten,Trường Mầm non Tam Sơn số 2
1455979191,20.9889389,105.8423781,college,Trung tâm Kỹ năng thực hành cơ giới đường bộ - Trường CĐN GTVT TW1
1456180187,20.9388319,105.9911622,hospital,Bệnh Viện Vinmec
1456409063,20.9489452,105.9650378,school,
1456418650,20.9866131,105.8916615,kindergarten,Trưòng Mầm non Vĩnh Hưng (phân hiệu 1)
1456418651,20.9930126,105.8824592,school,Trường Tiểu học và Trung học cơ sở Thanh Đàm (phân hiệu)
1456418652,20.9930297,105.8816611,kindergarten,Trường Mầm non Họa Mi
1456418653,20.9708322,105.8768619,school,Trường Tiểu học Hoàng Mai
1456418657,20.9579729,105.8318694,kindergarten,Trường Mầm non Hoạ Mi
1456418658,20.9615584,105.8224129,school,Trường Tiểu học Bùi Quốc Khái
1456418659,20.9702853,105.8761712,school,Trường Trung học cơ sở Hoàng Mai
1456502320,21.3180006,105.3745629,school,Trường THCS Hạc Trì - Phân Hiệu Minh Nông
1456607406,20.9205674,105.8983482,school,Trường Trung học cơ sở Vạn Phúc
1456643274,21.1655657,105.7096533,kindergarten,
1456676944,20.9945024,105.8466285,kindergarten,Trường Mầm non Tương Mai (phân hiệu 2)
1456705494,21.1600924,105.9603765,kindergarten,Trường Mầm non Tam Sơn số 2
1456705507,21.1220766,105.9692108,kindergarten,Trường Mầm non Từ Sơn 2
1456814208,21.0389593,105.7936087,hospital,Bệnh viện Mắt Quốc tế Việt - Nga Hà Nội
1457394365,20.9327151,106.003056,school,
1457809959,21.0877965,105.7964499,school,Trường Tiểu học Đoàn Thị Điểm
1458203135,21.1295195,105.8566934,school,Trường Trung học cơ sở Đào Duy Tùng
1458203150,20.9840679,105.8261798,school,Trường Tiểu học Định Công
1458203151,20.9847216,105.8267185,kindergarten,Trường Mầm non Sao Mai
1458441025,21.3388297,105.3831019,university,Trường Đại học Hùng Vương
1458657760,21.0641963,105.7905128,hospital,Bệnh viện Đa khoa quốc tế Mặt Trời
1459844800,21.028335,105.8221463,school,Trường Trung học cơ sở Giảng Võ 2
1460029167,20.8180503,105.9836235,school,
1460029176,20.8286588,105.9827596,school,Trường Mầm Non thị trấn Khoái Châu
1460069849,21.1799329,105.8407381,school,Trường Trung học cơ sở Nguyên Khê
1460069851,21.1759618,105.8320792,school,Trường Trung học phổ thông Phúc Thịnh
1460070972,21.1303307,105.8824541,school,Trường Trung học cơ sở An Dương Vương
1460257892,20.8705525,105.8622046,library,
1460380486,21.3286396,105.3807117,school,Trường Trung học cơ sở Nông Trang
1460405193,20.8671309,105.8527559,school,Trường Tiểu học Văn Phú
1460746034,20.9936134,105.8419478,clinic,Điểm trạm Y tế Đồng Tâm
1460775629,20.983322,105.8690364,school,Trường Trung học phổ thông Mai Hắc Đế
1460778513,21.0341552,105.7605973,school,Trường Tiểu học Vinschool Gardenia
1460778515,21.0383318,105.7624067,kindergarten,Trường Mầm non Vinschool Gardenia
1461641127,21.3289184,105.3736501,school,Trường THCS Nông Trang - Phân Hiệu Minh Phương
1461839855,20.8720858,105.8585237,clinic,
1461996989,20.8701896,105.8616552,kindergarten,
1462051734,20.9896799,105.8546741,kindergarten,Trường Mầm non Tư thục Thanh Mai
1462194497,20.9546493,105.8495338,school,Trường Tiểu học Pháp Vân
1462308415,21.1647169,105.8491509,kindergarten,Trường Mầm non Lâm Tiên
1462308417,21.0600797,105.7775968,school,Trường Trung học cơ sở Đông Ngạc A (phân hiệu)
1462487282,20.9457203,105.7245411,kindergarten,Trường Mầm non Hòa Bình
1462487285,20.9455386,105.7241595,school,Trường Tiểu học Yên Nghĩa (Phân khu B)
1462854542,21.1100662,105.996648,school,Trường Tiểu học Hoàn Sơn
1462854543,21.1103068,105.9958449,kindergarten,Trường Mầm non Hoàn Sơn
1462854553,21.1090993,105.9951628,hospital,Trạm Y tế xã Hoàn Sơn
1462920000,21.0933898,105.8521612,hospital,Trạm y tế xã Xuân Canh
1463043028,21.0438356,105.7616984,college,Trường Cao đẳng Y Dược Tuệ Tĩnh Hà Nội
1463373054,20.9929641,105.8614444,school,Trường Trung học phổ thông Văn Hiến
1463382493,20.9864553,105.8439655,clinic,Điểm trạm Y tế Giáp Bát
1464127544,21.0640968,105.8073796,school,Trường Tiểu học và Trung học cơ sở Tây Hồ (Cơ sở 2)
1465242682,21.0493211,105.6112634,school,Trường Trung học cơ sở Minh Hà (Canh Nậu)
1465242683,21.051985,105.611455,school,Trường Tiểu học Minh Hà A - Canh Nậu
1465242684,21.0527576,105.6111104,school,Trường Tiểu học Minh Hà B - Canh Nậu
1465502918,20.9523368,105.9776949,pharmacy,
1466038022,20.8799493,105.8647188,school,
1466038029,20.88065,105.8647299,school,Trường Trung học cơ sở Văn Bình
1466038037,20.879973,105.8634383,school,
1466370423,20.9071256,105.8305274,clinic,Trạm y tế xã Ngọc Hồi
1466377776,20.9474906,106.0042382,pharmacy,
1466552766,21.1115072,105.8441361,clinic,Trạm Y Tế Xã Tàm Xá
1467720587,20.9401779,105.9570972,hospital,
1467996349,20.9273779,105.780249,school,Trường Tiểu học & Trung học cơ sở Victoria Thăng Long
1468450589,20.9532666,105.9804994,school,
1468500882,21.0082178,105.8193783,hospital,Bệnh viện Châm cứu Trung ương
1469705089,20.9035236,105.7522188,school,
1469705092,20.898089,105.7712753,school,
1469705095,20.9657072,105.7419977,school,Trường Tiểu học Lê Quý Đôn
1469705098,20.9126166,105.7578491,kindergarten,
1470040454,21.1102562,105.8506454,kindergarten,
1470176025,20.7239749,105.9233947,school,Trường Trung học cơ sở Phúc Tiến
1470176026,20.7005555,105.9549927,school,Trường Tiểu học Tri Thủy
1470176028,20.7234241,105.9587464,school,
1470176029,20.7232835,105.9227874,school,Trường Tiểu học Phúc Tiến
1470176030,20.7078981,105.9482148,school,Trường Trung học cơ sở Tri Thủy
1470176031,20.687101,105.9827831,kindergarten,
1472671246,20.9945446,105.8444088,kindergarten,Trường mầm non Ánh Sao Mai
1472906921,21.1436138,105.8313592,school,Trường Tiểu học Tiên Dương
1474096621,21.0416605,105.9142749,hospital,Bệnh viện Đa khoa Quốc tế Vinmec Riverside
1474780523,21.0765976,105.7651992,kindergarten,Trường Mầm non Tân Phong
1474895359,21.0946342,105.8570299,clinic,Bệnh viện Tâm Anh
1475181239,21.1938523,106.0181039,school,Trường Trung học cơ sở Đông Phong
1475181251,21.1913643,106.0141909,hospital,Trạm Y tế xã Đông Phong
1475181253,21.1987987,106.0201072,school,Trường Tiểu học Đông Phong
1475182475,21.2202836,106.0176847,school,Trường Mầm non Thụy Hòa
1475290262,20.9817483,105.8297405,school,Trường Tiểu học Định Công (Cơ sở 3)
1475290264,20.9824854,105.8285806,clinic,Điểm Y tế Định Công
1475313025,20.9852778,105.8387058,university,Khoa Công nghệ Thông tin - Đại học Mở Hà Nội
1475313028,20.986482,105.8393376,kindergarten,Trường Mầm non Song ngữ STEAMeQ
1475443016,20.9867755,105.839933,hospital,Bệnh viện chuyên khoa Nam học và Hiếm muộn Việt - Bỉ
1476202997,21.165114,106.0010063,school,Trường Trung học cơ sở Tiên Du 2
1476203006,21.1668247,106.0014067,hospital,Trạm Y tế xã Phú Lâm
1476203014,21.1696123,105.9946187,school,Trường Tiểu học Tiên Du 2
1476211981,21.1745476,105.9253109,school,Trường Trung học cơ sở Văn Môn
1476211982,21.1750665,105.9262093,school,Trường Tiểu học Văn Môn
1476857698,21.3216408,105.3745481,school,Trường Tiểu Học Hạc Trì - Phân Hiệu Minh Nông
1477395606,21.2084389,105.9183619,school,Trường Trung học cơ sở Hòa Tiến
1477395613,21.2079992,105.9186393,hospital,Trạm Y tế xã Hòa Tiến
1477395627,21.1866136,105.9612882,hospital,Trạm Y tế xã Trung Nghĩa
1477395638,21.1904392,105.9208312,kindergarten,Trường Mầm non Yên Phụ
1477395655,21.1920074,105.9268847,kindergarten,Trường Mầm non Yên Phụ
1477395665,21.2000429,105.9242181,school,Trường Trung học cơ sở Yên Phụ
1477399106,21.1969738,105.9279953,school,Trường Tiểu học Yên Phụ
1477399107,21.2014351,105.9257631,hospital,Trạm Y tế xã Yên Phụ
1477399112,21.1964488,105.9177506,kindergarten,Trường Mầm non Hòa Tiến
1477812252,21.1767458,105.9690984,kindergarten,Trường Mầm non Trung Nghĩa
1477812258,21.1690224,105.9506126,hospital,Trạm Y tế xã Đông Thọ
1477812260,21.1676834,105.9502387,school,Trường Tiểu học Đông Thọ
1477812272,21.1663796,105.9548282,kindergarten,Trường Mầm non Đông Thọ
1477812284,21.1694266,105.9486407,school,Trường THCS Đông Thọ
1478851261,20.9658222,105.8689332,clinic,Điểm Y tế Yên Sở
1478869794,20.9839264,105.8617803,clinic,Phòng khám Đa khoa Lĩnh Nam
1478877771,21.1434361,105.9348659,kindergarten,Trường Mầm non Phù Khê
1478877778,21.1417455,105.9338074,kindergarten,Trường Mầm non Hoa Trạng Nguyên
1478877789,21.1519678,105.9297731,hospital,Trạm Y tế phường Hương Mạc
1479282642,20.9747227,105.8267316,school,Trường Tiểu học Nguyễn Văn Siêu
1479632528,21.1174859,105.9643629,hospital,Trạm Y tế phường Đông Ngàn
1479765266,21.1123364,105.9536442,hospital,Trung tâm Y tế phường Đình Bảng
1479765275,21.1210235,105.9523973,school,Trường Mầm non Đồng Quang
1480749966,20.9223912,105.9640283,clinic,Trạm Y Tế Tân Tiến
1481009975,21.2475661,105.9167316,kindergarten,
1481009977,21.2470543,105.9149796,school,Trường Trung học cơ sở Việt Long
1481077748,21.1702766,106.0005757,kindergarten,Trường Mầm non Phú Lâm 3
1481173121,20.994303,105.8394153,kindergarten,Trường Mầm non Phương Liệt
1481173148,20.9956844,105.8401268,clinic,Điểm Trạm Y tế Phương Liệt
1481173191,20.9961882,105.8400394,kindergarten,Trương Mầm non Phương Liệt
1481770883,20.9669702,105.7219037,school,Trường Tiểu học Đông La
1482440128,20.970522,105.8312839,kindergarten,Trường Mầm Non Đại Từ
1482908198,20.9778528,105.8230764,college,Trường Trung cấp Y dược Lê Hữu Trắc
1482914838,21.1676351,105.9300181,hospital,Trạm Y tế xã Văn Môn
1484092495,20.9785044,105.8486238,kindergarten,Trường Mầm non Hoàng Mai (điểm 4)
1484463094,20.9554746,105.8221644,school,Trung tâm Giáo dục nghề nghiệp Thành An
1484793115,20.9772628,105.8488077,kindergarten,Trường Mầm non Thịnh Liệt
1486542414,21.0012268,105.9665969,clinic,Phòng khám đa khoa Quân y 76B
1489079966,21.0807664,106.0058661,school,Trường Trung học cơ sở Tri Phương
1489079967,21.0814589,106.0058464,school,Trường Tiểu học Tri Phương
1489086995,21.2409954,105.9952773,kindergarten,Trường Mầm non Dũng Liệt - Phân khu Lạc Trrung
1489093280,21.1717896,105.9411842,kindergarten,Trường Mầm non Đông Thọ
1489381790,20.9564995,106.0051908,pharmacy,Nhà Thuốc Long Châu
1490598796,20.966507,105.7451631,kindergarten,Trường Mầm non Lê Quý Đôn
1491165442,20.9969545,105.8521899,kindergarten,Trường Mầm non Kinder Green
1491569285,21.1417529,106.0178877,school,Trung tâm Giáo dục nghề nghiệp - Giáo dục thường xuyên Tiên Du
1492235997,20.9750164,105.8494,kindergarten,Trường Mầm non Hoàng Mai (điểm 5)
1492262283,20.9314088,105.7918336,school,Trường Xanh Tuệ Đức Hà Nội
1492262286,20.9234952,105.7852568,school,Trường Tiểu học & Trung học cơ sở Newton 5
1492262287,20.9267364,105.7851495,kindergarten,Trường Mầm non Newton
1492262288,20.9290138,105.7851618,kindergarten,Trường Mầm non Những Đứa Trẻ Tuyệt Vời (Wonder Kids)
1493877589,21.0531048,105.8702582,kindergarten,Trường Mầm non Ngọc Thuỵ
1493877595,21.0570608,105.8678093,clinic,Điểm y tế Ngọc Thụy
1497350190,21.0491667,105.6793723,school,Trường Trung học cơ sở Cát Quế A
1497350192,21.0505961,105.679211,school,Trường Tiểu học Cát Quế A
1497686726,20.9850293,105.7677732,university,Học viện Công nghệ Bưu chính Viễn thông - Cơ sở đào tạo Ngọc Trục
1497690611,21.198485,105.9250159,kindergarten,Trường Mầm non Yên Phụ
1500259391,21.0329721,105.7762025,kindergarten,Trường Mầm non Việt Anh Bright Preschool
1503681273,20.9963692,105.8649135,hospital,Bệnh viện Dệt May
1504279088,21.0331473,105.848871,school,Trường Trung học cơ sở Nguyễn Du
1505743248,20.8468003,105.8490369,hospital,
1505743272,20.8424376,105.844503,school,Trường THCS Tân Minh
1505743274,20.841205,105.8446259,school,Trường Tiểu học Tân Minh
1508853246,20.8451517,105.8482523,school,
1508984300,21.0392338,105.8501429,school,Trường Trung học cơ sở Lê Lợi
1509408602,20.9669351,105.9563806,hospital,
1509408609,20.9671152,105.9560503,dentist,
1510217607,20.9978396,105.82051,school,Trường trung cấp nghề số 10
1510534495,21.025906,105.8283267,clinic,Phòng khám Đa khoa Kỹ thuật cao Bệnh viện Hà Thành
1510837884,21.010586,105.8299008,kindergarten,Trường Mầm non Kim Liên (phân hiệu 2)
1511179724,21.0364534,105.9084199,kindergarten,Trường Mầm non Hoa Sữa (Trường chính)
1511179725,21.037061,105.9087503,school,Trường Tiểu học & Trung học cơ sở Victoria Thăng Long 3
1512039676,20.8678188,105.8545877,clinic,
1512086664,20.9803466,105.9587562,hospital,
1512086665,20.980498,105.958547,clinic,
1512086667,20.9815225,105.9589807,kindergarten,
1512800030,20.9935593,105.7740672,kindergarten,Trường Mầm non Trung Văn
1512814820,20.9828898,105.8439724,kindergarten,Trường mầm non Vườn Hồng
1513318926,20.9768215,105.9737878,school,
1513549280,20.9836889,105.9383919,kindergarten,Trường Mầm non Sao Khuê
1513891910,21.0000519,105.8039382,kindergarten,Trường Mầm non Xanh
1514343046,20.8880156,105.9864237,school,
1514343047,20.8887615,105.9865242,school,
1514343048,20.8871161,105.9852619,school,
1515056543,21.1356242,105.976793,school,Trường Mầm non Đồng Nguyên
1515828983,21.2697059,105.6592088,kindergarten,
1515828988,21.2673204,105.6609434,school,
1516962396,20.9629923,105.7859621,school,Trường Tiểu học Marie Curie 2
1521151736,20.9992611,105.8046132,hospital,Bệnh viện Phục hồi chức năng Hà Nội
1524793428,21.1217574,106.001906,kindergarten,Trường Mầm non Hoàn Sơn 1
1524880576,20.9820206,105.8823727,clinic,Phòng khám đa khoa Vĩnh Hưng (Bệnh viện Đại học Y Hà Nội) - Trạm Y tế phường Vĩnh Hưng
1527583721,21.0262777,105.9875928,clinic,Trạm y tế xã Thuận An
1531020077,21.0020306,105.8297405,pharmacy,Nhà thuốc số 3
1531020078,21.0025343,105.8299656,pharmacy,Nhà thuốc số 5
1531020079,21.0036383,105.8303638,pharmacy,Nhà thuốc số 2
1533203884,20.9726648,105.8832703,school,Trung tâm Giáo dục nghề nghiệp - Giáo dục thường xuyên Hoàng Mai
1537049528,21.3465699,105.9868403,college,Trường Cao đẳng nghề số 1 - Cơ sở Hiệp Hòa
1537605416,20.9741867,105.8115432,kindergarten,Trường Mầm non Dwight School Hà Nội
1539776071,21.0229655,106.0190077,school,Trường Tiểu học Xuân Lâm
1539776072,21.0225548,106.0185998,school,Trường THCS Xuân Lâm
1539776122,21.0026173,106.015624,hospital,Trạm Y tế phường Song Liễu
1539776124,21.0028223,106.0167947,school,Trường THCS Song Liễu
1539776125,21.0029713,106.0162538,school,Trường Tiểu học Song Liễu
1540178636,20.8985934,105.8002288,kindergarten,Trường Mầm non Mỹ Hưng
1540178647,20.9018933,105.7991244,school,Trường Trung học cơ sở Mỹ Hưng
1540178648,20.9007978,105.7992495,school,Trường Tiểu học Mỹ Hưng
1540197525,21.2515425,106.0021325,school,Trường THCS Dũng Liệt
1540197529,21.2469008,105.9954781,school,Trường Tiểu học Dũng Liệt
1540197540,21.1933464,106.0194944,school,Trường Tiểu học Đông Phong số 2
1540197553,21.1919824,105.9867612,hospital,Trạm Y tế xã Long Châu
1540390029,21.2136127,105.9195376,school,Trường Tiểu học Hòa Tiến
1540390032,21.2126771,105.9248769,kindergarten,Trường Mầm non Hòa Tiến
1540390062,21.224403,105.9473162,kindergarten,Trường Mầm non Tam Giang
1540390064,21.2238651,105.9435314,hospital,Trạm Y tế xã Tam Giang
1540935896,21.0920628,105.9715508,kindergarten,Trường Mầm non Từ Sơn 3
1540964032,20.9915228,105.8374538,kindergarten,Trường mầm non X20
1543293728,21.0828932,105.80561,school,Trường liên cấp Newton Westlake
1544076709,21.2114629,105.7510075,university,Học viện Dân tộc
1544983591,21.2179248,105.5104441,kindergarten,Trưởng mầm non Thị trấn Vĩnh Tường
1544983592,21.2179372,105.5104511,kindergarten,
1545013346,21.2226823,105.5102981,school,Trưởng tiểu học Xã Vĩnh Tường
1545018230,21.2231054,105.5094361,kindergarten,Trường Mầm non Liên Cơ
1547176156,21.1140123,106.0121275,kindergarten,Trường Mầm non Liên Bão
1547591308,21.1676904,105.9332769,kindergarten,Trường Mầm non Văn Môn
1547595462,21.1721759,105.9940686,kindergarten,Trường Mầm non Tiên Du 2
1547596857,21.1723771,106.0052655,kindergarten,Trường Mầm non Phú Lâm 3
1547927886,20.9550188,105.8483806,kindergarten,Trường Mầm non Hoa Ban
1548074274,20.9933113,105.8613758,school,Trường Trung học phổ thông Đông Kinh
1548343732,21.0483497,105.7292878,school,Trường Tiểu học Phenikaa
1548343738,21.0483309,105.7306686,school,Trường Trung học cơ sở & Trung học phổ thông Phenikaa
1548735053,21.2309994,105.8426376,school,
1548735055,21.2329229,105.8396654,kindergarten,
1548735056,21.2319153,105.8385883,school,
1548790953,21.0163553,105.8181915,kindergarten,Trường Mầm non Ô Chợ Dừa
1548790954,21.025609,105.827125,kindergarten,Trường Mầm non Ô Chợ Dừa (phân hiệu 1)
1548790955,21.0237293,105.8296742,kindergarten,Trường Mầm non Cát Linh (phân hiệu 1)
1549007501,21.0008299,105.8245054,kindergarten,Trường Mầm non Mùa Xuân
1549322214,21.057183,105.6387022,school,Trường Tiểu học Liên Hiệp
1549322225,21.0562251,105.6363854,school,Trường Trung học cơ sở Tam Hiệp (phân hiệu 2)
1549322227,21.0735544,105.632936,school,Trường Tiểu học Liên Hiệp
1549322234,21.0733805,105.6317116,school,Trường Trung học cơ sở Tam Hiệp (phân hiệu 1)
1549322237,21.0695035,105.6325324,kindergarten,Trường Mầm non Hiệp Thuận
1549536839,21.0859061,105.8071898,kindergarten,Trưòng Mầm non Phú Thượng
1549536840,21.086316,105.8079489,school,Trung tâm Giáo dục nghề nghiệp - Giáo dục thường xuyên Tây Hồ
1549536846,21.0506036,105.7946176,kindergarten,Trưòng Mầm non Everest
1550064120,21.1189476,105.9808323,college,Trưng Trung cấp Tuệ Tĩnh - Trung tâm Nghiên cứu và Thực hành sản xuất Dược
1551235099,21.02185,105.8990528,kindergarten,Trường Mầm non Long Biên (Điểm trường)
1551235100,21.0180638,105.9177621,kindergarten,Trường Mầm non Thạch Bàn (Trường chính)
1551325903,20.988456,105.7853112,kindergarten,Trường Mầm non Sasuke Hà Đông
1551903913,21.2555866,106.011856,kindergarten,Trường Mầm non Dũng LIệt
1552174118,21.0792518,105.7862076,hospital,Bệnh viện Lão khoa Hà Nội (cơ sở 2)
1552908960,21.0511867,105.7792876,kindergarten,Trường Mầm non Sasuke Bắc Từ Liêm
1553595935,20.5955135,105.5683372,school,Trường mần non Xóm Chạo
1554927904,21.1272746,105.9578777,school,Edison Schools Hanaka
1556531180,21.109992,105.8614878,kindergarten,
1556596618,21.0711395,105.7737177,university,"Học viện Chiến lược, bồi dưỡng cán bộ xây dựng"
1556732985,21.1266061,105.7466104,school,Trường Tiểu học Bùi Quang Mại
1557512957,21.0111243,105.8237057,college,Cơ sở tại chức
1558123775,21.0101745,105.7777212,kindergarten,Trường Mầm non Từ Liêm 3 (điểm trường 1)
1558123779,21.0219579,105.7752363,kindergarten,Trường Mầm non Từ Liêm 2 (phân hiệu 1)
1558123782,21.033972,105.7469157,kindergarten,Trường Mầm non Xuân Phương (điểm trường 2)
1558123787,21.0328958,105.7478146,kindergarten,Trường Mầm non Nam Từ Liêm
1558128300,20.9407015,105.9568276,kindergarten,Trường Mầm non Tô Quyền - Phân hiệu Long Hưng
1558128301,20.9564087,105.9924582,kindergarten,Trường Mầm non Tô Quyền
1558229317,21.3122631,105.3570619,school,Trường Tiểu Học Nông Trang
1558317984,21.1742808,105.4878825,school,Trường Mầm non Vĩnh Thịnh 1
1558317989,21.1744361,105.4868849,school,Trường Tiểu học Vĩnh Thịnh 1
1558815376,21.3268867,105.3673712,school,Trường Tiểu Học Nông Trang - Phân Hiệu Minh Phương
1558815379,21.3223642,105.3876251,school,Trường THCS Hạc Trì - Phân Hiệu Gia Cẩm
1558815385,21.3220538,105.3872157,school,Trường Tiểu Học Hạc Trì - Phân Hiệu Gia Cẩm
1559340762,21.3405628,105.4058578,school,Trường Tiểu Học Việt Trì - Phân Hiệu Dữu Lâu
1559340767,21.3399858,105.40603,school,Trường THCS Việt Trì - Phân Hiệu Dữu Lâu
1560204410,21.0236063,105.9014755,school,Trường Trung học cơ sở Phan Bội Châu
1560427349,21.0570404,105.8982075,school,Trung tâm Giáo dục nghề nghiệp - Giáo dục thường xuyên Long Biên
1560427369,21.0615403,105.8972551,hospital,Bệnh viện Phụ sản Hà Nội - Cơ sở Đức Giang
1560427370,21.0618478,105.8970116,school,Trường Phổ thông cơ sở Hy Vọng
1562546983,20.7675286,105.8092403,school,Trường Tiểu học Phượng Dực 2
1562547030,20.7340972,105.7750046,school,Trường Tiểu học Vân Đình 2
1562547039,20.7365524,105.7665906,school,Trường Trung học cơ sở Nguyễn Thượng Hiền
1563358009,20.955685,105.7952057,kindergarten,
1563358011,20.9629098,105.7903547,kindergarten,Trường Mầm non Hà Nội - Thăng Long
1563358013,20.9614008,105.7896328,school,
9790506,21.024625,105.8501905,hospital,Bệnh viện Hữu nghị Việt Nam - Cuba
10067553,20.9986848,105.7873191,school,Trường Vinschool Greenbay
12725929,21.2437681,105.8509359,school,Trung tâm Giáo dục nghề nghiệp - Giáo dục thường xuyên huyện Sóc Sơn
14363503,21.2800593,105.7272995,university,Trường Đại học Sư phạm Hà Nội 2
14467900,21.2835526,105.7232364,library,
14526835,21.1577762,105.4109219,school,Trường Tiểu học Thuỵ An
14995334,21.0402093,105.7836893,library,Trung tâm Thông tin - Thư viện Sư phạm
16092230,21.0043689,105.8455332,university,Đại học Bách khoa Hà Nội
16092231,20.9994833,105.8449781,university,Đại học Kinh tế Quốc dân
16613071,21.280712,105.465675,college,Trường Cao đẳng Nghề số 2
16676567,20.9931951,105.9390762,school,Brighton College Vietnam
16802130,20.8711493,105.8438433,hospital,Bệnh viện Tâm thần Trung ương 1
16802530,21.002324,105.8322323,university,Trường Đại học Y Hà Nội
16842443,21.0332206,105.7778031,hospital,Bệnh viện 19-8
16862747,21.0392591,105.7753201,university,Trường Đại học Sân khấu - Điện ảnh Hà Nội
17161287,21.0397121,105.7822364,university,Trường Đại học Ngoại ngữ
17177480,21.0161461,105.8482711,hospital,Bệnh viện Y học cổ truyền Trung ương
17178908,21.0390005,105.7841768,university,Trường Đại học Sư phạm Hà Nội
17536868,20.9995732,105.8509352,kindergarten,Trường Mầm non Tuổi Hoa
17649538,21.0424177,105.8093058,school,Trường Trung học cơ sở Ngọc Hà (phân hiệu 1)
17666269,21.0096251,105.8265717,university,Trường Đại học Công đoàn
17666773,21.0239896,105.8228074,university,Trường Đại học Văn hóa Hà Nội
17666829,20.9954594,105.8070351,university,Trường Đại học Khoa học Xã hội và Nhân văn
17749064,20.9832799,105.7947793,university,Trường Đại học Sư phạm Nghệ thuật Trung ương
18314367,21.0098658,105.7950215,kindergarten,Trường Mầm non Yên Hòa - Phân hiệu I
19207810,20.9830814,105.8660914,hospital,Bệnh viện Nam học và Hiếm muộn Hà Nội
20182814,20.9908393,105.838385,university,Học viện Quản lý Giáo dục
20613898,20.8644591,105.8645837,university,Trường Đại học Thủ đô Hà Nội (cơ sở 4)
21395414,21.026886,105.8506278,school,Trường Tiểu học Trần Quốc Toản
21395417,21.0279425,105.8503167,school,Trường Tiểu học Tràng An
21425135,21.0307559,105.8364519,kindergarten,Trường Mầm non A
21430512,21.0034767,105.7578928,school,Trường Tiểu học Đại Mỗ 3
21438420,21.0346916,105.7794573,hospital,Bệnh viện Đa khoa Y học cổ truyền Hà Nội
21438986,21.0302485,105.7671247,school,Trường Trung học cơ sở & Trung học phổ thông M.V. Lômônôxốp
21438987,21.0310209,105.7673946,school,Trường Tiểu học Đoàn Thị Điểm
21451819,21.036572,105.7750123,university,Trường Đại học Thương mại
21452528,21.0381543,105.7743004,college,"Trường Cán bộ quản lý Văn hóa, Thể thao và Du lịch"
21460819,21.0417158,105.7674303,school,Trường Liên cấp Newton cơ sở 2
